{
"type": "FeatureCollection",
"name": "bayarea_pumas_clean",
"crs": { "type": "name", "properties": { "name": "urn:ogc:def:crs:OGC:1.3:CRS84" } },
"features": [
{ "type": "Feature", "properties": { "STATEFP20": "06", "PUMACE20": "01305", "AFFGEOID20": "795P200US0601305", "GEOID20": "0601305", "NAMELSAD20": "Contra Costa County (South)--San Ramon City & Danville Town PUMA", "STUSPS20": "CA", "ST_NAME20": "California", "LSAD20": "P0", "ALAND20": 398782080, "AWATER20": 7046244, "puma_geoid": "0601305", "display": "San Ramon City & Danville (Contra Costa Co., South)", "place": "San Ramon City & Danville Town", "NAME": "Contra Costa County (South)--San Ramon City & Danville Town PUMA; California", "total_housing_units": 51376, "occupied_units": 50184, "vacant_units": 1192, "vacancy_rate": 0.023201494861413801, "median_gross_rent": 3020, "median_gross_rent_display": "$3,020", "median_home_value": 1503900, "median_home_value_display": "$1,503,900", "home_value_topcoded": false, "county": "Contra Costa", "subregion": "South", "city": "Bay Area" }, "geometry": { "type": "Polygon", "coordinates": [ [ [ -122.074745, 37.830091 ], [ -122.070776, 37.828766 ], [ -122.06702, 37.828516 ], [ -122.063214, 37.825795 ], [ -122.063186, 37.825503 ], [ -122.061468, 37.823464 ], [ -122.059225, 37.822571 ], [ -122.054644, 37.821059 ], [ -122.05065, 37.818003 ], [ -122.049578, 37.81659 ], [ -122.046911, 37.815256 ], [ -122.041676, 37.810133 ], [ -122.038924, 37.80868 ], [ -122.038079, 37.808893 ], [ -122.036822, 37.810507 ], [ -122.037084, 37.812569 ], [ -122.034012, 37.816015 ], [ -122.03386, 37.817087 ], [ -122.031247, 37.818924 ], [ -122.033224, 37.820813 ], [ -122.031317, 37.820693 ], [ -122.030382, 37.821998 ], [ -122.029303, 37.821281 ], [ -122.026331, 37.821378 ], [ -122.026035, 37.820855 ], [ -122.025556, 37.821656 ], [ -122.023827, 37.82154 ], [ -122.023878, 37.822843 ], [ -122.022465, 37.822625 ], [ -122.017553, 37.825241 ], [ -122.019726, 37.825425 ], [ -122.021472, 37.827326 ], [ -122.021557, 37.828032 ], [ -122.020353, 37.83119 ], [ -122.015694, 37.835657 ], [ -122.019018, 37.839119 ], [ -122.017612, 37.84014 ], [ -122.016271, 37.839393 ], [ -122.008976, 37.835005 ], [ -122.000763, 37.829746 ], [ -121.997361, 37.831774 ], [ -121.99211, 37.832761 ], [ -121.990627, 37.832454 ], [ -121.987279, 37.83041 ], [ -121.984387, 37.831023 ], [ -121.981735, 37.832775 ], [ -121.978825, 37.834843 ], [ -121.978299, 37.835072 ], [ -121.970797, 37.835861 ], [ -121.968431, 37.835625 ], [ -121.967251, 37.835309 ], [ -121.9671, 37.835227 ], [ -121.9659, 37.833926 ], [ -121.962194, 37.833074 ], [ -121.960481, 37.833502 ], [ -121.959075, 37.833215 ], [ -121.956885, 37.832063 ], [ -121.954999, 37.831923 ], [ -121.95285, 37.831917 ], [ -121.95192, 37.831928 ], [ -121.951975, 37.83246 ], [ -121.951617, 37.835169 ], [ -121.94797, 37.838902 ], [ -121.947562, 37.840228 ], [ -121.949178, 37.840865 ], [ -121.950215, 37.843921 ], [ -121.949831, 37.844115 ], [ -121.948148, 37.842284 ], [ -121.947399, 37.842377 ], [ -121.946133, 37.843306 ], [ -121.943931, 37.841977 ], [ -121.941649, 37.843409 ], [ -121.940342, 37.84319 ], [ -121.9407, 37.841922 ], [ -121.938162, 37.841173 ], [ -121.937215, 37.842695 ], [ -121.937264, 37.844271 ], [ -121.936026, 37.843621 ], [ -121.933759, 37.844023 ], [ -121.932422, 37.841562 ], [ -121.93134, 37.842188 ], [ -121.929192, 37.841844 ], [ -121.927076, 37.842783 ], [ -121.925221, 37.841146 ], [ -121.922674, 37.840881 ], [ -121.922342, 37.842585 ], [ -121.921069, 37.843025 ], [ -121.909171, 37.840316 ], [ -121.895966, 37.83823 ], [ -121.893526, 37.845682 ], [ -121.893393, 37.846089 ], [ -121.911001, 37.846086 ], [ -121.910887, 37.857475 ], [ -121.905564, 37.856935 ], [ -121.90213, 37.857355 ], [ -121.90155, 37.858438 ], [ -121.896454, 37.859933 ], [ -121.893753, 37.858949 ], [ -121.891342, 37.859674 ], [ -121.889664, 37.86107 ], [ -121.887718, 37.861064 ], [ -121.884331, 37.862654 ], [ -121.882944, 37.864706 ], [ -121.879105, 37.866554 ], [ -121.878532, 37.867438 ], [ -121.87463, 37.868653 ], [ -121.873993, 37.871893 ], [ -121.874251, 37.873507 ], [ -121.869917, 37.875162 ], [ -121.869384, 37.877707 ], [ -121.867781, 37.87958 ], [ -121.866544, 37.883522 ], [ -121.867364, 37.887674 ], [ -121.873258, 37.891742 ], [ -121.873324, 37.893503 ], [ -121.87234, 37.896993 ], [ -121.873596, 37.900103 ], [ -121.87416, 37.906039 ], [ -121.871165, 37.903235 ], [ -121.865065, 37.900275 ], [ -121.86117, 37.89949 ], [ -121.858481, 37.8961 ], [ -121.856523, 37.89405 ], [ -121.852864, 37.893291 ], [ -121.848488, 37.891493 ], [ -121.847316, 37.890597 ], [ -121.846929, 37.889254 ], [ -121.842559, 37.88563 ], [ -121.840368, 37.886331 ], [ -121.836745, 37.885167 ], [ -121.833982, 37.885275 ], [ -121.831527, 37.884757 ], [ -121.829627, 37.885633 ], [ -121.826942, 37.885324 ], [ -121.82512, 37.886668 ], [ -121.822818, 37.886261 ], [ -121.821595, 37.884791 ], [ -121.819004, 37.884727 ], [ -121.817885, 37.887535 ], [ -121.81574, 37.887771 ], [ -121.813774, 37.887096 ], [ -121.81019, 37.888819 ], [ -121.808212, 37.890507 ], [ -121.805152, 37.890681 ], [ -121.802664, 37.891633 ], [ -121.800019, 37.89115 ], [ -121.799008, 37.8926 ], [ -121.796049, 37.894608 ], [ -121.795252, 37.89435 ], [ -121.791519, 37.891438 ], [ -121.790447, 37.891026 ], [ -121.784542, 37.886427 ], [ -121.777333, 37.882018 ], [ -121.77605, 37.881135 ], [ -121.772489, 37.879661 ], [ -121.767421, 37.87794 ], [ -121.763544, 37.875288 ], [ -121.760354, 37.874453 ], [ -121.757012, 37.871944 ], [ -121.75477, 37.870961 ], [ -121.747147, 37.869488 ], [ -121.74599, 37.869482 ], [ -121.741973, 37.870808 ], [ -121.738011, 37.870865 ], [ -121.73509, 37.870389 ], [ -121.732491, 37.870764 ], [ -121.727298, 37.872991 ], [ -121.719958, 37.875825 ], [ -121.717195, 37.876024 ], [ -121.71041, 37.877178 ], [ -121.703052, 37.87643 ], [ -121.698409, 37.874689 ], [ -121.696809, 37.87934 ], [ -121.69655, 37.880411 ], [ -121.696533, 37.88213 ], [ -121.696526, 37.883189 ], [ -121.696502, 37.886014 ], [ -121.696485, 37.887462 ], [ -121.694344, 37.887161 ], [ -121.688647, 37.882978 ], [ -121.687823, 37.882068 ], [ -121.678999, 37.872325 ], [ -121.677923, 37.871325 ], [ -121.671312, 37.867644 ], [ -121.667666, 37.865194 ], [ -121.663786, 37.862498 ], [ -121.654989, 37.857732 ], [ -121.652181, 37.855728 ], [ -121.647121, 37.850385 ], [ -121.646652, 37.848713 ], [ -121.646729, 37.84473 ], [ -121.64683, 37.840087 ], [ -121.648094, 37.837551 ], [ -121.653459, 37.834527 ], [ -121.654361, 37.832962 ], [ -121.655344, 37.828115 ], [ -121.654979, 37.821802 ], [ -121.65588, 37.819339 ], [ -121.657295, 37.818259 ], [ -121.66004, 37.817133 ], [ -121.661712, 37.815467 ], [ -121.663303, 37.812452 ], [ -121.666985, 37.810271 ], [ -121.668204, 37.808949 ], [ -121.672738, 37.80605 ], [ -121.675282, 37.803093 ], [ -121.67588, 37.799464 ], [ -121.678474, 37.79756 ], [ -121.685252, 37.796351 ], [ -121.688845, 37.793146 ], [ -121.693355, 37.792278 ], [ -121.694223, 37.791561 ], [ -121.694756, 37.790539 ], [ -121.696903, 37.783276 ], [ -121.697322, 37.782438 ], [ -121.699286, 37.78196 ], [ -121.73928, 37.772122 ], [ -121.751383, 37.769089 ], [ -121.780564, 37.761827 ], [ -121.812589, 37.754225 ], [ -121.832211, 37.749449 ], [ -121.835612, 37.748617 ], [ -121.841532, 37.747176 ], [ -121.850727, 37.744942 ], [ -121.86002, 37.742688 ], [ -121.870733, 37.740086 ], [ -121.873542, 37.739317 ], [ -121.881567, 37.737328 ], [ -121.910138, 37.73046 ], [ -121.910459, 37.730393 ], [ -121.911147, 37.730318 ], [ -121.917374, 37.728897 ], [ -121.922362, 37.727684 ], [ -121.925823, 37.726848 ], [ -121.928642, 37.726171 ], [ -121.929372, 37.726078 ], [ -121.937003, 37.724247 ], [ -121.940195, 37.723484 ], [ -121.942383, 37.722946 ], [ -121.943695, 37.722722 ], [ -121.945022, 37.722354 ], [ -121.945823, 37.721984 ], [ -121.948755, 37.721277 ], [ -121.955109, 37.719718 ], [ -121.96004, 37.718531 ], [ -121.962452, 37.7207 ], [ -121.968462, 37.72659 ], [ -121.971263, 37.729556 ], [ -121.971938, 37.730324 ], [ -121.980104, 37.731105 ], [ -121.988097, 37.733149 ], [ -121.99192, 37.73605 ], [ -121.995426, 37.738351 ], [ -121.999498, 37.73843 ], [ -122.001071, 37.739028 ], [ -122.011771, 37.747428 ], [ -122.011291, 37.754172 ], [ -122.010771, 37.755127 ], [ -121.997411, 37.76336 ], [ -121.999202, 37.765184 ], [ -122.004081, 37.770147 ], [ -122.005025, 37.771147 ], [ -122.014072, 37.780227 ], [ -122.017772, 37.781227 ], [ -122.021972, 37.784227 ], [ -122.030472, 37.787727 ], [ -122.043271, 37.796629 ], [ -122.045473, 37.798126 ], [ -122.050108, 37.798435 ], [ -122.061681, 37.79922 ], [ -122.061706, 37.79949 ], [ -122.062781, 37.799853 ], [ -122.064581, 37.802597 ], [ -122.066744, 37.804609 ], [ -122.067619, 37.806309 ], [ -122.069881, 37.806447 ], [ -122.069069, 37.80804 ], [ -122.073594, 37.811465 ], [ -122.074131, 37.813395 ], [ -122.07112, 37.814513 ], [ -122.069669, 37.814172 ], [ -122.068744, 37.816472 ], [ -122.069769, 37.817409 ], [ -122.069944, 37.819484 ], [ -122.066888, 37.818582 ], [ -122.070361, 37.821525 ], [ -122.070715, 37.82742 ], [ -122.071297, 37.828629 ], [ -122.074745, 37.830091 ] ] ] } },
{ "type": "Feature", "properties": { "STATEFP20": "06", "PUMACE20": "00119", "AFFGEOID20": "795P200US0600119", "GEOID20": "0600119", "NAMELSAD20": "Alameda County (Central)--Pleasanton & Dublin (West) Cities PUMA", "STUSPS20": "CA", "ST_NAME20": "California", "LSAD20": "P0", "ALAND20": 389550763, "AWATER20": 6474030, "puma_geoid": "0600119", "display": "Pleasanton & Dublin (West) (Alameda Co., Central)", "place": "Pleasanton & Dublin (West) Cities", "NAME": "Alameda County (Central)--Pleasanton & Dublin (West) Cities PUMA; California", "total_housing_units": 45071, "occupied_units": 43272, "vacant_units": 1799, "vacancy_rate": 0.039914801091611003, "median_gross_rent": 3078, "median_gross_rent_display": "$3,078", "median_home_value": 1293100, "median_home_value_display": "$1,293,100", "home_value_topcoded": false, "county": "Alameda", "subregion": "Central", "city": "Bay Area" }, "geometry": { "type": "Polygon", "coordinates": [ [ [ -122.020968, 37.697594 ], [ -122.020384, 37.699987 ], [ -122.0212, 37.701492 ], [ -122.016488, 37.702942 ], [ -122.001277, 37.703728 ], [ -121.975286, 37.726284 ], [ -121.97293, 37.728168 ], [ -121.971263, 37.729556 ], [ -121.968462, 37.72659 ], [ -121.962452, 37.7207 ], [ -121.96004, 37.718531 ], [ -121.955109, 37.719718 ], [ -121.948755, 37.721277 ], [ -121.945823, 37.721984 ], [ -121.945022, 37.722354 ], [ -121.943695, 37.722722 ], [ -121.942383, 37.722946 ], [ -121.940195, 37.723484 ], [ -121.937003, 37.724247 ], [ -121.929372, 37.726078 ], [ -121.928642, 37.726171 ], [ -121.925823, 37.726848 ], [ -121.922362, 37.727684 ], [ -121.917374, 37.728897 ], [ -121.911147, 37.730318 ], [ -121.910459, 37.730393 ], [ -121.910138, 37.73046 ], [ -121.881567, 37.737328 ], [ -121.881767, 37.736428 ], [ -121.874364, 37.731425 ], [ -121.872934, 37.729426 ], [ -121.873543, 37.729082 ], [ -121.87206, 37.724188 ], [ -121.871534, 37.723206 ], [ -121.87201, 37.71665 ], [ -121.872018, 37.712622 ], [ -121.87201, 37.709806 ], [ -121.872187, 37.70257 ], [ -121.872208, 37.701578 ], [ -121.86664, 37.701521 ], [ -121.865179, 37.701506 ], [ -121.855044, 37.70141 ], [ -121.849501, 37.701354 ], [ -121.848357, 37.699727 ], [ -121.848263, 37.694419 ], [ -121.848239, 37.69396 ], [ -121.848278, 37.693953 ], [ -121.848734, 37.693867 ], [ -121.848591, 37.693865 ], [ -121.848481, 37.693832 ], [ -121.848419, 37.693682 ], [ -121.848379, 37.692695 ], [ -121.848189, 37.692112 ], [ -121.847076, 37.691486 ], [ -121.843163, 37.691081 ], [ -121.83788, 37.68603 ], [ -121.837654, 37.685806 ], [ -121.832514, 37.680518 ], [ -121.82683, 37.67632 ], [ -121.826775, 37.674345 ], [ -121.826737, 37.673841 ], [ -121.823729, 37.674154 ], [ -121.805481, 37.67616 ], [ -121.80549, 37.665549 ], [ -121.805475, 37.66428 ], [ -121.805607, 37.65668 ], [ -121.805612, 37.655952 ], [ -121.805689, 37.653118 ], [ -121.805666, 37.652199 ], [ -121.805673, 37.650967 ], [ -121.80454, 37.647594 ], [ -121.79986, 37.642431 ], [ -121.799048, 37.640324 ], [ -121.799568, 37.636717 ], [ -121.801514, 37.635452 ], [ -121.801749, 37.635044 ], [ -121.801936, 37.634352 ], [ -121.802072, 37.63398 ], [ -121.80218, 37.632764 ], [ -121.802276, 37.629466 ], [ -121.803108, 37.628644 ], [ -121.80174, 37.628102 ], [ -121.799985, 37.626599 ], [ -121.79825, 37.625997 ], [ -121.794307, 37.626256 ], [ -121.787891, 37.627251 ], [ -121.785864, 37.626031 ], [ -121.785064, 37.623131 ], [ -121.782694, 37.620559 ], [ -121.77993, 37.616857 ], [ -121.779836, 37.614384 ], [ -121.777818, 37.610499 ], [ -121.772366, 37.606994 ], [ -121.764838, 37.60432 ], [ -121.759112, 37.603356 ], [ -121.757446, 37.602516 ], [ -121.751233, 37.601213 ], [ -121.756085, 37.600762 ], [ -121.756469, 37.600306 ], [ -121.75264, 37.59868 ], [ -121.750523, 37.595978 ], [ -121.748493, 37.594527 ], [ -121.750028, 37.591091 ], [ -121.746619, 37.59038 ], [ -121.742324, 37.587474 ], [ -121.742322, 37.586589 ], [ -121.739435, 37.587084 ], [ -121.737955, 37.585942 ], [ -121.736994, 37.584751 ], [ -121.732294, 37.58448 ], [ -121.730833, 37.581394 ], [ -121.728271, 37.580496 ], [ -121.727182, 37.578652 ], [ -121.725572, 37.577477 ], [ -121.72197, 37.577587 ], [ -121.721059, 37.576863 ], [ -121.720772, 37.574548 ], [ -121.719423, 37.573312 ], [ -121.719873, 37.571934 ], [ -121.719956, 37.569271 ], [ -121.716705, 37.567225 ], [ -121.715478, 37.566766 ], [ -121.713687, 37.564578 ], [ -121.711482, 37.564843 ], [ -121.70752, 37.559671 ], [ -121.703124, 37.558209 ], [ -121.700797, 37.556191 ], [ -121.700668, 37.552958 ], [ -121.698067, 37.552345 ], [ -121.697719, 37.551432 ], [ -121.695747, 37.550177 ], [ -121.694474, 37.54779 ], [ -121.693701, 37.546553 ], [ -121.693157, 37.544071 ], [ -121.691734, 37.541011 ], [ -121.689571, 37.538665 ], [ -121.686943, 37.533942 ], [ -121.685282, 37.532346 ], [ -121.684763, 37.53022 ], [ -121.6827, 37.528938 ], [ -121.681221, 37.526614 ], [ -121.683613, 37.526564 ], [ -121.68437, 37.52708 ], [ -121.686897, 37.526348 ], [ -121.687652, 37.52505 ], [ -121.692133, 37.526232 ], [ -121.693544, 37.527863 ], [ -121.696399, 37.529894 ], [ -121.699519, 37.528418 ], [ -121.700329, 37.527298 ], [ -121.702282, 37.526769 ], [ -121.701447, 37.524953 ], [ -121.70115, 37.522179 ], [ -121.702073, 37.52019 ], [ -121.702509, 37.51735 ], [ -121.702435, 37.515055 ], [ -121.700706, 37.514123 ], [ -121.700467, 37.513107 ], [ -121.698247, 37.511986 ], [ -121.695171, 37.509347 ], [ -121.692309, 37.508161 ], [ -121.690969, 37.508955 ], [ -121.689194, 37.508028 ], [ -121.686871, 37.507705 ], [ -121.686784, 37.506909 ], [ -121.68863, 37.504098 ], [ -121.689976, 37.503591 ], [ -121.691162, 37.502123 ], [ -121.689355, 37.500255 ], [ -121.688173, 37.497072 ], [ -121.688683, 37.496062 ], [ -121.687633, 37.492729 ], [ -121.68394, 37.491853 ], [ -121.682774, 37.49048 ], [ -121.680865, 37.489771 ], [ -121.67921, 37.490023 ], [ -121.676714, 37.48966 ], [ -121.672405, 37.487347 ], [ -121.671606, 37.486402 ], [ -121.671262, 37.483842 ], [ -121.670399, 37.48274 ], [ -121.736814, 37.483884 ], [ -121.837876, 37.484373 ], [ -121.855762, 37.484537 ], [ -121.863422, 37.484617 ], [ -121.865267, 37.484637 ], [ -121.869934, 37.48168 ], [ -121.870115, 37.480729 ], [ -121.87213, 37.48332 ], [ -121.874493, 37.489083 ], [ -121.873277, 37.491089 ], [ -121.873752, 37.492374 ], [ -121.876609, 37.500362 ], [ -121.878284, 37.503719 ], [ -121.88029, 37.507621 ], [ -121.880783, 37.507893 ], [ -121.881131, 37.513358 ], [ -121.880048, 37.52136 ], [ -121.879379, 37.5264 ], [ -121.879065, 37.528855 ], [ -121.878148, 37.530239 ], [ -121.880468, 37.533316 ], [ -121.88312, 37.536138 ], [ -121.887328, 37.538977 ], [ -121.887457, 37.54304 ], [ -121.888299, 37.545174 ], [ -121.890668, 37.547936 ], [ -121.893614, 37.550203 ], [ -121.899323, 37.546589 ], [ -121.904813, 37.550106 ], [ -121.907336, 37.549275 ], [ -121.908322, 37.551755 ], [ -121.909575, 37.555009 ], [ -121.915067, 37.55625 ], [ -121.914499, 37.560769 ], [ -121.918835, 37.560973 ], [ -121.918495, 37.55983 ], [ -121.920679, 37.559287 ], [ -121.922128, 37.558406 ], [ -121.922167, 37.55816 ], [ -121.923726, 37.557726 ], [ -121.923714, 37.559685 ], [ -121.923782, 37.560399 ], [ -121.919408, 37.560429 ], [ -121.920501, 37.564365 ], [ -121.920156, 37.565946 ], [ -121.923149, 37.568222 ], [ -121.925707, 37.568086 ], [ -121.92583, 37.56943 ], [ -121.927619, 37.571479 ], [ -121.931739, 37.572744 ], [ -121.932369, 37.573576 ], [ -121.932979, 37.574203 ], [ -121.932403, 37.575041 ], [ -121.933251, 37.575865 ], [ -121.93331, 37.577127 ], [ -121.931325, 37.57629 ], [ -121.929942, 37.578509 ], [ -121.92604, 37.579789 ], [ -121.92713, 37.581245 ], [ -121.925614, 37.582349 ], [ -121.928374, 37.584376 ], [ -121.928118, 37.585947 ], [ -121.930267, 37.586225 ], [ -121.932767, 37.591732 ], [ -121.931831, 37.592548 ], [ -121.930473, 37.595381 ], [ -121.925688, 37.598904 ], [ -121.924305, 37.599006 ], [ -121.920895, 37.597968 ], [ -121.916702, 37.594615 ], [ -121.912438, 37.593664 ], [ -121.905703, 37.595608 ], [ -121.903107, 37.59554 ], [ -121.896168, 37.594001 ], [ -121.895921, 37.594998 ], [ -121.898139, 37.595567 ], [ -121.895837, 37.597189 ], [ -121.897587, 37.598466 ], [ -121.899057, 37.598361 ], [ -121.90261, 37.600724 ], [ -121.902286, 37.601394 ], [ -121.904273, 37.602141 ], [ -121.904605, 37.604032 ], [ -121.905685, 37.605339 ], [ -121.907912, 37.606359 ], [ -121.908898, 37.608029 ], [ -121.911712, 37.609405 ], [ -121.913491, 37.612882 ], [ -121.917846, 37.615642 ], [ -121.920555, 37.617018 ], [ -121.921207, 37.618449 ], [ -121.923412, 37.619207 ], [ -121.923823, 37.619653 ], [ -121.923461, 37.621392 ], [ -121.925692, 37.623782 ], [ -121.926262, 37.626709 ], [ -121.927621, 37.628664 ], [ -121.929236, 37.629112 ], [ -121.930989, 37.630538 ], [ -121.931614, 37.632273 ], [ -121.934143, 37.634903 ], [ -121.935293, 37.63815 ], [ -121.936463, 37.639304 ], [ -121.938694, 37.640228 ], [ -121.93934, 37.642452 ], [ -121.941739, 37.643201 ], [ -121.941442, 37.643976 ], [ -121.942667, 37.645675 ], [ -121.945035, 37.647334 ], [ -121.9458, 37.648929 ], [ -121.948386, 37.650864 ], [ -121.948331, 37.651185 ], [ -121.948596, 37.651644 ], [ -121.948653, 37.651895 ], [ -121.949532, 37.652484 ], [ -121.949819, 37.652989 ], [ -121.951418, 37.653936 ], [ -121.953273, 37.653213 ], [ -121.956671, 37.65623 ], [ -121.959461, 37.657821 ], [ -121.96042, 37.658959 ], [ -121.95983, 37.659922 ], [ -121.963697, 37.663159 ], [ -121.964362, 37.663339 ], [ -121.964769, 37.66334 ], [ -121.965223, 37.663691 ], [ -121.966238, 37.663923 ], [ -121.967014, 37.663792 ], [ -121.967851, 37.663903 ], [ -121.967901, 37.664156 ], [ -121.967684, 37.664745 ], [ -121.96727, 37.665174 ], [ -121.967197, 37.665704 ], [ -121.966841, 37.667324 ], [ -121.963979, 37.669662 ], [ -121.963829, 37.669904 ], [ -121.963825, 37.670175 ], [ -121.963975, 37.670884 ], [ -121.963828, 37.671101 ], [ -121.963504, 37.671204 ], [ -121.963351, 37.671349 ], [ -121.963545, 37.671754 ], [ -121.964067, 37.671479 ], [ -121.965402, 37.671683 ], [ -121.967597, 37.671429 ], [ -121.970566, 37.67264 ], [ -121.971468, 37.673412 ], [ -121.973332, 37.674138 ], [ -121.974831, 37.674045 ], [ -121.975508, 37.67484 ], [ -121.976811, 37.675482 ], [ -121.976803, 37.676147 ], [ -121.979823, 37.680226 ], [ -121.983491, 37.689006 ], [ -121.984937, 37.688472 ], [ -121.986149, 37.687744 ], [ -121.987834, 37.687778 ], [ -121.99136, 37.688906 ], [ -121.992702, 37.689898 ], [ -121.996292, 37.690228 ], [ -121.999591, 37.691013 ], [ -122.000913, 37.693091 ], [ -122.002391, 37.693953 ], [ -122.003555, 37.696137 ], [ -122.006025, 37.695493 ], [ -122.008228, 37.695674 ], [ -122.01226, 37.69454 ], [ -122.014432, 37.694906 ], [ -122.018904, 37.694776 ], [ -122.022511, 37.696014 ], [ -122.020968, 37.697594 ] ] ] } },
{ "type": "Feature", "properties": { "STATEFP20": "06", "PUMACE20": "04103", "AFFGEOID20": "795P200US0604103", "GEOID20": "0604103", "NAMELSAD20": "Marin County (North & West)--Novato & San Rafael (North) Cities PUMA", "STUSPS20": "CA", "ST_NAME20": "California", "LSAD20": "P0", "ALAND20": 1209647644, "AWATER20": 764740556, "puma_geoid": "0604103", "display": "Novato & San Rafael (North) (Marin Co., North & West)", "place": "Novato & San Rafael (North) Cities", "NAME": "Marin County (North & West)--Novato & San Rafael (North) Cities PUMA; California", "total_housing_units": 44442, "occupied_units": 40644, "vacant_units": 3798, "vacancy_rate": 0.085459700283515599, "median_gross_rent": 2530, "median_gross_rent_display": "$2,530", "median_home_value": 1106500, "median_home_value_display": "$1,106,500", "home_value_topcoded": false, "county": "Marin", "subregion": "North & West", "city": "Bay Area" }, "geometry": { "type": "Polygon", "coordinates": [ [ [ -123.024066, 37.994878 ], [ -123.020562, 37.999544 ], [ -123.019638044174997, 37.999670526786403 ], [ -123.015202, 38.000278 ], [ -123.011533, 38.003438 ], [ -123.009245034257006, 38.008025183972102 ], [ -123.005235763132006, 38.0160634442937 ], [ -122.99242, 38.041758 ], [ -122.989213641796994, 38.048998668848597 ], [ -122.968086717614995, 38.096707955248498 ], [ -122.960889, 38.112962 ], [ -122.952086, 38.138562 ], [ -122.949074, 38.15406 ], [ -122.949626, 38.164041 ], [ -122.951663689089003, 38.167293695726102 ], [ -122.953537, 38.170284 ], [ -122.953547981447997, 38.170926892174499 ], [ -122.953625006318006, 38.175436195936499 ], [ -122.953629, 38.17567 ], [ -122.955842, 38.178014 ], [ -122.96086, 38.179409 ], [ -122.967349, 38.182764 ], [ -122.966938605853002, 38.183683528153303 ], [ -122.965408, 38.187113 ], [ -122.965740620296003, 38.191055 ], [ -122.96637, 38.198514 ], [ -122.968112, 38.202428 ], [ -122.980733, 38.21534 ], [ -122.980425, 38.220984 ], [ -122.981831, 38.223102 ], [ -122.985511, 38.224876 ], [ -122.991953, 38.233185 ], [ -122.993719872995996, 38.235798799883902 ], [ -122.995631, 38.238626 ], [ -122.995369071349998, 38.2392170077974 ], [ -122.995003, 38.240043 ], [ -122.993760234777, 38.240040150928003 ], [ -122.992822, 38.240038 ], [ -122.988222304397993, 38.238010988012597 ], [ -122.978993, 38.229291 ], [ -122.972776, 38.229645 ], [ -122.972643881831004, 38.231289449552797 ], [ -122.972554187274994, 38.232405860517403 ], [ -122.972494, 38.233155 ], [ -122.969314, 38.238683 ], [ -122.967543183277996, 38.247506329023302 ], [ -122.96724782778, 38.248977976937397 ], [ -122.967126, 38.249585 ], [ -122.968142, 38.253655 ], [ -122.977082, 38.267902 ], [ -122.977247418396999, 38.2679962331501 ], [ -122.986319, 38.273164 ], [ -122.989451, 38.280244 ], [ -122.994603, 38.283096 ], [ -122.997106, 38.289458 ], [ -123.002911201261995, 38.2957083549502 ], [ -123.002787, 38.29571 ], [ -123.001588, 38.297155 ], [ -122.998708, 38.298413 ], [ -122.994111, 38.299385 ], [ -122.993579, 38.300079 ], [ -122.994136, 38.303989 ], [ -122.994992, 38.305247 ], [ -122.994753, 38.30619 ], [ -122.993125, 38.306441 ], [ -122.991629, 38.305531 ], [ -122.990614, 38.305855 ], [ -122.987708, 38.308115 ], [ -122.984134, 38.308223 ], [ -122.983163, 38.310408 ], [ -122.981607, 38.311135 ], [ -122.977162, 38.310929 ], [ -122.974868, 38.311471 ], [ -122.971077, 38.309942 ], [ -122.969049, 38.310798 ], [ -122.966124, 38.31697 ], [ -122.962452, 38.316849 ], [ -122.959931, 38.315929 ], [ -122.955276, 38.313534 ], [ -122.951884, 38.313294 ], [ -122.949722, 38.31208 ], [ -122.946754, 38.311209 ], [ -122.943601, 38.312563 ], [ -122.940328, 38.310899 ], [ -122.939291, 38.310991 ], [ -122.937454, 38.31213 ], [ -122.937593, 38.312946 ], [ -122.93506, 38.313952 ], [ -122.933801, 38.31359 ], [ -122.934568, 38.312566 ], [ -122.936554, 38.311847 ], [ -122.936696, 38.310453 ], [ -122.935426, 38.309614 ], [ -122.932521, 38.311709 ], [ -122.928411, 38.312804 ], [ -122.925636, 38.312736 ], [ -122.923805, 38.311516 ], [ -122.922871, 38.309028 ], [ -122.921588, 38.308554 ], [ -122.917878, 38.31048 ], [ -122.916601, 38.31321 ], [ -122.919641, 38.31465 ], [ -122.920924, 38.316395 ], [ -122.919785, 38.317222 ], [ -122.918329, 38.317691 ], [ -122.916074, 38.320257 ], [ -122.91291, 38.320318 ], [ -122.911319, 38.321209 ], [ -122.908105, 38.320752 ], [ -122.906661, 38.319935 ], [ -122.907304, 38.318642 ], [ -122.910156, 38.317892 ], [ -122.910882, 38.316865 ], [ -122.909237, 38.314268 ], [ -122.908163, 38.31429 ], [ -122.901726, 38.316943 ], [ -122.899933, 38.316793 ], [ -122.898444, 38.314516 ], [ -122.874406, 38.298088 ], [ -122.853713, 38.284189 ], [ -122.841841, 38.276244 ], [ -122.828559, 38.267322 ], [ -122.811971, 38.256129 ], [ -122.800925, 38.248393 ], [ -122.792096, 38.242397 ], [ -122.79176, 38.242169 ], [ -122.787099, 38.239003 ], [ -122.748235, 38.212723 ], [ -122.7399, 38.207018 ], [ -122.722995, 38.207132 ], [ -122.721588, 38.206715 ], [ -122.717709, 38.205008 ], [ -122.715035, 38.203398 ], [ -122.714338, 38.201222 ], [ -122.706009, 38.198293 ], [ -122.704443, 38.198455 ], [ -122.701038, 38.195984 ], [ -122.698253, 38.196127 ], [ -122.69661, 38.195374 ], [ -122.69519, 38.195166 ], [ -122.69352, 38.19516 ], [ -122.691035, 38.194484 ], [ -122.688299, 38.194688 ], [ -122.683053, 38.191686 ], [ -122.680718, 38.189743 ], [ -122.676597, 38.18977 ], [ -122.675762, 38.189061 ], [ -122.67288, 38.18983 ], [ -122.667158, 38.189697 ], [ -122.664478, 38.187627 ], [ -122.663998, 38.186504 ], [ -122.659439, 38.186976 ], [ -122.654031, 38.184903 ], [ -122.649715, 38.181544 ], [ -122.649237, 38.181127 ], [ -122.646606, 38.181206 ], [ -122.637948, 38.180249 ], [ -122.63632, 38.178803 ], [ -122.63387, 38.178451 ], [ -122.628183, 38.178887 ], [ -122.625408, 38.182394 ], [ -122.622647, 38.182624 ], [ -122.620948, 38.18196 ], [ -122.618832, 38.182313 ], [ -122.615109, 38.182353 ], [ -122.612504, 38.180591 ], [ -122.609999, 38.1813 ], [ -122.605634, 38.180428 ], [ -122.603505, 38.180852 ], [ -122.60164, 38.183342 ], [ -122.600917, 38.185263 ], [ -122.598169, 38.187194 ], [ -122.59493, 38.188385 ], [ -122.592601, 38.188775 ], [ -122.591457, 38.187631 ], [ -122.591145, 38.185992 ], [ -122.587221, 38.186988 ], [ -122.586806, 38.187721 ], [ -122.584514, 38.188073 ], [ -122.583709, 38.187041 ], [ -122.582118, 38.18802 ], [ -122.581864, 38.186113 ], [ -122.579799, 38.185536 ], [ -122.578201, 38.183583 ], [ -122.573237, 38.183299 ], [ -122.570693, 38.183518 ], [ -122.570931, 38.184594 ], [ -122.573174, 38.185877 ], [ -122.572502, 38.187067 ], [ -122.570732, 38.187142 ], [ -122.567881, 38.183801 ], [ -122.565093, 38.182217 ], [ -122.566462, 38.179131 ], [ -122.568384, 38.176836 ], [ -122.564463, 38.175081 ], [ -122.563993, 38.173518 ], [ -122.564264, 38.170694 ], [ -122.563193, 38.169318 ], [ -122.559243, 38.168619 ], [ -122.556283, 38.16971 ], [ -122.553292, 38.169977 ], [ -122.55198, 38.169001 ], [ -122.553492, 38.166618 ], [ -122.555993, 38.165468 ], [ -122.557992, 38.16353 ], [ -122.558435, 38.161974 ], [ -122.557138, 38.159578 ], [ -122.554803, 38.158655 ], [ -122.549615, 38.15729 ], [ -122.547601, 38.157473 ], [ -122.545376, 38.158733 ], [ -122.54371, 38.158068 ], [ -122.541497, 38.155184 ], [ -122.537697, 38.151514 ], [ -122.533257, 38.148119 ], [ -122.529549, 38.146105 ], [ -122.523964, 38.143511 ], [ -122.519019, 38.139742 ], [ -122.515952, 38.136454 ], [ -122.513104, 38.13212 ], [ -122.511512, 38.127147 ], [ -122.511291, 38.124919 ], [ -122.507926, 38.118098 ], [ -122.505707, 38.115526 ], [ -122.505623, 38.115449 ], [ -122.50282, 38.113002 ], [ -122.501626, 38.112331 ], [ -122.501089, 38.112119 ], [ -122.500555, 38.111781 ], [ -122.498801216835005, 38.111297326741003 ], [ -122.498831, 38.111208 ], [ -122.497629711328003, 38.110535834618503 ], [ -122.489848492063999, 38.1061819550414 ], [ -122.488311200962002, 38.1053217838897 ], [ -122.487947, 38.105118 ], [ -122.486046, 38.101191 ], [ -122.485911065741007, 38.099244010299103 ], [ -122.485333, 38.090903 ], [ -122.483757, 38.071762 ], [ -122.485554918995007, 38.068511671830599 ], [ -122.492265, 38.056381 ], [ -122.492938, 38.048428 ], [ -122.492975622838998, 38.048334257051899 ], [ -122.493281416591998, 38.047572326024699 ], [ -122.495994312942997, 38.040812737644401 ], [ -122.499465, 38.032165 ], [ -122.497828, 38.019402 ], [ -122.495735730180002, 38.016681793455497 ], [ -122.494740974734995, 38.015388489768497 ], [ -122.494556, 38.015148 ], [ -122.487472, 38.014355 ], [ -122.481466, 38.007621 ], [ -122.475596781403993, 38.006282538763301 ], [ -122.474182702793996, 38.005960061524803 ], [ -122.473352898138003, 38.005770826561601 ], [ -122.469456307540995, 38.004882218413201 ], [ -122.466545167685993, 38.004218339945098 ], [ -122.466070061376996, 38.004109993089898 ], [ -122.465883304206997, 38.004067403564797 ], [ -122.465186150240001, 38.003908419273202 ], [ -122.462812, 38.003367 ], [ -122.462645308210995, 38.003213753094499 ], [ -122.461868003291002, 38.002499143370201 ], [ -122.455922749229003, 37.9970334165289 ], [ -122.456567, 37.996891 ], [ -122.457774, 37.99709 ], [ -122.45922, 37.997327 ], [ -122.460792, 37.998136 ], [ -122.465251, 38.00043 ], [ -122.466637, 38.000688 ], [ -122.470097, 38.001249 ], [ -122.475109, 38.002268 ], [ -122.480195, 37.999674 ], [ -122.482257, 37.998617 ], [ -122.487865, 37.995763 ], [ -122.495522, 37.997674 ], [ -122.495879, 37.997609 ], [ -122.501338, 37.99683 ], [ -122.502133, 37.998605 ], [ -122.50376, 37.998216 ], [ -122.507962, 37.995931 ], [ -122.510011, 37.997076 ], [ -122.513301, 37.995734 ], [ -122.514667, 37.99338 ], [ -122.518159, 37.99135 ], [ -122.520668, 37.991861 ], [ -122.522278, 37.9926 ], [ -122.525741, 37.990508 ], [ -122.529077, 37.990601 ], [ -122.530257, 37.989883 ], [ -122.530961, 37.989191 ], [ -122.532372, 37.988556 ], [ -122.533282, 37.986715 ], [ -122.537576, 37.986958 ], [ -122.538881, 37.987114 ], [ -122.539272, 37.987853 ], [ -122.545127, 37.9881 ], [ -122.544106, 37.988986 ], [ -122.550278, 37.991714 ], [ -122.550513, 37.991272 ], [ -122.550747, 37.990978 ], [ -122.552483, 37.991726 ], [ -122.555081, 37.99257 ], [ -122.556948, 37.993247 ], [ -122.557517, 37.993723 ], [ -122.557678, 37.993909 ], [ -122.561558, 37.998426 ], [ -122.565863, 38.003536 ], [ -122.56888, 38.007118 ], [ -122.570971, 38.009601 ], [ -122.589722, 38.023829 ], [ -122.588777, 38.025212 ], [ -122.588189, 38.025986 ], [ -122.590111, 38.026746 ], [ -122.597, 38.02918 ], [ -122.598775, 38.028402 ], [ -122.598689, 38.027998 ], [ -122.59876, 38.027445 ], [ -122.59894, 38.027394 ], [ -122.600437, 38.027099 ], [ -122.601182, 38.027248 ], [ -122.601611, 38.027234 ], [ -122.602605, 38.026731 ], [ -122.603917, 38.026428 ], [ -122.606379, 38.026226 ], [ -122.607503, 38.026531 ], [ -122.608438, 38.026144 ], [ -122.609555, 38.025096 ], [ -122.610589, 38.025181 ], [ -122.611323, 38.024931 ], [ -122.61146, 38.02438 ], [ -122.612846, 38.022998 ], [ -122.61277, 38.022221 ], [ -122.615838, 38.020254 ], [ -122.616456, 38.019706 ], [ -122.616562, 38.019646 ], [ -122.616836, 38.018314 ], [ -122.613673, 38.018209 ], [ -122.614403, 38.016764 ], [ -122.613654, 38.01087 ], [ -122.616228, 38.012319 ], [ -122.618231, 38.011235 ], [ -122.617233, 38.008163 ], [ -122.614556, 38.005732 ], [ -122.61428, 38.00407 ], [ -122.613621, 38.002905 ], [ -122.609028, 38.001016 ], [ -122.607248, 38.000361 ], [ -122.603611, 37.999784 ], [ -122.598369, 37.995296 ], [ -122.598094, 37.995089 ], [ -122.598778, 37.994752 ], [ -122.599683, 37.995448 ], [ -122.60356, 37.996349 ], [ -122.605977, 37.997241 ], [ -122.609175, 37.996695 ], [ -122.611896, 37.997418 ], [ -122.612408, 37.995682 ], [ -122.610039, 37.99116 ], [ -122.60676, 37.989473 ], [ -122.604794, 37.988598 ], [ -122.601462, 37.985143 ], [ -122.602013, 37.983225 ], [ -122.600819, 37.981358 ], [ -122.603155, 37.980679 ], [ -122.604399, 37.981497 ], [ -122.604763, 37.980509 ], [ -122.609469, 37.979634 ], [ -122.610613, 37.978003 ], [ -122.612604, 37.978567 ], [ -122.614118, 37.978243 ], [ -122.615267, 37.97922 ], [ -122.617173, 37.975806 ], [ -122.614552, 37.976918 ], [ -122.608221, 37.975532 ], [ -122.608533, 37.974627 ], [ -122.601288, 37.975599 ], [ -122.601074, 37.974035 ], [ -122.598926, 37.974321 ], [ -122.600672, 37.973032 ], [ -122.604948, 37.972819 ], [ -122.605502, 37.972556 ], [ -122.604357, 37.969258 ], [ -122.605264, 37.964971 ], [ -122.604569, 37.963065 ], [ -122.602212, 37.962513 ], [ -122.600795, 37.963649 ], [ -122.598788, 37.963024 ], [ -122.596573, 37.963473 ], [ -122.594806, 37.964853 ], [ -122.592868, 37.962406 ], [ -122.593592, 37.959859 ], [ -122.590609, 37.959735 ], [ -122.584628, 37.955733 ], [ -122.580522, 37.954376 ], [ -122.577557, 37.956369 ], [ -122.573854, 37.956112 ], [ -122.570173, 37.955667 ], [ -122.568758, 37.95699 ], [ -122.566226, 37.956229 ], [ -122.565963, 37.956076 ], [ -122.567553, 37.953507 ], [ -122.569206, 37.952407 ], [ -122.568414, 37.952169 ], [ -122.568602, 37.950999 ], [ -122.571019, 37.948125 ], [ -122.569656, 37.944229 ], [ -122.56623, 37.940453 ], [ -122.565782, 37.939458 ], [ -122.566548, 37.935531 ], [ -122.563175, 37.935192 ], [ -122.561464, 37.934239 ], [ -122.559446, 37.93136 ], [ -122.558195, 37.930345 ], [ -122.55933, 37.929985 ], [ -122.560333, 37.930529 ], [ -122.56031, 37.929417 ], [ -122.560382, 37.929383 ], [ -122.560105, 37.925314 ], [ -122.562827, 37.925323 ], [ -122.561988, 37.923425 ], [ -122.563993, 37.923223 ], [ -122.564393, 37.921665 ], [ -122.562361, 37.9201 ], [ -122.566993, 37.920465 ], [ -122.569419, 37.921464 ], [ -122.57015, 37.92112 ], [ -122.569203, 37.919092 ], [ -122.566498, 37.918141 ], [ -122.567308, 37.915846 ], [ -122.568348, 37.916079 ], [ -122.568128, 37.914411 ], [ -122.570685, 37.914694 ], [ -122.571338, 37.913594 ], [ -122.572977, 37.913542 ], [ -122.572402, 37.912769 ], [ -122.573689, 37.911706 ], [ -122.576534, 37.91071 ], [ -122.577022, 37.910021 ], [ -122.572912, 37.905432 ], [ -122.570352, 37.904684 ], [ -122.568281, 37.90121 ], [ -122.567572, 37.901029 ], [ -122.566465, 37.900361 ], [ -122.562842, 37.899815 ], [ -122.562294, 37.898024 ], [ -122.55896, 37.8959 ], [ -122.557183, 37.893485 ], [ -122.556147, 37.890339 ], [ -122.555042, 37.889336 ], [ -122.554277, 37.883415 ], [ -122.55372, 37.884191 ], [ -122.554168, 37.880281 ], [ -122.553828, 37.877706 ], [ -122.551764, 37.876385 ], [ -122.55229, 37.874526 ], [ -122.551058, 37.873149 ], [ -122.552751, 37.87168 ], [ -122.551966, 37.870458 ], [ -122.550755, 37.870517 ], [ -122.551163, 37.869123 ], [ -122.549048, 37.869232 ], [ -122.551216, 37.868032 ], [ -122.551207, 37.867332 ], [ -122.54888, 37.867157 ], [ -122.546004, 37.86806 ], [ -122.545771, 37.868235 ], [ -122.545658, 37.868622 ], [ -122.545519, 37.86884 ], [ -122.545293, 37.869042 ], [ -122.54516, 37.869319 ], [ -122.545054, 37.869414 ], [ -122.544816, 37.86949 ], [ -122.542417, 37.870279 ], [ -122.539878, 37.870334 ], [ -122.537213, 37.865997 ], [ -122.538688, 37.865064 ], [ -122.535923, 37.860779 ], [ -122.534045, 37.859369 ], [ -122.533048, 37.858837 ], [ -122.533551, 37.857475 ], [ -122.535115, 37.856971 ], [ -122.532643, 37.855521 ], [ -122.533146, 37.853839 ], [ -122.528339, 37.851436 ], [ -122.52634, 37.850036 ], [ -122.523966, 37.852338 ], [ -122.52491, 37.854666 ], [ -122.521817, 37.856548 ], [ -122.519803, 37.856176 ], [ -122.515904, 37.856719 ], [ -122.511434, 37.854885 ], [ -122.509411, 37.855748 ], [ -122.507424, 37.855716 ], [ -122.510171, 37.856855 ], [ -122.508418, 37.858939 ], [ -122.505167, 37.862 ], [ -122.505067, 37.862095 ], [ -122.501365, 37.860103 ], [ -122.500321, 37.85918 ], [ -122.498038, 37.857211 ], [ -122.494943, 37.856396 ], [ -122.494317, 37.856011 ], [ -122.493391, 37.854771 ], [ -122.492579, 37.853124 ], [ -122.490247, 37.851321 ], [ -122.490449, 37.851305 ], [ -122.492717, 37.851673 ], [ -122.495433, 37.850647 ], [ -122.491282, 37.847011 ], [ -122.487871, 37.845364 ], [ -122.486417, 37.84529 ], [ -122.481348, 37.84419 ], [ -122.480551, 37.845198 ], [ -122.477369669357998, 37.8455949154827 ], [ -122.4769, 37.842611 ], [ -122.475607, 37.841529 ], [ -122.47226, 37.836808 ], [ -122.472684, 37.832397 ], [ -122.473479, 37.832307 ], [ -122.474237, 37.83367 ], [ -122.476124, 37.833956 ], [ -122.477778, 37.833385 ], [ -122.479071, 37.830384 ], [ -122.478735, 37.825586 ], [ -122.479240440884993, 37.825707569816899 ], [ -122.483483, 37.826728 ], [ -122.490934, 37.82675 ], [ -122.495483, 37.822428 ], [ -122.499028, 37.822395 ], [ -122.499793, 37.822056 ], [ -122.500006, 37.820911 ], [ -122.504452, 37.821095 ], [ -122.505692, 37.8233 ], [ -122.511094, 37.825015 ], [ -122.518822, 37.825688 ], [ -122.523449, 37.825035 ], [ -122.525801, 37.821401 ], [ -122.528153, 37.82087 ], [ -122.529264, 37.819686 ], [ -122.529135, 37.818053 ], [ -122.529885, 37.817563 ], [ -122.531771, 37.820993 ], [ -122.534976, 37.824218 ], [ -122.534123, 37.826158 ], [ -122.537285, 37.830328 ], [ -122.548986, 37.836227 ], [ -122.549120365163006, 37.836365285489101 ], [ -122.554643421541996, 37.8420494861994 ], [ -122.558994, 37.846527 ], [ -122.559327819206999, 37.847236683832598 ], [ -122.561487, 37.851827 ], [ -122.563434445118006, 37.852458949175897 ], [ -122.567576892158002, 37.853803180121297 ], [ -122.573527, 37.855734 ], [ -122.575389, 37.858734 ], [ -122.578188239544005, 37.859609819717797 ], [ -122.579691, 37.86008 ], [ -122.58182, 37.857041 ], [ -122.584289, 37.859227 ], [ -122.589776711932004, 37.864359 ], [ -122.598412154548001, 37.872434695674002 ], [ -122.60129, 37.875126 ], [ -122.604444062105998, 37.875950663092397 ], [ -122.613942, 37.878434 ], [ -122.617442, 37.877235 ], [ -122.621117, 37.878821 ], [ -122.624093, 37.88105 ], [ -122.626934, 37.880741 ], [ -122.628714, 37.881693 ], [ -122.628206, 37.884511 ], [ -122.628957632511003, 37.885221054234698 ], [ -122.641963, 37.897507 ], [ -122.658823, 37.904738 ], [ -122.678474, 37.906604 ], [ -122.678536847681997, 37.906586728222102 ], [ -122.681996624160007, 37.9056359136626 ], [ -122.684296, 37.905004 ], [ -122.693569, 37.901171 ], [ -122.699718, 37.897136 ], [ -122.700383, 37.894938 ], [ -122.70264, 37.89382 ], [ -122.710229, 37.896425 ], [ -122.714023, 37.900468 ], [ -122.718972, 37.902196 ], [ -122.721767, 37.901347 ], [ -122.725181, 37.902691 ], [ -122.727297, 37.904626 ], [ -122.727846, 37.906154986073901 ], [ -122.730060201490005, 37.912321622217902 ], [ -122.732898, 37.920225 ], [ -122.736883744460002, 37.925805042243802 ], [ -122.736898, 37.925825 ], [ -122.740303037179999, 37.927335539788999 ], [ -122.748746, 37.931081 ], [ -122.754606, 37.935527 ], [ -122.758977, 37.935974 ], [ -122.766138, 37.938004 ], [ -122.768235, 37.941675 ], [ -122.771779, 37.944017 ], [ -122.776476, 37.943772 ], [ -122.776121, 37.946293 ], [ -122.779284, 37.948272 ], [ -122.78267, 37.948504 ], [ -122.783058014725995, 37.9504170342774 ], [ -122.783244, 37.951334 ], [ -122.791739, 37.969422 ], [ -122.795728168983999, 37.974515829439 ], [ -122.797405, 37.976657 ], [ -122.797515843444998, 37.976741818822902 ], [ -122.805112786419997, 37.982555096854497 ], [ -122.806093468816997, 37.983305527580598 ], [ -122.808777, 37.985359 ], [ -122.811471, 37.985117 ], [ -122.813258913406997, 37.987212639423099 ], [ -122.821383, 37.996735 ], [ -122.856573, 38.016717 ], [ -122.856641397659004, 38.016739912586601 ], [ -122.857442045217994, 38.017008122151999 ], [ -122.881774281787003, 38.025159197524502 ], [ -122.882114, 38.025273 ], [ -122.882150587867002, 38.025277950628698 ], [ -122.905106, 38.028384 ], [ -122.923139, 38.028679 ], [ -122.924207594687005, 38.028887212179903 ], [ -122.928053919974005, 38.029636656082403 ], [ -122.939474368302996, 38.0318618930878 ], [ -122.939711, 38.031908 ], [ -122.943318886211998, 38.031235371857001 ], [ -122.956811, 38.02872 ], [ -122.972015142591005, 38.020444500534801 ], [ -122.972378, 38.020247 ], [ -122.972893044456995, 38.019637145273698 ], [ -122.981776, 38.009119 ], [ -122.981842011580994, 38.008956055114602 ], [ -122.983138, 38.005757 ], [ -122.983656, 38.000741 ], [ -122.983034, 37.997406 ], [ -122.974043, 37.994296 ], [ -122.967697, 37.993776 ], [ -122.963544, 37.989914 ], [ -122.972104, 37.990127 ], [ -122.97439, 37.992429 ], [ -122.975943095641, 37.992382090390699 ], [ -122.986011, 37.992078 ], [ -122.986661746287993, 37.992359365329001 ], [ -122.991497, 37.99445 ], [ -122.994223, 37.993175 ], [ -122.995162037043002, 37.993210296311801 ], [ -122.999379667696999, 37.993368827658202 ], [ -123.006328, 37.99363 ], [ -123.007478, 37.99536 ], [ -123.011672, 37.995093 ], [ -123.014276, 37.993929 ], [ -123.018689222570003, 37.9943567985923 ], [ -123.022673101207999, 37.994742978452201 ], [ -123.024066, 37.994878 ] ] ] } },
{ "type": "Feature", "properties": { "STATEFP20": "06", "PUMACE20": "08520", "AFFGEOID20": "795P200US0608520", "GEOID20": "0608520", "NAMELSAD20": "Santa Clara County (Central)--San Jose City (Southeast/Evergreen) PUMA", "STUSPS20": "CA", "ST_NAME20": "California", "LSAD20": "P0", "ALAND20": 85489530, "AWATER20": 18008, "puma_geoid": "0608520", "display": "San Jose City (Southeast/Evergreen) (Santa Clara Co., Central)", "place": "San Jose City (Southeast/Evergreen)", "NAME": "Santa Clara County (Central)--San Jose City (Southeast/Evergreen) PUMA; California", "total_housing_units": 33787, "occupied_units": 33001, "vacant_units": 786, "vacancy_rate": 0.023263385325716899, "median_gross_rent": 2703, "median_gross_rent_display": "$2,703", "median_home_value": 1138900, "median_home_value_display": "$1,138,900", "home_value_topcoded": false, "county": "Santa Clara", "subregion": "Central", "city": "Bay Area" }, "geometry": { "type": "Polygon", "coordinates": [ [ [ -121.837354, 37.27989 ], [ -121.834944, 37.281676 ], [ -121.834138, 37.283926 ], [ -121.834178, 37.286937 ], [ -121.834225, 37.28867 ], [ -121.834086, 37.292182 ], [ -121.833214, 37.293421 ], [ -121.828936, 37.296346 ], [ -121.827327, 37.297318 ], [ -121.824578, 37.298469 ], [ -121.823785, 37.298797 ], [ -121.822392, 37.299486 ], [ -121.820916, 37.300395 ], [ -121.816774, 37.302981 ], [ -121.811086, 37.306888 ], [ -121.810835, 37.30713 ], [ -121.809315, 37.308844 ], [ -121.808069, 37.311433 ], [ -121.8079, 37.312424 ], [ -121.808001, 37.317739 ], [ -121.80818, 37.322375 ], [ -121.808441, 37.323855 ], [ -121.807759, 37.324034 ], [ -121.800474, 37.325583 ], [ -121.796957, 37.324918 ], [ -121.795889, 37.324761 ], [ -121.787046, 37.324839 ], [ -121.782141, 37.324967 ], [ -121.770599, 37.325765 ], [ -121.77001, 37.325878 ], [ -121.766361, 37.327736 ], [ -121.766101, 37.328732 ], [ -121.766114, 37.329579 ], [ -121.766232, 37.330538 ], [ -121.765703, 37.330813 ], [ -121.764953, 37.332348 ], [ -121.76618, 37.332132 ], [ -121.766818, 37.331589 ], [ -121.767672, 37.331439 ], [ -121.76875, 37.330763 ], [ -121.770673, 37.332241 ], [ -121.769934, 37.332514 ], [ -121.768247, 37.333023 ], [ -121.766625, 37.333617 ], [ -121.765592, 37.33399 ], [ -121.764607, 37.335325 ], [ -121.764518, 37.335462 ], [ -121.763241, 37.336124 ], [ -121.762487, 37.336368 ], [ -121.759404, 37.336493 ], [ -121.759224, 37.336416 ], [ -121.752732, 37.333275 ], [ -121.753639, 37.333204 ], [ -121.75152, 37.331271 ], [ -121.7479, 37.330697 ], [ -121.747585, 37.328343 ], [ -121.745513, 37.329407 ], [ -121.744552, 37.330412 ], [ -121.742853, 37.3289 ], [ -121.743266, 37.331651 ], [ -121.74192, 37.332055 ], [ -121.739551, 37.331849 ], [ -121.735605, 37.332571 ], [ -121.733161, 37.333741 ], [ -121.733521, 37.336743 ], [ -121.732563, 37.339345 ], [ -121.732233, 37.338931 ], [ -121.715302, 37.309438 ], [ -121.710642, 37.301535 ], [ -121.711293, 37.298505 ], [ -121.711432, 37.297057 ], [ -121.709987, 37.291139 ], [ -121.712463, 37.289149 ], [ -121.716959, 37.285541 ], [ -121.716959, 37.285041 ], [ -121.727571, 37.264056 ], [ -121.730847, 37.255124 ], [ -121.733432, 37.248829 ], [ -121.724578, 37.241898 ], [ -121.718467, 37.236899 ], [ -121.72226, 37.236677 ], [ -121.726853, 37.237548 ], [ -121.72947, 37.235026 ], [ -121.735238, 37.235178 ], [ -121.737644, 37.234516 ], [ -121.739827, 37.234957 ], [ -121.741256, 37.233945 ], [ -121.746611, 37.231705 ], [ -121.746841, 37.230303 ], [ -121.747299, 37.229748 ], [ -121.747478, 37.229526 ], [ -121.748397, 37.228449 ], [ -121.749062, 37.227872 ], [ -121.75027, 37.227038 ], [ -121.750803, 37.226686 ], [ -121.751149, 37.226434 ], [ -121.768706, 37.235438 ], [ -121.768882, 37.235536 ], [ -121.773072, 37.238033 ], [ -121.777991, 37.240985 ], [ -121.786095, 37.245854 ], [ -121.792408, 37.249631 ], [ -121.80249, 37.255625 ], [ -121.805743, 37.257491 ], [ -121.810299, 37.260202 ], [ -121.813525, 37.262196 ], [ -121.819009, 37.265462 ], [ -121.822106, 37.26743 ], [ -121.82905, 37.272403 ], [ -121.831086, 37.273821 ], [ -121.831173, 37.273889 ], [ -121.833828, 37.276491 ], [ -121.83524, 37.277823 ], [ -121.837354, 37.27989 ] ] ] } },
{ "type": "Feature", "properties": { "STATEFP20": "06", "PUMACE20": "09704", "AFFGEOID20": "795P200US0609704", "GEOID20": "0609704", "NAMELSAD20": "Sonoma County (North)--Windsor Town, Healdsburg & Cloverdale Cities PUMA", "STUSPS20": "CA", "ST_NAME20": "California", "LSAD20": "P0", "ALAND20": 2915022202, "AWATER20": 453705606, "puma_geoid": "0609704", "display": "Windsor Town, Healdsburg & Cloverdale (Sonoma Co., North)", "place": "Windsor Town, Healdsburg & Cloverdale Cities", "NAME": "Sonoma County (North)--Windsor Town, Healdsburg & Cloverdale Cities PUMA; California", "total_housing_units": 56042, "occupied_units": 47868, "vacant_units": 8174, "vacancy_rate": 0.14585489454337819, "median_gross_rent": 1920, "median_gross_rent_display": "$1,920", "median_home_value": 851500, "median_home_value_display": "$851,500", "home_value_topcoded": false, "county": "Sonoma", "subregion": "North", "city": "Bay Area" }, "geometry": { "type": "Polygon", "coordinates": [ [ [ -123.533535, 38.768408 ], [ -123.52851, 38.764409 ], [ -123.525627, 38.762911 ], [ -123.520961, 38.758575 ], [ -123.518938, 38.759366 ], [ -123.518147, 38.763559 ], [ -123.516343, 38.767784 ], [ -123.514626, 38.768475 ], [ -123.510799, 38.767352 ], [ -123.509462, 38.767856 ], [ -123.508824, 38.76995 ], [ -123.507041, 38.773532 ], [ -123.505233, 38.774277 ], [ -123.502216, 38.774441 ], [ -123.499582, 38.774093 ], [ -123.498956, 38.778127 ], [ -123.499155, 38.778327 ], [ -123.497042, 38.778604 ], [ -123.386953, 38.777003 ], [ -123.376089, 38.777235 ], [ -123.368236, 38.777066 ], [ -123.368261, 38.782034 ], [ -123.368394, 38.80664 ], [ -123.28168, 38.807503 ], [ -123.271759, 38.808399 ], [ -123.26871, 38.808369 ], [ -123.238964, 38.808557 ], [ -123.209158, 38.808941 ], [ -123.161903, 38.808841 ], [ -123.142279, 38.808875 ], [ -123.136253, 38.809136 ], [ -123.136636, 38.839448 ], [ -123.126114, 38.839318 ], [ -123.118025, 38.839551 ], [ -123.08123, 38.838406 ], [ -123.081082, 38.847283 ], [ -123.080997, 38.852438 ], [ -123.070824, 38.852344 ], [ -123.062109, 38.852276 ], [ -123.029253, 38.852831 ], [ -123.027674, 38.852916 ], [ -123.018785, 38.85237 ], [ -123.006918, 38.851247 ], [ -122.996249, 38.85126 ], [ -122.982751, 38.851484 ], [ -122.960539, 38.851133 ], [ -122.953151, 38.850804 ], [ -122.942518, 38.850435 ], [ -122.940026, 38.850477 ], [ -122.937354, 38.850454 ], [ -122.931528, 38.850576 ], [ -122.821592, 38.85014 ], [ -122.819716, 38.849011 ], [ -122.817651, 38.849839 ], [ -122.816886, 38.846823 ], [ -122.818314, 38.844585 ], [ -122.815522, 38.843485 ], [ -122.812874, 38.843274 ], [ -122.811058, 38.841316 ], [ -122.812089, 38.838412 ], [ -122.808983, 38.83755 ], [ -122.808674, 38.836643 ], [ -122.804711, 38.836735 ], [ -122.799796, 38.836978 ], [ -122.798313, 38.839335 ], [ -122.795989, 38.838952 ], [ -122.79531, 38.838071 ], [ -122.795842, 38.836838 ], [ -122.795389, 38.836634 ], [ -122.795382, 38.835849 ], [ -122.793435, 38.833735 ], [ -122.791393, 38.830429 ], [ -122.78937, 38.830329 ], [ -122.786138, 38.827339 ], [ -122.783991, 38.827582 ], [ -122.780193, 38.826843 ], [ -122.774916, 38.821747 ], [ -122.77248, 38.82153 ], [ -122.772035, 38.82026 ], [ -122.770294, 38.819573 ], [ -122.76883, 38.816604 ], [ -122.766356, 38.815065 ], [ -122.767613, 38.813871 ], [ -122.764816, 38.812935 ], [ -122.760548, 38.810535 ], [ -122.758839, 38.807842 ], [ -122.754314, 38.805797 ], [ -122.748742, 38.80419 ], [ -122.747756, 38.803344 ], [ -122.746198, 38.799248 ], [ -122.747065, 38.795257 ], [ -122.746699, 38.794225 ], [ -122.747649, 38.792269 ], [ -122.748116, 38.791918 ], [ -122.747754, 38.790084 ], [ -122.74822, 38.787795 ], [ -122.746812, 38.787149 ], [ -122.743959, 38.784758 ], [ -122.742246, 38.78234 ], [ -122.73891, 38.781857 ], [ -122.735338, 38.777888 ], [ -122.736417, 38.776831 ], [ -122.735885, 38.774501 ], [ -122.73366, 38.771711 ], [ -122.732685, 38.770897 ], [ -122.729543, 38.770704 ], [ -122.728354, 38.7686 ], [ -122.728204, 38.766084 ], [ -122.727136, 38.766076 ], [ -122.723884, 38.763117 ], [ -122.722693, 38.763013 ], [ -122.723641, 38.760645 ], [ -122.723037, 38.758642 ], [ -122.724158, 38.756561 ], [ -122.721509, 38.756585 ], [ -122.720085, 38.753545 ], [ -122.717139, 38.752763 ], [ -122.716596, 38.751876 ], [ -122.71395, 38.751461 ], [ -122.7117, 38.750763 ], [ -122.711403, 38.749906 ], [ -122.709321, 38.74902 ], [ -122.708774, 38.746401 ], [ -122.710795, 38.744657 ], [ -122.712332, 38.742226 ], [ -122.711116, 38.74021 ], [ -122.711996, 38.737634 ], [ -122.71086, 38.735458 ], [ -122.71118, 38.734482 ], [ -122.71038, 38.732082 ], [ -122.707164, 38.731746 ], [ -122.703756, 38.73053 ], [ -122.700924, 38.728866 ], [ -122.700716, 38.726306 ], [ -122.698619, 38.724738 ], [ -122.697238, 38.721503 ], [ -122.696251, 38.720098 ], [ -122.697259, 38.718018 ], [ -122.695323, 38.714306 ], [ -122.695451, 38.71309 ], [ -122.693563, 38.712962 ], [ -122.691835, 38.710946 ], [ -122.687723, 38.71045 ], [ -122.683883, 38.70949 ], [ -122.682411, 38.707906 ], [ -122.680122, 38.707602 ], [ -122.676826, 38.707986 ], [ -122.674234, 38.706354 ], [ -122.67233, 38.706274 ], [ -122.669402, 38.70837 ], [ -122.66577, 38.706962 ], [ -122.664677, 38.707418 ], [ -122.66219, 38.70594 ], [ -122.659802, 38.706466 ], [ -122.657385, 38.706082 ], [ -122.654089, 38.70701 ], [ -122.648601, 38.706657 ], [ -122.646569, 38.706177 ], [ -122.644937, 38.702689 ], [ -122.643785, 38.698962 ], [ -122.640569, 38.69725 ], [ -122.639913, 38.694978 ], [ -122.637049, 38.69373 ], [ -122.638361, 38.692594 ], [ -122.639497, 38.689058 ], [ -122.635656, 38.685906 ], [ -122.633896, 38.685282 ], [ -122.633112, 38.682194 ], [ -122.631592, 38.680226 ], [ -122.629928, 38.679346 ], [ -122.626408, 38.675954 ], [ -122.625464, 38.674402 ], [ -122.625784, 38.672194 ], [ -122.626761, 38.670818 ], [ -122.627396, 38.667506 ], [ -122.623696, 38.664306 ], [ -122.623731, 38.663286 ], [ -122.624196, 38.649806 ], [ -122.626996, 38.647406 ], [ -122.627796, 38.644306 ], [ -122.634096, 38.636907 ], [ -122.632996, 38.627607 ], [ -122.630096, 38.626807 ], [ -122.628293, 38.623038 ], [ -122.633588, 38.619864 ], [ -122.633268, 38.616629 ], [ -122.63548, 38.614661 ], [ -122.637342, 38.612792 ], [ -122.639142, 38.612059 ], [ -122.639981, 38.610457 ], [ -122.639142, 38.609267 ], [ -122.641797, 38.605483 ], [ -122.644695, 38.603224 ], [ -122.644696, 38.602507 ], [ -122.646421, 38.598593 ], [ -122.645063, 38.597769 ], [ -122.643567, 38.594894 ], [ -122.642118, 38.593902 ], [ -122.640531, 38.591095 ], [ -122.634992, 38.586387 ], [ -122.635496, 38.585708 ], [ -122.634982, 38.58301 ], [ -122.641754, 38.582851 ], [ -122.644936, 38.581147 ], [ -122.651076, 38.581032 ], [ -122.655428, 38.582159 ], [ -122.656034, 38.583167 ], [ -122.658149, 38.584197 ], [ -122.663451, 38.58503 ], [ -122.665536, 38.584366 ], [ -122.671904, 38.583711 ], [ -122.672067, 38.582615 ], [ -122.673599, 38.58211 ], [ -122.67725, 38.58222 ], [ -122.674358, 38.57698 ], [ -122.675583, 38.574609 ], [ -122.673746, 38.572155 ], [ -122.675875, 38.571535 ], [ -122.677712, 38.569661 ], [ -122.678224, 38.570161 ], [ -122.680053, 38.570465 ], [ -122.681027, 38.56995 ], [ -122.684111, 38.567271 ], [ -122.683769, 38.564162 ], [ -122.689798, 38.564101 ], [ -122.692099, 38.562932 ], [ -122.690945, 38.560977 ], [ -122.692965, 38.558581 ], [ -122.694459, 38.55754 ], [ -122.69709, 38.554658 ], [ -122.701997, 38.551489 ], [ -122.709282, 38.548686 ], [ -122.713658, 38.549859 ], [ -122.719177, 38.549808 ], [ -122.719998, 38.549509 ], [ -122.720609, 38.548842 ], [ -122.720391, 38.540926 ], [ -122.72171, 38.538908 ], [ -122.72355, 38.53779 ], [ -122.724305, 38.537453 ], [ -122.725614, 38.536333 ], [ -122.725678, 38.536129 ], [ -122.725177, 38.533988 ], [ -122.725444, 38.532927 ], [ -122.72577, 38.530796 ], [ -122.724093, 38.528822 ], [ -122.722323, 38.528222 ], [ -122.720037, 38.525608 ], [ -122.718456, 38.521055 ], [ -122.720574, 38.517562 ], [ -122.718639, 38.514237 ], [ -122.719573, 38.511934 ], [ -122.7185, 38.508996 ], [ -122.7193, 38.508176 ], [ -122.720134, 38.50759 ], [ -122.723495, 38.506974 ], [ -122.726336, 38.505646 ], [ -122.732954, 38.505126 ], [ -122.735606, 38.503086 ], [ -122.738209, 38.501477 ], [ -122.740862, 38.499934 ], [ -122.741898, 38.49581 ], [ -122.741958, 38.4954 ], [ -122.742139, 38.492166 ], [ -122.738079, 38.489159 ], [ -122.737041, 38.488408 ], [ -122.735644, 38.487159 ], [ -122.734971, 38.484656 ], [ -122.733591, 38.480382 ], [ -122.732935, 38.479557 ], [ -122.732747, 38.479299 ], [ -122.73105, 38.475993 ], [ -122.730592, 38.475527 ], [ -122.731206, 38.474639 ], [ -122.733051, 38.478758 ], [ -122.73319, 38.478961 ], [ -122.734972, 38.480929 ], [ -122.738854, 38.483704 ], [ -122.746018, 38.488785 ], [ -122.756431, 38.496173 ], [ -122.76061, 38.496394 ], [ -122.770064, 38.496543 ], [ -122.772543, 38.496555 ], [ -122.773473, 38.496546 ], [ -122.778559, 38.496457 ], [ -122.77921, 38.496349 ], [ -122.780307, 38.496048 ], [ -122.784394, 38.494458 ], [ -122.787525, 38.493221 ], [ -122.792365, 38.491375 ], [ -122.796331, 38.49075 ], [ -122.805441, 38.489319 ], [ -122.815063, 38.485107 ], [ -122.819938, 38.483999 ], [ -122.825555, 38.483192 ], [ -122.828171, 38.483106 ], [ -122.828631, 38.483038 ], [ -122.834968, 38.481813 ], [ -122.836984, 38.482136 ], [ -122.840341, 38.484124 ], [ -122.842372, 38.484576 ], [ -122.842484, 38.48443 ], [ -122.846016, 38.483031 ], [ -122.845684, 38.482174 ], [ -122.845309, 38.480622 ], [ -122.842727, 38.478627 ], [ -122.842773, 38.475685 ], [ -122.842819, 38.474423 ], [ -122.84244, 38.472954 ], [ -122.841276, 38.471943 ], [ -122.841134, 38.47159 ], [ -122.841322, 38.470689 ], [ -122.841159, 38.470149 ], [ -122.841497, 38.469212 ], [ -122.841177, 38.468675 ], [ -122.840397, 38.467288 ], [ -122.83666, 38.462569 ], [ -122.834848, 38.46234 ], [ -122.8338, 38.461126 ], [ -122.835354, 38.456029 ], [ -122.834645, 38.452169 ], [ -122.834478, 38.451256 ], [ -122.836006, 38.44735 ], [ -122.838716, 38.444663 ], [ -122.838838, 38.434801 ], [ -122.837888, 38.434192 ], [ -122.835877, 38.434209 ], [ -122.83471, 38.433401 ], [ -122.834654, 38.431401 ], [ -122.833522, 38.430567 ], [ -122.830302, 38.430562 ], [ -122.829715, 38.429902 ], [ -122.829515, 38.42581 ], [ -122.829379, 38.425777 ], [ -122.827683, 38.423066 ], [ -122.82387, 38.420362 ], [ -122.824736, 38.416573 ], [ -122.822478, 38.415482 ], [ -122.82032, 38.415976 ], [ -122.819321, 38.414757 ], [ -122.815076, 38.41218 ], [ -122.816686, 38.410211 ], [ -122.818341, 38.409101 ], [ -122.817443, 38.405467 ], [ -122.816385, 38.403468 ], [ -122.816383, 38.401089 ], [ -122.815612, 38.401193 ], [ -122.815666, 38.399905 ], [ -122.815271, 38.399303 ], [ -122.813972, 38.397984 ], [ -122.813058, 38.397501 ], [ -122.81229, 38.397231 ], [ -122.811418, 38.397008 ], [ -122.808276, 38.396171 ], [ -122.804239, 38.396286 ], [ -122.800392, 38.395801 ], [ -122.798978, 38.394584 ], [ -122.797147, 38.390653 ], [ -122.797275, 38.389261 ], [ -122.797338, 38.389094 ], [ -122.797338, 38.388836 ], [ -122.797306, 38.388274 ], [ -122.797202, 38.387996 ], [ -122.797077, 38.386709 ], [ -122.798058, 38.385166 ], [ -122.794108, 38.382336 ], [ -122.792615, 38.381413 ], [ -122.788713, 38.381148 ], [ -122.785435, 38.378739 ], [ -122.78488, 38.3785 ], [ -122.783416, 38.37792 ], [ -122.78145, 38.376191 ], [ -122.777656, 38.375055 ], [ -122.77596, 38.373622 ], [ -122.775121, 38.371914 ], [ -122.775331, 38.370365 ], [ -122.777136, 38.368082 ], [ -122.77668, 38.366652 ], [ -122.775003, 38.365778 ], [ -122.769695, 38.366622 ], [ -122.768848, 38.366119 ], [ -122.768786, 38.366079 ], [ -122.766479, 38.3655 ], [ -122.763416, 38.363349 ], [ -122.761729, 38.362075 ], [ -122.758908, 38.360953 ], [ -122.756146, 38.360084 ], [ -122.754221, 38.3579 ], [ -122.753433, 38.356348 ], [ -122.752568, 38.355521 ], [ -122.751349, 38.354742 ], [ -122.750559, 38.354357 ], [ -122.746101, 38.352363 ], [ -122.74128, 38.352148 ], [ -122.741302, 38.342539 ], [ -122.738451, 38.338561 ], [ -122.738143, 38.33722 ], [ -122.73831, 38.334558 ], [ -122.738648, 38.331156 ], [ -122.736988, 38.3275 ], [ -122.735474, 38.324702 ], [ -122.735297, 38.324113 ], [ -122.734984, 38.320402 ], [ -122.735493, 38.314118 ], [ -122.735458, 38.311763 ], [ -122.734751, 38.310751 ], [ -122.729173, 38.307871 ], [ -122.723537, 38.305006 ], [ -122.713001, 38.299501 ], [ -122.712525, 38.299209 ], [ -122.705145, 38.295136 ], [ -122.699993, 38.291443 ], [ -122.697151, 38.289808 ], [ -122.689556, 38.285987 ], [ -122.687676, 38.284421 ], [ -122.705652, 38.283662 ], [ -122.705693, 38.278134 ], [ -122.70409, 38.277408 ], [ -122.700703, 38.270244 ], [ -122.700881, 38.261685 ], [ -122.700945, 38.259848 ], [ -122.701032, 38.25627 ], [ -122.703076, 38.25619 ], [ -122.703334, 38.254419 ], [ -122.6946, 38.249436 ], [ -122.691814, 38.248106 ], [ -122.678639, 38.241938 ], [ -122.675975, 38.24044 ], [ -122.670366, 38.236053 ], [ -122.669398, 38.235432 ], [ -122.677747, 38.235402 ], [ -122.677861, 38.229131 ], [ -122.677342, 38.227342 ], [ -122.666213, 38.227378 ], [ -122.663739, 38.227355 ], [ -122.664807, 38.226614 ], [ -122.670136, 38.223002 ], [ -122.669079, 38.221692 ], [ -122.669184, 38.21894 ], [ -122.668243, 38.216942 ], [ -122.665253, 38.213737 ], [ -122.665274, 38.212537 ], [ -122.666975, 38.210826 ], [ -122.673106, 38.208755 ], [ -122.676324, 38.206962 ], [ -122.679268, 38.205841 ], [ -122.686233, 38.205352 ], [ -122.68903, 38.207118 ], [ -122.692918, 38.20892 ], [ -122.694439, 38.208786 ], [ -122.697645, 38.205392 ], [ -122.704443, 38.198455 ], [ -122.706009, 38.198293 ], [ -122.714338, 38.201222 ], [ -122.715035, 38.203398 ], [ -122.717709, 38.205008 ], [ -122.721588, 38.206715 ], [ -122.722995, 38.207132 ], [ -122.7399, 38.207018 ], [ -122.748235, 38.212723 ], [ -122.787099, 38.239003 ], [ -122.79176, 38.242169 ], [ -122.792096, 38.242397 ], [ -122.800925, 38.248393 ], [ -122.811971, 38.256129 ], [ -122.828559, 38.267322 ], [ -122.841841, 38.276244 ], [ -122.853713, 38.284189 ], [ -122.874406, 38.298088 ], [ -122.898444, 38.314516 ], [ -122.899933, 38.316793 ], [ -122.901726, 38.316943 ], [ -122.908163, 38.31429 ], [ -122.909237, 38.314268 ], [ -122.910882, 38.316865 ], [ -122.910156, 38.317892 ], [ -122.907304, 38.318642 ], [ -122.906661, 38.319935 ], [ -122.908105, 38.320752 ], [ -122.911319, 38.321209 ], [ -122.91291, 38.320318 ], [ -122.916074, 38.320257 ], [ -122.918329, 38.317691 ], [ -122.919785, 38.317222 ], [ -122.920924, 38.316395 ], [ -122.919641, 38.31465 ], [ -122.916601, 38.31321 ], [ -122.917878, 38.31048 ], [ -122.921588, 38.308554 ], [ -122.922871, 38.309028 ], [ -122.923805, 38.311516 ], [ -122.925636, 38.312736 ], [ -122.928411, 38.312804 ], [ -122.932521, 38.311709 ], [ -122.935426, 38.309614 ], [ -122.936696, 38.310453 ], [ -122.936554, 38.311847 ], [ -122.934568, 38.312566 ], [ -122.933801, 38.31359 ], [ -122.93506, 38.313952 ], [ -122.937593, 38.312946 ], [ -122.937454, 38.31213 ], [ -122.939291, 38.310991 ], [ -122.940328, 38.310899 ], [ -122.943601, 38.312563 ], [ -122.946754, 38.311209 ], [ -122.949722, 38.31208 ], [ -122.951884, 38.313294 ], [ -122.955276, 38.313534 ], [ -122.959931, 38.315929 ], [ -122.962452, 38.316849 ], [ -122.966124, 38.31697 ], [ -122.969049, 38.310798 ], [ -122.971077, 38.309942 ], [ -122.974868, 38.311471 ], [ -122.977162, 38.310929 ], [ -122.981607, 38.311135 ], [ -122.983163, 38.310408 ], [ -122.984134, 38.308223 ], [ -122.987708, 38.308115 ], [ -122.990614, 38.305855 ], [ -122.991629, 38.305531 ], [ -122.993125, 38.306441 ], [ -122.994753, 38.30619 ], [ -122.994992, 38.305247 ], [ -122.994136, 38.303989 ], [ -122.993579, 38.300079 ], [ -122.994111, 38.299385 ], [ -122.998708, 38.298413 ], [ -123.001588, 38.297155 ], [ -123.002787, 38.29571 ], [ -123.002911201261995, 38.2957083549502 ], [ -123.004122, 38.297012 ], [ -123.024333, 38.310573 ], [ -123.025864931607998, 38.310892272025697 ], [ -123.037890356410003, 38.313398507758897 ], [ -123.038742, 38.313576 ], [ -123.044674, 38.313175 ], [ -123.051061, 38.310693 ], [ -123.053116891987003, 38.3064611825803 ], [ -123.053476, 38.305722 ], [ -123.052551845024993, 38.303514190590001 ], [ -123.052021, 38.302246 ], [ -123.053504, 38.299385 ], [ -123.058239, 38.298355 ], [ -123.063671, 38.302178 ], [ -123.065450835239005, 38.304963963508101 ], [ -123.067081591459001, 38.307516574682197 ], [ -123.067789191220996, 38.308624175583397 ], [ -123.073508999355994, 38.317577350791801 ], [ -123.074032, 38.318396 ], [ -123.076941, 38.320229 ], [ -123.07977, 38.324076 ], [ -123.074716028259999, 38.3225834586015 ], [ -123.074684, 38.322574 ], [ -123.074253065777, 38.323445663972599 ], [ -123.068829424463999, 38.334416230907102 ], [ -123.068437, 38.33521 ], [ -123.068415353419994, 38.338312886282402 ], [ -123.068288061806001, 38.356559250968601 ], [ -123.068265, 38.359865 ], [ -123.071477618912994, 38.364411775915499 ], [ -123.074790943604995, 38.369101079351601 ], [ -123.078567347816005, 38.374445772941698 ], [ -123.078896325358002, 38.374911370388297 ], [ -123.078942697323001, 38.374977 ], [ -123.080642, 38.377382 ], [ -123.081455294624007, 38.379550180779397 ], [ -123.083548047519997, 38.385129298693201 ], [ -123.085572, 38.390525 ], [ -123.09391, 38.394829 ], [ -123.094702, 38.392954 ], [ -123.096407, 38.393408 ], [ -123.096187, 38.398396 ], [ -123.098607, 38.406357 ], [ -123.102604724521996, 38.413557451463902 ], [ -123.103706, 38.415541 ], [ -123.109026, 38.42042 ], [ -123.113377, 38.421534 ], [ -123.115551, 38.423906 ], [ -123.117028, 38.42869 ], [ -123.12175, 38.430006 ], [ -123.121778325213995, 38.430335094854001 ], [ -123.122322936846004, 38.436662633496198 ], [ -123.122379, 38.437314 ], [ -123.122449435492996, 38.437431546796198 ], [ -123.124357, 38.440615 ], [ -123.12797, 38.440679 ], [ -123.126328, 38.44312 ], [ -123.126810368456006, 38.444529821781501 ], [ -123.128410661600995, 38.449207010156996 ], [ -123.128825, 38.450418 ], [ -123.129005696521006, 38.450516598829402 ], [ -123.136797, 38.454768 ], [ -123.137745028156999, 38.454923754442497 ], [ -123.143608, 38.455887 ], [ -123.144080339835995, 38.456859464369202 ], [ -123.144864450533007, 38.458473809920697 ], [ -123.145325, 38.459422 ], [ -123.151804853100003, 38.462479221716301 ], [ -123.156355, 38.464626 ], [ -123.157074, 38.466869 ], [ -123.157989, 38.467142709284303 ], [ -123.161587, 38.468219 ], [ -123.163502186347998, 38.470880717362299 ], [ -123.166359431366004, 38.474851703621198 ], [ -123.166428, 38.474947 ], [ -123.186366, 38.485936 ], [ -123.198609, 38.491141 ], [ -123.199698542042, 38.492083507333803 ], [ -123.202277, 38.494314 ], [ -123.209575, 38.49612 ], [ -123.215247, 38.499512 ], [ -123.219831919238999, 38.4987003331089 ], [ -123.220297, 38.498618 ], [ -123.224041, 38.499512 ], [ -123.231382, 38.502572 ], [ -123.231824875944, 38.503188549767899 ], [ -123.233707455360005, 38.505809382800102 ], [ -123.234261, 38.50658 ], [ -123.234740162983996, 38.507119663360903 ], [ -123.236637, 38.509256 ], [ -123.242078, 38.50999 ], [ -123.24567, 38.511974 ], [ -123.250685, 38.510189 ], [ -123.254914, 38.511982 ], [ -123.254673, 38.515882 ], [ -123.258156, 38.516824 ], [ -123.259813308237995, 38.5181031489548 ], [ -123.262601457932007, 38.520255107586401 ], [ -123.262858927460002, 38.5204538285426 ], [ -123.265414998786994, 38.522426663704799 ], [ -123.265882169934002, 38.5227872372365 ], [ -123.268227450213999, 38.524597378977397 ], [ -123.269016, 38.525206 ], [ -123.268915212172004, 38.525399785291697 ], [ -123.267774, 38.527594 ], [ -123.268747, 38.529887 ], [ -123.274173, 38.532718 ], [ -123.278804, 38.531489 ], [ -123.279109, 38.535857 ], [ -123.282928, 38.535968 ], [ -123.286656549862002, 38.539720360374403 ], [ -123.287156, 38.540223 ], [ -123.29046, 38.540551 ], [ -123.291299670656997, 38.540915053889698 ], [ -123.297151, 38.543452 ], [ -123.297889004067997, 38.544052709028499 ], [ -123.298257955420993, 38.544353022289599 ], [ -123.301419, 38.546926 ], [ -123.304204429384995, 38.5482637353645 ], [ -123.306308, 38.549274 ], [ -123.306767605226995, 38.552604683448401 ], [ -123.306782, 38.552709 ], [ -123.310398, 38.556184 ], [ -123.317212, 38.559383 ], [ -123.323317, 38.561325 ], [ -123.323919, 38.563721 ], [ -123.330644, 38.566857 ], [ -123.331899, 38.565542 ], [ -123.335941846707996, 38.5688355875578 ], [ -123.338196126059998, 38.5706720822268 ], [ -123.340106, 38.572228 ], [ -123.340112652296995, 38.572360173124402 ], [ -123.340199237956, 38.574080525771102 ], [ -123.340317808221002, 38.576436373975397 ], [ -123.340388, 38.577831 ], [ -123.340304434935007, 38.578249720376498 ], [ -123.339361040678995, 38.582976796168303 ], [ -123.339361232851005, 38.582977411670697 ], [ -123.343338, 38.590008 ], [ -123.349612, 38.596805 ], [ -123.354789, 38.598214 ], [ -123.357142, 38.596545 ], [ -123.358271003891005, 38.597266715953303 ], [ -123.359756, 38.598216 ], [ -123.361884, 38.601023 ], [ -123.368313, 38.603232 ], [ -123.371876, 38.607235 ], [ -123.368075, 38.607875 ], [ -123.366649, 38.610475 ], [ -123.3676, 38.613447 ], [ -123.368377644320006, 38.613667164792297 ], [ -123.374862, 38.615503 ], [ -123.378289197971, 38.620480578679398 ], [ -123.379303, 38.621953 ], [ -123.381239113136004, 38.6235742730331 ], [ -123.383708258756997, 38.625641899730603 ], [ -123.390053183630002, 38.630955047708603 ], [ -123.390655, 38.631459 ], [ -123.388700755588999, 38.632275615099601 ], [ -123.387879, 38.632619 ], [ -123.389894, 38.63523 ], [ -123.39434, 38.637154 ], [ -123.393317, 38.63878 ], [ -123.400933, 38.646562 ], [ -123.40301, 38.649449 ], [ -123.403068, 38.649503088157203 ], [ -123.403155364426993, 38.649584560241202 ], [ -123.40713, 38.653291124269799 ], [ -123.408659, 38.654717 ], [ -123.405663, 38.656729 ], [ -123.409131, 38.659112 ], [ -123.409424, 38.662161 ], [ -123.41605, 38.667332 ], [ -123.415454, 38.669287 ], [ -123.419657, 38.674677 ], [ -123.424674, 38.675683 ], [ -123.434968, 38.681793 ], [ -123.432235, 38.68338 ], [ -123.432636, 38.687314 ], [ -123.434688214404005, 38.690105532615803 ], [ -123.441774, 38.699744 ], [ -123.445474, 38.700826 ], [ -123.444639, 38.702255 ], [ -123.44613, 38.703693 ], [ -123.448276, 38.703233 ], [ -123.453177, 38.707056 ], [ -123.454732646663999, 38.710076482973498 ], [ -123.455798, 38.712145 ], [ -123.461291, 38.717001 ], [ -123.466865, 38.719931 ], [ -123.468847028203996, 38.720393069613301 ], [ -123.471483206697002, 38.721007641078003 ], [ -123.474067, 38.72161 ], [ -123.478960037270994, 38.724519282881303 ], [ -123.482579569498, 38.726671370135399 ], [ -123.484281, 38.727683 ], [ -123.489797185786998, 38.732036366134899 ], [ -123.490021, 38.732213 ], [ -123.493292, 38.736512 ], [ -123.49875, 38.737943 ], [ -123.507908, 38.741259 ], [ -123.510486260866003, 38.740481400822802 ], [ -123.510786, 38.740391 ], [ -123.514784, 38.741966 ], [ -123.517514871800003, 38.745145500324298 ], [ -123.517581980174, 38.745223633284702 ], [ -123.520041878051003, 38.748087644000499 ], [ -123.521419, 38.749691 ], [ -123.524373, 38.749346 ], [ -123.527359, 38.752363 ], [ -123.525152, 38.753801 ], [ -123.52716, 38.757197 ], [ -123.531593, 38.759506 ], [ -123.531108, 38.764179 ], [ -123.533535, 38.768408 ] ] ] } },
{ "type": "Feature", "properties": { "STATEFP20": "06", "PUMACE20": "09503", "AFFGEOID20": "795P200US0609503", "GEOID20": "0609503", "NAMELSAD20": "Solano County (Northeast)--Vacaville & Dixon Cities PUMA", "STUSPS20": "CA", "ST_NAME20": "California", "LSAD20": "P0", "ALAND20": 1406652649, "AWATER20": 32808919, "puma_geoid": "0609503", "display": "Vacaville & Dixon (Solano Co., Northeast)", "place": "Vacaville & Dixon Cities", "NAME": "Solano County (Northeast)--Vacaville & Dixon Cities PUMA; California", "total_housing_units": 53628, "occupied_units": 51071, "vacant_units": 2557, "vacancy_rate": 0.047680316252703803, "median_gross_rent": 2039, "median_gross_rent_display": "$2,039", "median_home_value": 594400, "median_home_value_display": "$594,400", "home_value_topcoded": false, "county": "Solano", "subregion": "Northeast", "city": "Bay Area" }, "geometry": { "type": "Polygon", "coordinates": [ [ [ -122.126628, 38.435451 ], [ -122.125866, 38.43668 ], [ -122.123582, 38.447608 ], [ -122.120527, 38.453926 ], [ -122.113178, 38.474816 ], [ -122.112878, 38.475174 ], [ -122.111182, 38.477208 ], [ -122.108182, 38.486107 ], [ -122.104882, 38.490807 ], [ -122.104982, 38.492807 ], [ -122.107183, 38.494507 ], [ -122.106283, 38.508307 ], [ -122.103439, 38.512186 ], [ -122.103281, 38.513348 ], [ -122.100222, 38.513456 ], [ -122.096666, 38.512903 ], [ -122.093164, 38.513963 ], [ -122.092267, 38.515531 ], [ -122.090775, 38.515996 ], [ -122.086855, 38.514477 ], [ -122.082134, 38.514994 ], [ -122.07998, 38.51403 ], [ -122.078092, 38.51423 ], [ -122.074267, 38.513731 ], [ -122.068462, 38.514107 ], [ -122.066088, 38.514989 ], [ -122.05979, 38.516073 ], [ -122.057415, 38.517441 ], [ -122.055463, 38.516141 ], [ -122.05234, 38.513124 ], [ -122.046558, 38.509017 ], [ -122.041568, 38.505713 ], [ -122.041179, 38.504038 ], [ -122.038436, 38.499064 ], [ -122.037126, 38.498312 ], [ -122.035566, 38.496122 ], [ -122.030829, 38.49361 ], [ -122.028618, 38.49319 ], [ -122.0259, 38.491825 ], [ -122.02279, 38.491137 ], [ -122.018451, 38.489165 ], [ -122.013377, 38.488721 ], [ -122.012112, 38.488911 ], [ -122.01136, 38.489198 ], [ -122.009064, 38.491708 ], [ -122.005001, 38.493833 ], [ -122.003035, 38.493957 ], [ -122.001615, 38.495492 ], [ -121.996984, 38.498554 ], [ -121.995927, 38.500421 ], [ -121.993479, 38.50115 ], [ -121.990785, 38.50143 ], [ -121.988172, 38.502876 ], [ -121.98657, 38.502987 ], [ -121.985729, 38.504388 ], [ -121.97939, 38.507645 ], [ -121.978068, 38.508277 ], [ -121.974611, 38.513734 ], [ -121.970688, 38.515779 ], [ -121.967836, 38.520098 ], [ -121.963606, 38.522802 ], [ -121.960398, 38.523008 ], [ -121.95312, 38.525636 ], [ -121.947456, 38.527096 ], [ -121.944623, 38.528933 ], [ -121.942422, 38.532466 ], [ -121.941547, 38.533068 ], [ -121.940285, 38.533384 ], [ -121.932773, 38.531503 ], [ -121.929447, 38.530381 ], [ -121.925323, 38.529705 ], [ -121.921099, 38.529555 ], [ -121.919771, 38.529914 ], [ -121.914104, 38.529534 ], [ -121.908969, 38.529576 ], [ -121.904146, 38.530942 ], [ -121.900484, 38.532378 ], [ -121.897076, 38.532928 ], [ -121.893784, 38.533429 ], [ -121.89113, 38.535097 ], [ -121.888421, 38.537819 ], [ -121.885882, 38.53876 ], [ -121.883609, 38.53905 ], [ -121.88139, 38.538197 ], [ -121.876077, 38.538043 ], [ -121.87172, 38.538484 ], [ -121.867439, 38.537435 ], [ -121.86514, 38.537553 ], [ -121.862673, 38.53838 ], [ -121.86012, 38.538512 ], [ -121.857289, 38.538096 ], [ -121.853738, 38.536794 ], [ -121.851237, 38.536791 ], [ -121.848797, 38.536609 ], [ -121.84406, 38.535238 ], [ -121.839293, 38.533374 ], [ -121.834605, 38.530766 ], [ -121.832557, 38.529757 ], [ -121.825143, 38.529296 ], [ -121.821703, 38.528287 ], [ -121.81333, 38.526023 ], [ -121.809213, 38.526883 ], [ -121.799949, 38.527103 ], [ -121.795187, 38.526943 ], [ -121.789846, 38.524492 ], [ -121.785811, 38.523074 ], [ -121.783559, 38.523287 ], [ -121.783582, 38.523459 ], [ -121.783034, 38.52701 ], [ -121.779698, 38.529912 ], [ -121.776353, 38.530195 ], [ -121.771403, 38.532345 ], [ -121.768726, 38.530937 ], [ -121.768504, 38.530819 ], [ -121.768422, 38.528142 ], [ -121.768156, 38.527178 ], [ -121.767053, 38.526183 ], [ -121.766108, 38.525858 ], [ -121.764717, 38.525917 ], [ -121.763589, 38.526386 ], [ -121.760281, 38.528294 ], [ -121.756944, 38.529572 ], [ -121.750875, 38.530364 ], [ -121.748911, 38.530954 ], [ -121.744628, 38.532936 ], [ -121.738675, 38.537635 ], [ -121.738594, 38.537704 ], [ -121.737778, 38.537469 ], [ -121.737295, 38.537421 ], [ -121.735658, 38.537543 ], [ -121.734641, 38.537522 ], [ -121.732588, 38.536352 ], [ -121.730339, 38.536001 ], [ -121.73014, 38.536001 ], [ -121.728923, 38.535963 ], [ -121.728727, 38.53598 ], [ -121.728134, 38.536069 ], [ -121.726587, 38.536249 ], [ -121.724225, 38.535914 ], [ -121.722442, 38.534875 ], [ -121.721212, 38.534921 ], [ -121.713358, 38.537705 ], [ -121.712034, 38.537962 ], [ -121.709804, 38.535395 ], [ -121.708142, 38.535444 ], [ -121.706143, 38.532034 ], [ -121.704655, 38.532194 ], [ -121.700735, 38.527427 ], [ -121.694677, 38.527054 ], [ -121.695153, 38.522772 ], [ -121.695374, 38.509206 ], [ -121.695481, 38.502191 ], [ -121.695617, 38.494925 ], [ -121.695797, 38.487615 ], [ -121.693639, 38.487604 ], [ -121.693707, 38.452193 ], [ -121.693765, 38.423061 ], [ -121.693772, 38.371847 ], [ -121.693894, 38.344208 ], [ -121.694252, 38.343609 ], [ -121.694464, 38.329621 ], [ -121.694061, 38.328578 ], [ -121.693969, 38.314454 ], [ -121.693697, 38.313732 ], [ -121.667176, 38.313512 ], [ -121.654458, 38.31342 ], [ -121.65324, 38.31339 ], [ -121.616859, 38.313144 ], [ -121.594064, 38.313094 ], [ -121.593273, 38.313089 ], [ -121.597803, 38.310727 ], [ -121.598654, 38.309892 ], [ -121.597579, 38.307175 ], [ -121.599723, 38.304583 ], [ -121.599908, 38.301515 ], [ -121.604506, 38.2974 ], [ -121.60518, 38.296084 ], [ -121.604122, 38.291561 ], [ -121.603946, 38.289513 ], [ -121.605002, 38.286852 ], [ -121.60545, 38.28612 ], [ -121.604861, 38.284835 ], [ -121.604271, 38.284187 ], [ -121.602123, 38.2822 ], [ -121.600826, 38.2794 ], [ -121.601514, 38.275719 ], [ -121.603802, 38.271687 ], [ -121.60401, 38.270103 ], [ -121.601542, 38.263993 ], [ -121.600249, 38.257817 ], [ -121.600745, 38.254218 ], [ -121.601993, 38.252426 ], [ -121.602169, 38.249162 ], [ -121.601801, 38.246346 ], [ -121.602121, 38.241674 ], [ -121.603208, 38.237283 ], [ -121.602494, 38.23272 ], [ -121.602763, 38.230219 ], [ -121.602733, 38.225802 ], [ -121.601996, 38.22265 ], [ -121.602443, 38.22041 ], [ -121.605289, 38.216173 ], [ -121.607979, 38.212874 ], [ -121.611305, 38.206299 ], [ -121.611164, 38.202936 ], [ -121.612102, 38.200068 ], [ -121.614471, 38.196474 ], [ -121.615413, 38.195696 ], [ -121.621355, 38.193578 ], [ -121.622809, 38.193275 ], [ -121.626153, 38.193404 ], [ -121.631876, 38.194369 ], [ -121.635139, 38.193285 ], [ -121.639738, 38.190892 ], [ -121.64213, 38.190024 ], [ -121.645833, 38.186508 ], [ -121.648425, 38.185293 ], [ -121.655108, 38.183108 ], [ -121.656702, 38.183086 ], [ -121.662353, 38.18209 ], [ -121.664557, 38.180601 ], [ -121.665753, 38.179244 ], [ -121.666921, 38.17766 ], [ -121.666985, 38.177036 ], [ -121.667273, 38.176364 ], [ -121.668351, 38.175035 ], [ -121.671625, 38.172476 ], [ -121.676203, 38.166773 ], [ -121.68033, 38.162812 ], [ -121.68457, 38.160764 ], [ -121.685586, 38.159705 ], [ -121.685868, 38.154587 ], [ -121.68705, 38.151869 ], [ -121.687705, 38.146829 ], [ -121.688233, 38.145421 ], [ -121.68972, 38.142565 ], [ -121.690688, 38.139675 ], [ -121.692095, 38.133126 ], [ -121.69579, 38.125515 ], [ -121.699928, 38.119187 ], [ -121.703713, 38.11503 ], [ -121.705166, 38.113813 ], [ -121.706488, 38.111858 ], [ -121.707215, 38.109846 ], [ -121.70779, 38.105132 ], [ -121.708436, 38.091482 ], [ -121.70941, 38.088817 ], [ -121.710888, 38.086489 ], [ -121.713926, 38.084542 ], [ -121.717963, 38.083683 ], [ -121.72745, 38.082363 ], [ -121.729348, 38.082348 ], [ -121.73182, 38.082634 ], [ -121.734888, 38.083739 ], [ -121.741398, 38.087141 ], [ -121.743164, 38.087229 ], [ -121.749122, 38.083988 ], [ -121.755674, 38.080671 ], [ -121.766826, 38.075951 ], [ -121.796395, 38.060847 ], [ -121.79849, 38.060111 ], [ -121.801643, 38.059503 ], [ -121.805243, 38.059647 ], [ -121.810811, 38.060767 ], [ -121.817611, 38.062767 ], [ -121.827916, 38.066223 ], [ -121.832204, 38.069439 ], [ -121.83606, 38.073215 ], [ -121.839308, 38.075455 ], [ -121.842444, 38.076735 ], [ -121.843228, 38.076655 ], [ -121.848541, 38.074223 ], [ -121.852909, 38.072847 ], [ -121.857613, 38.071967 ], [ -121.861597, 38.069887 ], [ -121.865349, 38.071103 ], [ -121.871758, 38.071476 ], [ -121.87607, 38.07238 ], [ -121.880771, 38.074426 ], [ -121.884593, 38.078067 ], [ -121.885422, 38.079742 ], [ -121.885412, 38.080418 ], [ -121.884206, 38.082393 ], [ -121.882496, 38.085051 ], [ -121.882611, 38.087381 ], [ -121.886347, 38.092964 ], [ -121.890351, 38.09539 ], [ -121.894606, 38.096266 ], [ -121.895729, 38.096903 ], [ -121.895655, 38.098683 ], [ -121.894677, 38.100217 ], [ -121.890841, 38.103005 ], [ -121.889489, 38.104932 ], [ -121.889584, 38.106685 ], [ -121.890708, 38.111223 ], [ -121.890887, 38.113332 ], [ -121.890392, 38.115983 ], [ -121.889116, 38.118469 ], [ -121.888644, 38.12111 ], [ -121.889425, 38.124018 ], [ -121.890707, 38.12557 ], [ -121.894273, 38.12662 ], [ -121.896992, 38.125939 ], [ -121.898529, 38.125103 ], [ -121.903306, 38.119577 ], [ -121.906168, 38.118883 ], [ -121.909979, 38.119041 ], [ -121.912923, 38.120555 ], [ -121.914207, 38.122414 ], [ -121.91511, 38.124917 ], [ -121.915424, 38.128324 ], [ -121.915263, 38.131477 ], [ -121.913963, 38.134529 ], [ -121.908748, 38.139888 ], [ -121.908514, 38.141544 ], [ -121.909727, 38.145542 ], [ -121.910362, 38.146482 ], [ -121.91814, 38.151163 ], [ -121.922388, 38.155155 ], [ -121.928255, 38.159805 ], [ -121.9319, 38.164254 ], [ -121.934358, 38.167881 ], [ -121.928967, 38.172468 ], [ -121.925125, 38.174736 ], [ -121.920764, 38.176273 ], [ -121.918633, 38.178625 ], [ -121.923448, 38.1818 ], [ -121.927081, 38.183363 ], [ -121.92902, 38.185008 ], [ -121.930039, 38.187476 ], [ -121.930299, 38.189803 ], [ -121.929059, 38.193316 ], [ -121.927201, 38.195249 ], [ -121.921227, 38.198396 ], [ -121.920709, 38.199389 ], [ -121.922896, 38.206184 ], [ -121.921046, 38.208761 ], [ -121.921334, 38.212848 ], [ -121.918715, 38.214466 ], [ -121.917239, 38.217742 ], [ -121.919364, 38.218865 ], [ -121.917599, 38.220403 ], [ -121.919691, 38.221865 ], [ -121.920182, 38.223446 ], [ -121.91947, 38.225197 ], [ -121.92046, 38.225462 ], [ -121.920785, 38.228396 ], [ -121.915435, 38.228397 ], [ -121.910145, 38.22838 ], [ -121.905865, 38.228363 ], [ -121.903575, 38.228367 ], [ -121.912106, 38.241811 ], [ -121.914167, 38.242875 ], [ -121.915436, 38.242892 ], [ -121.914838, 38.261035 ], [ -121.915457, 38.261371 ], [ -121.915377, 38.264643 ], [ -121.906103, 38.272303 ], [ -121.901604, 38.2754 ], [ -121.892185, 38.282198 ], [ -121.896304, 38.285752 ], [ -121.897422, 38.285746 ], [ -121.90605, 38.279403 ], [ -121.915006, 38.273403 ], [ -121.914826, 38.27921 ], [ -121.91465, 38.286456 ], [ -121.915453, 38.30055 ], [ -121.915511, 38.308247 ], [ -121.93385, 38.308456 ], [ -121.933753, 38.3013 ], [ -121.947219, 38.301475 ], [ -121.94706, 38.304095 ], [ -121.94745, 38.304631 ], [ -121.950497, 38.304897 ], [ -121.951508, 38.305831 ], [ -121.951397, 38.308836 ], [ -121.95397, 38.309115 ], [ -121.958565, 38.311763 ], [ -121.961703, 38.314558 ], [ -121.963831, 38.314942 ], [ -121.963994, 38.314979 ], [ -121.965053, 38.315736 ], [ -121.970516, 38.315726 ], [ -121.976706, 38.315692 ], [ -121.979213, 38.313674 ], [ -121.985419, 38.312875 ], [ -121.987646, 38.313723 ], [ -121.988805, 38.314363 ], [ -121.993168, 38.311884 ], [ -121.995065, 38.311691 ], [ -121.997297, 38.312725 ], [ -121.99966, 38.312485 ], [ -122.003763, 38.31299 ], [ -122.006244, 38.314364 ], [ -122.006762, 38.315782 ], [ -122.009633, 38.315772 ], [ -122.010931, 38.315772 ], [ -122.010089, 38.324219 ], [ -122.02265, 38.324317 ], [ -122.023883, 38.325081 ], [ -122.02545, 38.322733 ], [ -122.031809, 38.315367 ], [ -122.032376, 38.31418 ], [ -122.03266, 38.313268 ], [ -122.033271, 38.309742 ], [ -122.033875, 38.309747 ], [ -122.039234, 38.310272 ], [ -122.037304, 38.31331 ], [ -122.03955, 38.314461 ], [ -122.041898, 38.315046 ], [ -122.047478, 38.314712 ], [ -122.053778, 38.315512 ], [ -122.057578, 38.314812 ], [ -122.058578, 38.313412 ], [ -122.061879, 38.313312 ], [ -122.064779, 38.315912 ], [ -122.065079, 38.317112 ], [ -122.068179, 38.318412 ], [ -122.066279, 38.321012 ], [ -122.065271, 38.323204 ], [ -122.063379, 38.324811 ], [ -122.062079, 38.325111 ], [ -122.061379, 38.327411 ], [ -122.061379, 38.329611 ], [ -122.062979, 38.333511 ], [ -122.064779, 38.333411 ], [ -122.068379, 38.339711 ], [ -122.069779, 38.342811 ], [ -122.069479, 38.344211 ], [ -122.070679, 38.346411 ], [ -122.069679, 38.350811 ], [ -122.07338, 38.358411 ], [ -122.07338, 38.360911 ], [ -122.07608, 38.363711 ], [ -122.07768, 38.363711 ], [ -122.08588, 38.37941 ], [ -122.086071, 38.380498 ], [ -122.089164, 38.384662 ], [ -122.090338, 38.385446 ], [ -122.09278, 38.388515 ], [ -122.098475, 38.393007 ], [ -122.098873, 38.393894 ], [ -122.107357, 38.402387 ], [ -122.109583, 38.40461 ], [ -122.109709, 38.407442 ], [ -122.112182, 38.409509 ], [ -122.114081, 38.412198 ], [ -122.114982, 38.412309 ], [ -122.114692, 38.413908 ], [ -122.117983, 38.414109 ], [ -122.119721, 38.418029 ], [ -122.123458, 38.423074 ], [ -122.124952, 38.423921 ], [ -122.126389, 38.428918 ], [ -122.126628, 38.435451 ] ] ] } },
{ "type": "Feature", "properties": { "STATEFP20": "06", "PUMACE20": "08106", "AFFGEOID20": "795P200US0608106", "GEOID20": "0608106", "NAMELSAD20": "San Mateo County (Southeast)--Menlo Park, East Palo Alto Cities & Atherton Town PUMA", "STUSPS20": "CA", "ST_NAME20": "California", "LSAD20": "P0", "ALAND20": 155231163, "AWATER20": 4526524, "puma_geoid": "0608106", "display": "Menlo Park, East Palo Alto Cities & Atherton (San Mateo Co., Southeast)", "place": "Menlo Park, East Palo Alto Cities & Atherton Town", "NAME": "San Mateo County (Southeast)--Menlo Park, East Palo Alto Cities & Atherton Town PUMA; California", "total_housing_units": 41235, "occupied_units": 37008, "vacant_units": 4227, "vacancy_rate": 0.10251000363768641, "median_gross_rent": 2729, "median_gross_rent_display": "$2,729", "median_home_value": 2000001, "median_home_value_display": "$2,000,000+", "home_value_topcoded": true, "county": "San Mateo", "subregion": "Southeast", "city": "Bay Area" }, "geometry": { "type": "Polygon", "coordinates": [ [ [ -122.334314, 37.447569 ], [ -122.327134, 37.451766 ], [ -122.324635, 37.452642 ], [ -122.319636, 37.455327 ], [ -122.316254, 37.455385 ], [ -122.312285, 37.454393 ], [ -122.30678, 37.455038 ], [ -122.303368, 37.454562 ], [ -122.299744, 37.454497 ], [ -122.299132, 37.455028 ], [ -122.300647, 37.457405 ], [ -122.299513, 37.458556 ], [ -122.29752, 37.459515 ], [ -122.29773, 37.460922 ], [ -122.299109, 37.46216 ], [ -122.298698, 37.46321 ], [ -122.292403, 37.468454 ], [ -122.291136, 37.469493 ], [ -122.28766, 37.470477 ], [ -122.282779, 37.474515 ], [ -122.280311, 37.474593 ], [ -122.280118, 37.474545 ], [ -122.278203, 37.474146 ], [ -122.276839, 37.474561 ], [ -122.270738, 37.474534 ], [ -122.263696, 37.475073 ], [ -122.263237, 37.475363 ], [ -122.26177, 37.477719 ], [ -122.260278, 37.477272 ], [ -122.261437, 37.474064 ], [ -122.260254, 37.472618 ], [ -122.25957, 37.472207 ], [ -122.259475, 37.470776 ], [ -122.258551, 37.469096 ], [ -122.259147, 37.468553 ], [ -122.262756, 37.46821 ], [ -122.262909, 37.468124 ], [ -122.262457, 37.467143 ], [ -122.258783, 37.465981 ], [ -122.257901, 37.464547 ], [ -122.25695, 37.464982 ], [ -122.25679, 37.465145 ], [ -122.255846, 37.465551 ], [ -122.25476, 37.464793 ], [ -122.255951, 37.46394 ], [ -122.256123, 37.463803 ], [ -122.255702, 37.462684 ], [ -122.255839, 37.462258 ], [ -122.255149, 37.461731 ], [ -122.258161, 37.459879 ], [ -122.258951, 37.459714 ], [ -122.261144, 37.461276 ], [ -122.261958, 37.461298 ], [ -122.263535, 37.457852 ], [ -122.265382, 37.458641 ], [ -122.267599, 37.457254 ], [ -122.267924, 37.456815 ], [ -122.268021, 37.456358 ], [ -122.266623, 37.454113 ], [ -122.269091, 37.452246 ], [ -122.266632, 37.450758 ], [ -122.263071, 37.449421 ], [ -122.263861, 37.448108 ], [ -122.260313, 37.448378 ], [ -122.260262, 37.447453 ], [ -122.257343, 37.447204 ], [ -122.24694, 37.455486 ], [ -122.243654, 37.453223 ], [ -122.240316, 37.455013 ], [ -122.238022, 37.453345 ], [ -122.231608, 37.448758 ], [ -122.227889, 37.456716 ], [ -122.227609, 37.457207 ], [ -122.226289, 37.459634 ], [ -122.226243, 37.459729 ], [ -122.22557, 37.461014 ], [ -122.224778, 37.464346 ], [ -122.221019, 37.462793 ], [ -122.218966, 37.462607 ], [ -122.21832, 37.463112 ], [ -122.217738, 37.46429 ], [ -122.216267, 37.464893 ], [ -122.21245, 37.469684 ], [ -122.213684, 37.470656 ], [ -122.215359, 37.471868 ], [ -122.216776, 37.472895 ], [ -122.215461, 37.474825 ], [ -122.21523, 37.475165 ], [ -122.21764, 37.477094 ], [ -122.217246, 37.477545 ], [ -122.21721, 37.477639 ], [ -122.216117, 37.477454 ], [ -122.214969, 37.479067 ], [ -122.214751, 37.478923 ], [ -122.213375, 37.478013 ], [ -122.212843, 37.477654 ], [ -122.210044, 37.481687 ], [ -122.209403, 37.482605 ], [ -122.212072, 37.483156 ], [ -122.213282, 37.483411 ], [ -122.213408, 37.485225 ], [ -122.202086, 37.482932 ], [ -122.201425, 37.48267 ], [ -122.199117, 37.486632 ], [ -122.189891, 37.485484 ], [ -122.185998, 37.484816 ], [ -122.182876, 37.483998 ], [ -122.18221, 37.485133 ], [ -122.189293, 37.486661 ], [ -122.189165, 37.487383 ], [ -122.18952, 37.487418 ], [ -122.189498, 37.487529 ], [ -122.183696, 37.488351 ], [ -122.182775, 37.48825 ], [ -122.178497, 37.486989 ], [ -122.178492, 37.487149 ], [ -122.179122, 37.487273 ], [ -122.17937, 37.487482 ], [ -122.17946, 37.488015 ], [ -122.179205, 37.488614 ], [ -122.179191, 37.489361 ], [ -122.178984, 37.489372 ], [ -122.178442, 37.488956 ], [ -122.178465, 37.497773 ], [ -122.178182, 37.498268 ], [ -122.175988, 37.498198 ], [ -122.173044, 37.496217 ], [ -122.168765, 37.496332 ], [ -122.164222904189998, 37.501637896040499 ], [ -122.162091, 37.500222 ], [ -122.155686, 37.501198 ], [ -122.149632, 37.502671 ], [ -122.139717, 37.507032 ], [ -122.136166, 37.506826 ], [ -122.130979, 37.503652 ], [ -122.128906966822001, 37.501373586493798 ], [ -122.127706, 37.500053 ], [ -122.127617495261006, 37.499703997704202 ], [ -122.124107, 37.485861 ], [ -122.124038486242995, 37.485696844150702 ], [ -122.123975195791999, 37.485545203106099 ], [ -122.120507873807, 37.477237657192397 ], [ -122.120498, 37.477214 ], [ -122.121028274424006, 37.476568186435401 ], [ -122.121061858805007, 37.476527284502097 ], [ -122.121077740925998, 37.4765079418965 ], [ -122.122637416033001, 37.4746084361011 ], [ -122.123137, 37.474 ], [ -122.122012696032002, 37.472707151000499 ], [ -122.117547, 37.467572 ], [ -122.115388465083996, 37.4664027296649 ], [ -122.115657, 37.465907 ], [ -122.117693, 37.465238 ], [ -122.123754, 37.461321 ], [ -122.123835, 37.461215 ], [ -122.121772, 37.454241 ], [ -122.122375, 37.453376 ], [ -122.125976, 37.453554 ], [ -122.127856, 37.452737 ], [ -122.128294, 37.451862 ], [ -122.129884, 37.453089 ], [ -122.133901, 37.454377 ], [ -122.136708, 37.454337 ], [ -122.138774, 37.454802 ], [ -122.141907, 37.457831 ], [ -122.143034, 37.458113 ], [ -122.144933, 37.4582 ], [ -122.146761, 37.456585 ], [ -122.148738, 37.457091 ], [ -122.153513, 37.456677 ], [ -122.155928, 37.455418 ], [ -122.155708, 37.454176 ], [ -122.157686, 37.453495 ], [ -122.159519, 37.454721 ], [ -122.162378, 37.453884 ], [ -122.162695, 37.453844 ], [ -122.165302, 37.452843 ], [ -122.16582, 37.450926 ], [ -122.168747, 37.447435 ], [ -122.170303, 37.447185 ], [ -122.171706, 37.44678 ], [ -122.174146, 37.444779 ], [ -122.175136, 37.443014 ], [ -122.175704, 37.441884 ], [ -122.179804, 37.44084 ], [ -122.17986, 37.439461 ], [ -122.182175, 37.439478 ], [ -122.184559, 37.434093 ], [ -122.187653, 37.433313 ], [ -122.190506, 37.430956 ], [ -122.189879, 37.42883 ], [ -122.18961, 37.427137 ], [ -122.191325, 37.425302 ], [ -122.19084, 37.424365 ], [ -122.190707, 37.424149 ], [ -122.188294, 37.422302 ], [ -122.187915, 37.420016 ], [ -122.190267, 37.418477 ], [ -122.187194, 37.416547 ], [ -122.187557, 37.414841 ], [ -122.192365, 37.413868 ], [ -122.192108, 37.413099 ], [ -122.193608, 37.41167 ], [ -122.194195, 37.409088 ], [ -122.194331, 37.408867 ], [ -122.194445, 37.40761 ], [ -122.19363, 37.40593 ], [ -122.193466, 37.405652 ], [ -122.192606, 37.404187 ], [ -122.19149, 37.398758 ], [ -122.191862, 37.397643 ], [ -122.190016, 37.394857 ], [ -122.190064, 37.391148 ], [ -122.190622, 37.390374 ], [ -122.191008, 37.384401 ], [ -122.193099, 37.382737 ], [ -122.196676, 37.377535 ], [ -122.199329, 37.37442 ], [ -122.199328, 37.372671 ], [ -122.200706, 37.371964 ], [ -122.201007, 37.371215 ], [ -122.201318, 37.367013 ], [ -122.202591, 37.36272 ], [ -122.202467, 37.360272 ], [ -122.201489, 37.358046 ], [ -122.198205, 37.354272 ], [ -122.196696, 37.35188 ], [ -122.195803, 37.35058 ], [ -122.195899, 37.348299 ], [ -122.193504, 37.344997 ], [ -122.191404, 37.343475 ], [ -122.19029, 37.34197 ], [ -122.185954, 37.338701 ], [ -122.185232, 37.336459 ], [ -122.182723, 37.332857 ], [ -122.175075, 37.325741 ], [ -122.178546, 37.325158 ], [ -122.17928, 37.326195 ], [ -122.183235, 37.326235 ], [ -122.185458, 37.323737 ], [ -122.186516, 37.322031 ], [ -122.18876, 37.320916 ], [ -122.192513, 37.318795 ], [ -122.197329, 37.32039 ], [ -122.200807, 37.322949 ], [ -122.204895, 37.324746 ], [ -122.209748, 37.32885 ], [ -122.210771, 37.330441 ], [ -122.210896, 37.330591 ], [ -122.215237, 37.333317 ], [ -122.217221, 37.335858 ], [ -122.216998, 37.338295 ], [ -122.217363, 37.339805 ], [ -122.22015, 37.341167 ], [ -122.223594, 37.342452 ], [ -122.228711, 37.345206 ], [ -122.230398, 37.347656 ], [ -122.232723, 37.348953 ], [ -122.236728, 37.349794 ], [ -122.239629, 37.351465 ], [ -122.244008, 37.355952 ], [ -122.246842, 37.357905 ], [ -122.247721, 37.359927 ], [ -122.24692, 37.36283 ], [ -122.247886, 37.365027 ], [ -122.247646, 37.367295 ], [ -122.252442, 37.371862 ], [ -122.25448, 37.369766 ], [ -122.256495, 37.368783 ], [ -122.25607, 37.367907 ], [ -122.257664, 37.366938 ], [ -122.256617, 37.363014 ], [ -122.252091, 37.362978 ], [ -122.254468, 37.360951 ], [ -122.253342, 37.359781 ], [ -122.254421, 37.359502 ], [ -122.258877, 37.361512 ], [ -122.26064, 37.358474 ], [ -122.263674, 37.359069 ], [ -122.264352, 37.357616 ], [ -122.266091, 37.357161 ], [ -122.263752, 37.359617 ], [ -122.260607, 37.360024 ], [ -122.261196, 37.362276 ], [ -122.260309, 37.363078 ], [ -122.264436, 37.36257 ], [ -122.264276, 37.364301 ], [ -122.2653, 37.366867 ], [ -122.26608, 37.374291 ], [ -122.266562, 37.374945 ], [ -122.265196, 37.381028 ], [ -122.265361, 37.38211 ], [ -122.266145, 37.383742 ], [ -122.268168, 37.385957 ], [ -122.270735, 37.387447 ], [ -122.273093, 37.388024 ], [ -122.275845, 37.387746 ], [ -122.280893, 37.387737 ], [ -122.284927, 37.390166 ], [ -122.286639, 37.390037 ], [ -122.291861, 37.392278 ], [ -122.290356, 37.392246 ], [ -122.292086, 37.393753 ], [ -122.291896, 37.395495 ], [ -122.29373, 37.396331 ], [ -122.29381, 37.397784 ], [ -122.293086, 37.398087 ], [ -122.293735, 37.399678 ], [ -122.297668, 37.401021 ], [ -122.2989, 37.402622 ], [ -122.302443, 37.405224 ], [ -122.305901, 37.406587 ], [ -122.307189, 37.407485 ], [ -122.307471, 37.409394 ], [ -122.306189, 37.410843 ], [ -122.306327, 37.411714 ], [ -122.308155, 37.413285 ], [ -122.310649, 37.413609 ], [ -122.31865, 37.419534 ], [ -122.318599, 37.42001 ], [ -122.318815, 37.421236 ], [ -122.319398, 37.423176 ], [ -122.319129, 37.423942 ], [ -122.318635, 37.424164 ], [ -122.316539, 37.423986 ], [ -122.314936, 37.42418 ], [ -122.312842, 37.425365 ], [ -122.310722, 37.427214 ], [ -122.313093, 37.430054 ], [ -122.313895, 37.430728 ], [ -122.316224, 37.433502 ], [ -122.317426, 37.433634 ], [ -122.320571, 37.435332 ], [ -122.323774, 37.440654 ], [ -122.325539, 37.442425 ], [ -122.330415, 37.446011 ], [ -122.331896, 37.446758 ], [ -122.334314, 37.447569 ] ] ] } },
{ "type": "Feature", "properties": { "STATEFP20": "06", "PUMACE20": "08506", "AFFGEOID20": "795P200US0608506", "GEOID20": "0608506", "NAMELSAD20": "Santa Clara County (East)--Gilroy, Morgan Hill & San Jose (South) Cities PUMA", "STUSPS20": "CA", "ST_NAME20": "California", "LSAD20": "P0", "ALAND20": 2152288671, "AWATER20": 13432166, "puma_geoid": "0608506", "display": "Gilroy, Morgan Hill & San Jose (South) (Santa Clara Co., East)", "place": "Gilroy, Morgan Hill & San Jose (South) Cities", "NAME": "Santa Clara County (East)--Gilroy, Morgan Hill & San Jose (South) Cities PUMA; California", "total_housing_units": 40289, "occupied_units": 38391, "vacant_units": 1898, "vacancy_rate": 0.047109632902280998, "median_gross_rent": 2256, "median_gross_rent_display": "$2,256", "median_home_value": 1082000, "median_home_value_display": "$1,082,000", "home_value_topcoded": false, "county": "Santa Clara", "subregion": "East", "city": "Bay Area" }, "geometry": { "type": "Polygon", "coordinates": [ [ [ -121.855762, 37.484537 ], [ -121.837876, 37.484373 ], [ -121.736814, 37.483884 ], [ -121.670399, 37.48274 ], [ -121.660944, 37.482831 ], [ -121.608284, 37.482633 ], [ -121.564355, 37.482433 ], [ -121.472952, 37.482333 ], [ -121.472648, 37.48217 ], [ -121.472975, 37.480676 ], [ -121.474527, 37.479344 ], [ -121.476342, 37.480294 ], [ -121.478885, 37.479714 ], [ -121.48341, 37.475423 ], [ -121.486775, 37.475652 ], [ -121.486252, 37.474333 ], [ -121.484252, 37.466032 ], [ -121.483102, 37.46516 ], [ -121.477198, 37.463248 ], [ -121.474509, 37.461526 ], [ -121.473452, 37.460169 ], [ -121.473089, 37.456764 ], [ -121.469554, 37.455743 ], [ -121.468933, 37.453875 ], [ -121.467179, 37.453341 ], [ -121.465332, 37.454549 ], [ -121.464022, 37.453838 ], [ -121.464052, 37.452477 ], [ -121.462917, 37.451489 ], [ -121.462791, 37.450033 ], [ -121.462655, 37.448438 ], [ -121.463476, 37.445692 ], [ -121.462151, 37.442334 ], [ -121.46186, 37.438799 ], [ -121.464139, 37.437603 ], [ -121.469936, 37.430872 ], [ -121.470338, 37.427709 ], [ -121.468758, 37.425285 ], [ -121.472204, 37.424131 ], [ -121.472606, 37.423345 ], [ -121.466251, 37.415034 ], [ -121.463551, 37.415934 ], [ -121.456351, 37.406735 ], [ -121.455651, 37.401035 ], [ -121.458251, 37.398135 ], [ -121.456651, 37.395535 ], [ -121.45155, 37.394635 ], [ -121.449804, 37.392288 ], [ -121.448163, 37.391677 ], [ -121.444583, 37.393361 ], [ -121.442744, 37.392763 ], [ -121.44025, 37.394535 ], [ -121.438957, 37.39462 ], [ -121.436085, 37.39613 ], [ -121.43155, 37.394235 ], [ -121.42405, 37.393635 ], [ -121.41945, 37.390735 ], [ -121.414055, 37.389708 ], [ -121.412549, 37.389435 ], [ -121.412156, 37.387272 ], [ -121.410629, 37.386108 ], [ -121.409075, 37.380672 ], [ -121.411051, 37.378379 ], [ -121.415849, 37.375916 ], [ -121.416129, 37.373709 ], [ -121.41765, 37.369836 ], [ -121.41929, 37.364445 ], [ -121.4225, 37.363091 ], [ -121.42365, 37.358837 ], [ -121.422153, 37.356025 ], [ -121.41981, 37.352807 ], [ -121.419549, 37.35112 ], [ -121.42046, 37.350467 ], [ -121.420596, 37.347765 ], [ -121.419821, 37.34654 ], [ -121.42075, 37.344737 ], [ -121.40915, 37.330637 ], [ -121.41115, 37.327537 ], [ -121.410218, 37.325061 ], [ -121.411939, 37.324445 ], [ -121.409398, 37.321464 ], [ -121.408333, 37.31762 ], [ -121.40748, 37.313114 ], [ -121.406334, 37.312762 ], [ -121.405753, 37.31099 ], [ -121.407519, 37.309837 ], [ -121.408942, 37.309877 ], [ -121.411315, 37.308031 ], [ -121.414258, 37.306509 ], [ -121.414748, 37.30536 ], [ -121.418115, 37.303416 ], [ -121.419062, 37.302006 ], [ -121.42275, 37.299138 ], [ -121.423452, 37.295287 ], [ -121.427244, 37.295914 ], [ -121.431391, 37.294994 ], [ -121.434017, 37.292934 ], [ -121.436816, 37.291971 ], [ -121.438502, 37.293168 ], [ -121.44112, 37.293857 ], [ -121.443551, 37.296638 ], [ -121.44965, 37.293939 ], [ -121.448918, 37.290094 ], [ -121.452973, 37.286735 ], [ -121.454009, 37.28405 ], [ -121.458051, 37.284139 ], [ -121.459068, 37.282319 ], [ -121.453966, 37.277184 ], [ -121.454064, 37.275098 ], [ -121.454849, 37.263141 ], [ -121.455928, 37.262883 ], [ -121.457255, 37.260943 ], [ -121.45502, 37.25555 ], [ -121.455974, 37.253919 ], [ -121.455526, 37.252847 ], [ -121.45575, 37.24944 ], [ -121.45262, 37.246378 ], [ -121.452633, 37.245364 ], [ -121.448145, 37.239494 ], [ -121.448493, 37.23702 ], [ -121.446083, 37.235967 ], [ -121.445199, 37.234508 ], [ -121.443452, 37.233358 ], [ -121.441746, 37.231127 ], [ -121.436104, 37.229365 ], [ -121.434074, 37.226449 ], [ -121.431559, 37.227816 ], [ -121.428947, 37.225387 ], [ -121.427832, 37.225205 ], [ -121.426398, 37.223496 ], [ -121.425088, 37.223545 ], [ -121.422219, 37.221934 ], [ -121.421495, 37.219966 ], [ -121.421894, 37.218208 ], [ -121.421075, 37.214826 ], [ -121.418369, 37.213211 ], [ -121.416869, 37.211262 ], [ -121.416862, 37.206044 ], [ -121.415721, 37.202408 ], [ -121.415323, 37.199001 ], [ -121.413755, 37.197648 ], [ -121.411704, 37.194924 ], [ -121.411718, 37.193608 ], [ -121.410463, 37.192008 ], [ -121.410209, 37.189596 ], [ -121.411525, 37.185407 ], [ -121.40946, 37.18415 ], [ -121.408905, 37.180842 ], [ -121.41114, 37.177852 ], [ -121.410076, 37.175757 ], [ -121.411652, 37.173358 ], [ -121.413395, 37.172899 ], [ -121.412201, 37.171325 ], [ -121.408863, 37.170108 ], [ -121.407727, 37.169006 ], [ -121.407601, 37.163241 ], [ -121.40653, 37.158835 ], [ -121.404636, 37.155989 ], [ -121.401141, 37.15492 ], [ -121.400004, 37.150863 ], [ -121.399019, 37.150135 ], [ -121.397463, 37.150595 ], [ -121.393424, 37.148131 ], [ -121.392005, 37.150256 ], [ -121.388517, 37.151424 ], [ -121.385316, 37.151972 ], [ -121.383551, 37.151487 ], [ -121.381686, 37.157635 ], [ -121.383957, 37.160161 ], [ -121.384155, 37.162001 ], [ -121.383245, 37.162988 ], [ -121.384552, 37.165507 ], [ -121.384266, 37.166201 ], [ -121.382914, 37.167881 ], [ -121.379654, 37.168006 ], [ -121.377066, 37.171731 ], [ -121.373332, 37.173963 ], [ -121.372209, 37.176962 ], [ -121.364535, 37.180318 ], [ -121.36317, 37.183509 ], [ -121.360942, 37.184321 ], [ -121.359558, 37.184453 ], [ -121.35708, 37.18339 ], [ -121.354561, 37.183893 ], [ -121.35176, 37.181951 ], [ -121.350155, 37.181703 ], [ -121.346666, 37.179914 ], [ -121.343657, 37.176935 ], [ -121.342382, 37.174192 ], [ -121.338294, 37.173517 ], [ -121.334349, 37.170803 ], [ -121.332548, 37.171277 ], [ -121.331878, 37.170011 ], [ -121.328409, 37.16595 ], [ -121.326015, 37.166718 ], [ -121.323233, 37.16643 ], [ -121.318908, 37.167684 ], [ -121.318071, 37.167261 ], [ -121.314034, 37.16791 ], [ -121.314066, 37.169401 ], [ -121.312882, 37.170147 ], [ -121.311644, 37.170041 ], [ -121.306044, 37.166641 ], [ -121.302619, 37.16816 ], [ -121.300672, 37.166273 ], [ -121.298552, 37.165963 ], [ -121.295586, 37.168905 ], [ -121.292525, 37.17048 ], [ -121.29152, 37.170337 ], [ -121.290655, 37.172132 ], [ -121.290959, 37.175427 ], [ -121.287728, 37.177367 ], [ -121.287478, 37.179189 ], [ -121.286063, 37.181139 ], [ -121.284297, 37.180895 ], [ -121.284097, 37.182509 ], [ -121.282271, 37.183675 ], [ -121.281107, 37.183603 ], [ -121.280194, 37.183072 ], [ -121.277776, 37.179631 ], [ -121.275378, 37.178739 ], [ -121.273625, 37.174381 ], [ -121.273101, 37.173325 ], [ -121.269507, 37.171171 ], [ -121.267159, 37.167134 ], [ -121.264601, 37.163895 ], [ -121.262093, 37.159323 ], [ -121.259858, 37.158845 ], [ -121.255638, 37.158872 ], [ -121.250687, 37.158225 ], [ -121.248763, 37.157661 ], [ -121.245722, 37.157831 ], [ -121.243842, 37.15857 ], [ -121.24248, 37.157469 ], [ -121.239307, 37.157739 ], [ -121.23711, 37.157204 ], [ -121.236378, 37.156079 ], [ -121.236558, 37.15404 ], [ -121.235495, 37.152898 ], [ -121.236145, 37.149724 ], [ -121.234979, 37.147763 ], [ -121.233316, 37.143549 ], [ -121.232297, 37.139893 ], [ -121.23134, 37.138542 ], [ -121.226804, 37.134774 ], [ -121.222863, 37.131337 ], [ -121.222717, 37.130426 ], [ -121.223282, 37.129062 ], [ -121.221913, 37.126366 ], [ -121.220707, 37.124689 ], [ -121.217339, 37.123042 ], [ -121.221713, 37.116068 ], [ -121.223788, 37.115081 ], [ -121.225159, 37.110898 ], [ -121.22555, 37.11064 ], [ -121.226304, 37.109708 ], [ -121.225538, 37.106842 ], [ -121.230526, 37.10477 ], [ -121.230052, 37.100842 ], [ -121.229739, 37.099042 ], [ -121.230439, 37.096942 ], [ -121.231975, 37.097125 ], [ -121.233504, 37.095581 ], [ -121.238375, 37.093416 ], [ -121.243019, 37.092711 ], [ -121.243644, 37.090739 ], [ -121.245484, 37.089148 ], [ -121.241977, 37.085128 ], [ -121.240163, 37.086144 ], [ -121.235493, 37.086234 ], [ -121.23088, 37.083137 ], [ -121.229288, 37.081515 ], [ -121.227612, 37.080941 ], [ -121.224638, 37.078943 ], [ -121.222925, 37.073814 ], [ -121.21955, 37.072546 ], [ -121.216838, 37.070593 ], [ -121.215799, 37.069223 ], [ -121.209637, 37.068243 ], [ -121.210337, 37.066044 ], [ -121.208228, 37.062013 ], [ -121.208378, 37.060932 ], [ -121.208959, 37.058683 ], [ -121.21096, 37.056234 ], [ -121.213061, 37.055098 ], [ -121.218735, 37.057139 ], [ -121.223387, 37.057507 ], [ -121.224518, 37.056237 ], [ -121.223156, 37.05523 ], [ -121.225808, 37.052071 ], [ -121.224507, 37.039743 ], [ -121.236138, 37.036945 ], [ -121.238851, 37.034033 ], [ -121.238971, 37.032593 ], [ -121.241104, 37.031714 ], [ -121.245201, 37.03224 ], [ -121.248461, 37.033488 ], [ -121.247499, 37.0311 ], [ -121.247779, 37.029801 ], [ -121.245989, 37.025575 ], [ -121.242967, 37.021648 ], [ -121.241682, 37.02119 ], [ -121.239977, 37.018437 ], [ -121.239165, 37.018341 ], [ -121.235356, 37.013316 ], [ -121.233337, 37.011746 ], [ -121.235411, 37.010561 ], [ -121.237826, 37.009961 ], [ -121.238166, 37.009086 ], [ -121.236337, 37.008346 ], [ -121.236976, 37.006584 ], [ -121.235504, 37.005771 ], [ -121.234794, 37.003764 ], [ -121.235176, 37.002641 ], [ -121.233913, 37.001415 ], [ -121.233137, 36.999346 ], [ -121.235737, 36.998346 ], [ -121.241517, 36.997381 ], [ -121.242915, 36.994282 ], [ -121.245137, 36.992922 ], [ -121.245132, 36.991437 ], [ -121.246638, 36.987048 ], [ -121.245887, 36.983036 ], [ -121.243877, 36.980091 ], [ -121.23955, 36.976156 ], [ -121.237358, 36.973121 ], [ -121.234088, 36.970882 ], [ -121.232128, 36.968892 ], [ -121.229342, 36.967649 ], [ -121.224833, 36.967433 ], [ -121.219713, 36.962971 ], [ -121.216526, 36.962072 ], [ -121.215406, 36.961248 ], [ -121.352847, 36.96019 ], [ -121.353513, 36.960041 ], [ -121.370343, 36.960549 ], [ -121.383444, 36.960549 ], [ -121.383565, 36.960639 ], [ -121.418253, 36.96064 ], [ -121.430984, 36.971343 ], [ -121.434563, 36.973983 ], [ -121.43629, 36.97698 ], [ -121.437697, 36.97851 ], [ -121.447346, 36.982955 ], [ -121.449747, 36.986148 ], [ -121.449119, 36.988211 ], [ -121.450607, 36.988944 ], [ -121.456647, 36.986648 ], [ -121.457547, 36.987548 ], [ -121.460046, 36.985748 ], [ -121.463656, 36.984877 ], [ -121.465948, 36.982148 ], [ -121.463561, 36.978294 ], [ -121.467939, 36.976772 ], [ -121.471151, 36.977974 ], [ -121.488949, 36.983148 ], [ -121.501488, 36.971895 ], [ -121.503739, 36.968299 ], [ -121.504552, 36.967847 ], [ -121.50528, 36.964216 ], [ -121.508145, 36.963649 ], [ -121.509401, 36.960039 ], [ -121.512275, 36.959036 ], [ -121.512263, 36.957997 ], [ -121.510185, 36.956019 ], [ -121.510231, 36.954053 ], [ -121.512045, 36.952675 ], [ -121.511681, 36.949343 ], [ -121.512065, 36.94804 ], [ -121.513813, 36.945155 ], [ -121.515805, 36.944331 ], [ -121.516857, 36.942558 ], [ -121.519152, 36.941972 ], [ -121.522226, 36.939691 ], [ -121.523591, 36.93709 ], [ -121.526819, 36.935747 ], [ -121.529384, 36.933471 ], [ -121.534463, 36.930933 ], [ -121.535145, 36.9297 ], [ -121.539234, 36.927302 ], [ -121.54068, 36.925542 ], [ -121.540754, 36.924628 ], [ -121.539265, 36.923185 ], [ -121.540016, 36.920765 ], [ -121.542499, 36.919282 ], [ -121.544875, 36.918854 ], [ -121.547136, 36.917375 ], [ -121.548009, 36.917391 ], [ -121.55126, 36.91565 ], [ -121.553493, 36.915199 ], [ -121.55632, 36.911938 ], [ -121.558452, 36.910468 ], [ -121.558997, 36.906701 ], [ -121.560159, 36.903072 ], [ -121.559992, 36.897941 ], [ -121.560272, 36.897111 ], [ -121.562901, 36.896252 ], [ -121.566923, 36.897073 ], [ -121.571394, 36.897075 ], [ -121.573741, 36.89558 ], [ -121.575402, 36.893033 ], [ -121.576862, 36.893739 ], [ -121.581354, 36.899152 ], [ -121.581455, 36.900252 ], [ -121.581154, 36.919252 ], [ -121.590154, 36.919252 ], [ -121.590354, 36.926151 ], [ -121.607155, 36.926051 ], [ -121.624755, 36.940451 ], [ -121.624048, 36.938494 ], [ -121.626055, 36.939797 ], [ -121.63046, 36.940544 ], [ -121.631856, 36.939253 ], [ -121.637055, 36.939053 ], [ -121.638856, 36.937651 ], [ -121.642256, 36.936351 ], [ -121.641025, 36.932224 ], [ -121.641414, 36.932232 ], [ -121.645791, 36.93233 ], [ -121.648856, 36.937251 ], [ -121.653056, 36.941751 ], [ -121.654056, 36.944751 ], [ -121.652856, 36.945751 ], [ -121.652271, 36.947628 ], [ -121.653675, 36.947717 ], [ -121.654038, 36.950584 ], [ -121.655119, 36.95105 ], [ -121.658357, 36.950551 ], [ -121.661557, 36.951751 ], [ -121.663257, 36.951851 ], [ -121.663307, 36.953507 ], [ -121.66433, 36.95514 ], [ -121.662857, 36.959151 ], [ -121.663957, 36.960651 ], [ -121.664787, 36.963714 ], [ -121.66613, 36.96434 ], [ -121.66993, 36.963641 ], [ -121.672257, 36.964351 ], [ -121.672657, 36.965451 ], [ -121.674757, 36.965351 ], [ -121.678258, 36.96785 ], [ -121.683658, 36.967051 ], [ -121.686658, 36.967451 ], [ -121.687758, 36.966951 ], [ -121.693303, 36.96823 ], [ -121.698129, 36.972605 ], [ -121.698428, 36.974984 ], [ -121.697679, 36.977745 ], [ -121.696222, 36.98056 ], [ -121.696658, 36.98135 ], [ -121.695258, 36.98275 ], [ -121.695358, 36.98515 ], [ -121.699658, 36.98625 ], [ -121.705244, 36.986245 ], [ -121.705509, 36.98936 ], [ -121.70981, 36.990603 ], [ -121.711375, 36.990581 ], [ -121.710405, 36.992341 ], [ -121.710918, 36.993066 ], [ -121.71466, 36.99313 ], [ -121.71709, 36.99407 ], [ -121.717878, 36.995561 ], [ -121.730471, 36.990822 ], [ -121.732312, 36.989664 ], [ -121.734689, 36.989336 ], [ -121.73567, 36.989641 ], [ -121.736385, 36.989367 ], [ -121.738697, 36.989991 ], [ -121.734853, 36.99105 ], [ -121.734184, 36.992766 ], [ -121.731328, 36.992709 ], [ -121.729807, 36.993555 ], [ -121.728346, 36.99682 ], [ -121.729624, 36.997872 ], [ -121.718762, 37.007557 ], [ -121.72265, 37.008924 ], [ -121.726566, 37.012054 ], [ -121.727815, 37.009862 ], [ -121.736186, 37.015342 ], [ -121.731313, 37.022417 ], [ -121.730439, 37.022218 ], [ -121.730814, 37.020324 ], [ -121.72869, 37.019926 ], [ -121.728315, 37.020922 ], [ -121.725771, 37.02065 ], [ -121.72782, 37.02275 ], [ -121.73913, 37.02718 ], [ -121.74238, 37.03024 ], [ -121.744335, 37.033672 ], [ -121.746361, 37.034749 ], [ -121.747761, 37.037749 ], [ -121.752355, 37.0438 ], [ -121.75492, 37.04845 ], [ -121.7576, 37.04963 ], [ -121.760678, 37.0476 ], [ -121.76468, 37.04922 ], [ -121.76339, 37.0506 ], [ -121.76322, 37.05177 ], [ -121.76696, 37.05328 ], [ -121.77295, 37.05262 ], [ -121.77517, 37.05296 ], [ -121.77605, 37.05486 ], [ -121.778257, 37.056065 ], [ -121.78155, 37.056991 ], [ -121.78201, 37.05836 ], [ -121.78604, 37.06199 ], [ -121.78812, 37.06227 ], [ -121.79014, 37.06363 ], [ -121.79355, 37.06431 ], [ -121.79582, 37.06356 ], [ -121.80084, 37.06604 ], [ -121.80151, 37.06749 ], [ -121.804367, 37.068571 ], [ -121.805944, 37.068281 ], [ -121.809076, 37.069301 ], [ -121.810527, 37.070674 ], [ -121.812516, 37.075155 ], [ -121.81719, 37.07788 ], [ -121.81649, 37.08037 ], [ -121.8184, 37.08382 ], [ -121.82226, 37.08569 ], [ -121.82366, 37.08605 ], [ -121.82402, 37.08757 ], [ -121.829062, 37.087916 ], [ -121.83154, 37.0886 ], [ -121.83217, 37.0897 ], [ -121.83433, 37.09123 ], [ -121.83877, 37.09209 ], [ -121.83865, 37.09322 ], [ -121.842509, 37.094545 ], [ -121.842784, 37.09456 ], [ -121.84414, 37.09473 ], [ -121.84449, 37.0965 ], [ -121.84629, 37.09702 ], [ -121.84441, 37.09746 ], [ -121.84375, 37.09987 ], [ -121.84321, 37.10079 ], [ -121.84492, 37.10315 ], [ -121.84811, 37.10542 ], [ -121.847606, 37.10631 ], [ -121.844444, 37.106694 ], [ -121.841897, 37.109574 ], [ -121.845646, 37.108354 ], [ -121.84429, 37.111036 ], [ -121.841227, 37.111022 ], [ -121.835233, 37.111889 ], [ -121.832664, 37.112247 ], [ -121.829464, 37.117347 ], [ -121.828864, 37.122647 ], [ -121.829264, 37.125146 ], [ -121.826463, 37.127546 ], [ -121.824063, 37.134746 ], [ -121.823771, 37.13855 ], [ -121.817205, 37.142667 ], [ -121.816816, 37.143991 ], [ -121.815577, 37.14645 ], [ -121.815771, 37.148874 ], [ -121.814497, 37.150202 ], [ -121.814766, 37.151767 ], [ -121.813414, 37.152338 ], [ -121.812849, 37.153933 ], [ -121.811235, 37.152877 ], [ -121.809618, 37.153138 ], [ -121.807921, 37.152672 ], [ -121.804999, 37.15308 ], [ -121.802866, 37.154459 ], [ -121.801953, 37.156389 ], [ -121.799347, 37.155432 ], [ -121.79975, 37.15641 ], [ -121.798725, 37.157053 ], [ -121.800915, 37.160216 ], [ -121.801999, 37.164282 ], [ -121.803008, 37.165005 ], [ -121.802647, 37.166432 ], [ -121.799777, 37.168192 ], [ -121.798627, 37.171048 ], [ -121.796643, 37.172134 ], [ -121.794823, 37.171869 ], [ -121.791115, 37.172604 ], [ -121.787779, 37.172158 ], [ -121.787408, 37.172653 ], [ -121.78725, 37.172713 ], [ -121.786583, 37.173257 ], [ -121.786398, 37.173554 ], [ -121.785938, 37.173949 ], [ -121.785533, 37.174064 ], [ -121.785484, 37.174345 ], [ -121.785169, 37.17468 ], [ -121.784777, 37.174812 ], [ -121.784695, 37.17518 ], [ -121.784969, 37.175218 ], [ -121.785257, 37.175608 ], [ -121.78512, 37.176383 ], [ -121.785449, 37.177158 ], [ -121.785312, 37.177592 ], [ -121.785662, 37.178026 ], [ -121.785751, 37.178323 ], [ -121.785339, 37.178839 ], [ -121.784947, 37.178998 ], [ -121.781823, 37.17858 ], [ -121.779818, 37.179162 ], [ -121.782447, 37.179536 ], [ -121.782666, 37.181206 ], [ -121.784301, 37.180773 ], [ -121.782041, 37.182656 ], [ -121.77838, 37.183326 ], [ -121.776218, 37.182528 ], [ -121.776732, 37.183891 ], [ -121.774494, 37.182978 ], [ -121.773093, 37.183247 ], [ -121.772984, 37.181901 ], [ -121.773403, 37.181753 ], [ -121.773767, 37.181407 ], [ -121.773259, 37.181346 ], [ -121.772785, 37.181121 ], [ -121.772263, 37.181137 ], [ -121.771625, 37.180368 ], [ -121.770829, 37.180213 ], [ -121.770898, 37.17968 ], [ -121.770342, 37.179565 ], [ -121.770084, 37.179819 ], [ -121.768158, 37.179092 ], [ -121.767819, 37.178731 ], [ -121.767417, 37.178196 ], [ -121.766968, 37.178355 ], [ -121.76686, 37.179278 ], [ -121.766157, 37.179649 ], [ -121.765926, 37.179646 ], [ -121.764918, 37.178382 ], [ -121.764479, 37.178057 ], [ -121.764046, 37.177535 ], [ -121.763847, 37.177507 ], [ -121.765438, 37.180332 ], [ -121.761627, 37.180841 ], [ -121.761182, 37.181659 ], [ -121.76169, 37.182238 ], [ -121.760328, 37.18279 ], [ -121.759358, 37.184823 ], [ -121.759783, 37.186176 ], [ -121.763827, 37.188953 ], [ -121.762964, 37.190831 ], [ -121.764561, 37.190187 ], [ -121.767125, 37.192067 ], [ -121.768661, 37.192145 ], [ -121.769663, 37.191876 ], [ -121.774473, 37.193175 ], [ -121.779534, 37.195722 ], [ -121.779669, 37.196428 ], [ -121.778861, 37.196606 ], [ -121.777461, 37.19712 ], [ -121.777138, 37.197326 ], [ -121.77692, 37.197722 ], [ -121.77692, 37.197973 ], [ -121.777127, 37.198367 ], [ -121.777062, 37.19865 ], [ -121.777691, 37.200061 ], [ -121.778209, 37.201086 ], [ -121.778474, 37.202212 ], [ -121.778574, 37.202815 ], [ -121.779761, 37.205144 ], [ -121.779561, 37.207244 ], [ -121.778225, 37.208188 ], [ -121.775662, 37.212243 ], [ -121.772762, 37.213142 ], [ -121.770934, 37.21633 ], [ -121.770862, 37.217377 ], [ -121.768031, 37.217012 ], [ -121.765885, 37.214519 ], [ -121.765077, 37.21539 ], [ -121.764792, 37.215917 ], [ -121.762803, 37.217724 ], [ -121.761311, 37.216586 ], [ -121.759881, 37.217316 ], [ -121.758941, 37.217544 ], [ -121.758672, 37.217763 ], [ -121.758865, 37.218744 ], [ -121.756217, 37.220208 ], [ -121.751064, 37.221645 ], [ -121.748378, 37.222133 ], [ -121.746942, 37.222715 ], [ -121.747773, 37.223945 ], [ -121.751149, 37.226434 ], [ -121.750803, 37.226686 ], [ -121.75027, 37.227038 ], [ -121.749062, 37.227872 ], [ -121.748397, 37.228449 ], [ -121.747478, 37.229526 ], [ -121.747299, 37.229748 ], [ -121.746841, 37.230303 ], [ -121.746611, 37.231705 ], [ -121.741256, 37.233945 ], [ -121.739827, 37.234957 ], [ -121.737644, 37.234516 ], [ -121.735238, 37.235178 ], [ -121.72947, 37.235026 ], [ -121.726853, 37.237548 ], [ -121.72226, 37.236677 ], [ -121.718467, 37.236899 ], [ -121.724578, 37.241898 ], [ -121.733432, 37.248829 ], [ -121.730847, 37.255124 ], [ -121.727571, 37.264056 ], [ -121.716959, 37.285041 ], [ -121.716959, 37.285541 ], [ -121.712463, 37.289149 ], [ -121.709987, 37.291139 ], [ -121.711432, 37.297057 ], [ -121.711293, 37.298505 ], [ -121.710642, 37.301535 ], [ -121.715302, 37.309438 ], [ -121.732233, 37.338931 ], [ -121.732563, 37.339345 ], [ -121.741031, 37.353779 ], [ -121.742485, 37.355514 ], [ -121.7448, 37.359399 ], [ -121.745891, 37.360707 ], [ -121.750568, 37.361949 ], [ -121.753946, 37.363751 ], [ -121.754103, 37.365454 ], [ -121.756126, 37.366153 ], [ -121.760137, 37.370001 ], [ -121.761823, 37.370035 ], [ -121.762613, 37.372227 ], [ -121.764808, 37.373596 ], [ -121.765369, 37.374939 ], [ -121.766531, 37.375225 ], [ -121.768202, 37.377753 ], [ -121.771581, 37.381836 ], [ -121.771952, 37.38299 ], [ -121.774519, 37.383969 ], [ -121.775063, 37.384881 ], [ -121.777349, 37.385173 ], [ -121.779256, 37.384432 ], [ -121.783049, 37.387076 ], [ -121.782821, 37.388048 ], [ -121.78377, 37.391525 ], [ -121.784058, 37.395433 ], [ -121.784767, 37.395823 ], [ -121.78648, 37.398823 ], [ -121.786555, 37.401059 ], [ -121.789517, 37.401472 ], [ -121.791975, 37.403516 ], [ -121.791782, 37.403959 ], [ -121.791809, 37.40445 ], [ -121.791664, 37.404889 ], [ -121.790927, 37.405235 ], [ -121.790252, 37.405318 ], [ -121.789119, 37.405224 ], [ -121.789014, 37.405354 ], [ -121.78864, 37.404893 ], [ -121.787443, 37.404603 ], [ -121.786436, 37.404212 ], [ -121.785088, 37.403729 ], [ -121.781884, 37.404648 ], [ -121.782526, 37.40501 ], [ -121.790175, 37.413824 ], [ -121.791456, 37.415283 ], [ -121.806237, 37.431954 ], [ -121.808338, 37.434374 ], [ -121.80878, 37.43418 ], [ -121.81067, 37.43416 ], [ -121.81166, 37.43391 ], [ -121.81227, 37.43356 ], [ -121.81304, 37.43338 ], [ -121.81696, 37.43398 ], [ -121.8199, 37.43548 ], [ -121.819092, 37.437454 ], [ -121.81937, 37.43791 ], [ -121.82158, 37.43885 ], [ -121.82521, 37.439846 ], [ -121.82898, 37.43972 ], [ -121.83247, 37.43834 ], [ -121.83477, 37.43848 ], [ -121.83603, 37.44211 ], [ -121.83744, 37.44314 ], [ -121.84062, 37.44439 ], [ -121.83915, 37.44764 ], [ -121.84041, 37.44802 ], [ -121.84212, 37.45011 ], [ -121.84045, 37.45054 ], [ -121.83987, 37.45175 ], [ -121.84106, 37.45227 ], [ -121.84138, 37.45415 ], [ -121.84076, 37.45483 ], [ -121.8434, 37.45692 ], [ -121.84223, 37.45844 ], [ -121.84219, 37.45986 ], [ -121.84328, 37.46031 ], [ -121.84351, 37.46187 ], [ -121.84494, 37.4625 ], [ -121.84491, 37.46556 ], [ -121.8466, 37.4663 ], [ -121.84683, 37.46849 ], [ -121.84806, 37.47145 ], [ -121.85108, 37.47652 ], [ -121.85209, 37.48048 ], [ -121.85529, 37.48307 ], [ -121.855762, 37.484537 ] ] ] } },
{ "type": "Feature", "properties": { "STATEFP20": "06", "PUMACE20": "00112", "AFFGEOID20": "795P200US0600112", "GEOID20": "0600112", "NAMELSAD20": "Alameda County (Northwest)--Oakland City (Oakland Hills) PUMA", "STUSPS20": "CA", "ST_NAME20": "California", "LSAD20": "P0", "ALAND20": 60860440, "AWATER20": 187919, "puma_geoid": "0600112", "display": "Oakland City (Oakland Hills) (Alameda Co., Northwest)", "place": "Oakland City (Oakland Hills)", "NAME": "Alameda County (Northwest)--Oakland City (Oakland Hills) PUMA; California", "total_housing_units": 51311, "occupied_units": 48304, "vacant_units": 3007, "vacancy_rate": 0.058603418370329903, "median_gross_rent": 2289, "median_gross_rent_display": "$2,289", "median_home_value": 1272400, "median_home_value_display": "$1,272,400", "home_value_topcoded": false, "county": "Alameda", "subregion": "Northwest", "city": "Bay Area" }, "geometry": { "type": "Polygon", "coordinates": [ [ [ -122.267828, 37.827044 ], [ -122.266895, 37.831339 ], [ -122.266494, 37.833405 ], [ -122.265631, 37.837636 ], [ -122.264164, 37.839997 ], [ -122.26186, 37.841353 ], [ -122.258584, 37.842397 ], [ -122.257923, 37.842606 ], [ -122.254366, 37.843773 ], [ -122.251857, 37.844746 ], [ -122.247313, 37.846563 ], [ -122.243716, 37.848513 ], [ -122.243323, 37.849072 ], [ -122.244044, 37.850257 ], [ -122.242427, 37.850833 ], [ -122.241914, 37.851909 ], [ -122.234191, 37.852544 ], [ -122.234305, 37.853607 ], [ -122.234761, 37.85779 ], [ -122.241614, 37.857066 ], [ -122.242347, 37.85761 ], [ -122.244505, 37.859129 ], [ -122.244065, 37.860776 ], [ -122.244235, 37.861066 ], [ -122.244274, 37.861427 ], [ -122.244166, 37.861497 ], [ -122.244404, 37.862663 ], [ -122.245525, 37.864036 ], [ -122.244733, 37.865788 ], [ -122.245338, 37.865986 ], [ -122.244779, 37.866706 ], [ -122.244928, 37.867684 ], [ -122.244991, 37.868353 ], [ -122.245156, 37.869737 ], [ -122.245495, 37.872812 ], [ -122.246333, 37.880231 ], [ -122.246439, 37.881203 ], [ -122.246827, 37.884073 ], [ -122.24691, 37.885355 ], [ -122.241971, 37.881927 ], [ -122.238679, 37.883325 ], [ -122.22884, 37.881023 ], [ -122.226035, 37.879703 ], [ -122.22362, 37.878566 ], [ -122.221414, 37.87564 ], [ -122.219804, 37.873495 ], [ -122.21764, 37.87225 ], [ -122.216372, 37.869075 ], [ -122.216972, 37.868776 ], [ -122.217784, 37.868356 ], [ -122.219791, 37.867332 ], [ -122.221418, 37.865468 ], [ -122.219826, 37.864771 ], [ -122.212923, 37.857784 ], [ -122.21238, 37.857234 ], [ -122.211854, 37.856801 ], [ -122.211586, 37.85636 ], [ -122.210408, 37.855065 ], [ -122.208898, 37.851941 ], [ -122.2031, 37.851192 ], [ -122.202657, 37.85048 ], [ -122.200997, 37.847878 ], [ -122.200842, 37.847616 ], [ -122.199754, 37.846992 ], [ -122.198718, 37.846419 ], [ -122.196571, 37.844714 ], [ -122.195106, 37.843605 ], [ -122.195046, 37.843 ], [ -122.195348, 37.842626 ], [ -122.195623, 37.841913 ], [ -122.188671, 37.837919 ], [ -122.18827, 37.837905 ], [ -122.185116, 37.837353 ], [ -122.184526, 37.835916 ], [ -122.183818, 37.834353 ], [ -122.185647, 37.831726 ], [ -122.187024, 37.827537 ], [ -122.186183, 37.826153 ], [ -122.185729, 37.825366 ], [ -122.186368, 37.823547 ], [ -122.186871, 37.822082 ], [ -122.185577, 37.820726 ], [ -122.181224, 37.819341 ], [ -122.177873, 37.816323 ], [ -122.175474, 37.81459 ], [ -122.174159, 37.81027 ], [ -122.175418, 37.808227 ], [ -122.176513, 37.807214 ], [ -122.177769, 37.806667 ], [ -122.178297, 37.806025 ], [ -122.179036, 37.805126 ], [ -122.179139, 37.805002 ], [ -122.179157, 37.804981 ], [ -122.178199, 37.804014 ], [ -122.178139, 37.803964 ], [ -122.176953, 37.804711 ], [ -122.175957, 37.802699 ], [ -122.170615, 37.800138 ], [ -122.168388, 37.799128 ], [ -122.168411, 37.80094 ], [ -122.170519, 37.802686 ], [ -122.170248, 37.804699 ], [ -122.167528, 37.805789 ], [ -122.164805, 37.804651 ], [ -122.164802, 37.804473 ], [ -122.164146, 37.802929 ], [ -122.161632, 37.801443 ], [ -122.161732, 37.80115 ], [ -122.162292, 37.800904 ], [ -122.162322, 37.800022 ], [ -122.159697, 37.800057 ], [ -122.158064, 37.797354 ], [ -122.15667, 37.796478 ], [ -122.152262, 37.796471 ], [ -122.152291, 37.793082 ], [ -122.143317, 37.793017 ], [ -122.143244, 37.790349 ], [ -122.141799, 37.789751 ], [ -122.143706, 37.787393 ], [ -122.134634, 37.778216 ], [ -122.134337, 37.778283 ], [ -122.13375, 37.777319 ], [ -122.131808, 37.775339 ], [ -122.128683, 37.769608 ], [ -122.12525, 37.763753 ], [ -122.124562, 37.762106 ], [ -122.124213, 37.761329 ], [ -122.121287, 37.757301 ], [ -122.11883, 37.754204 ], [ -122.118553, 37.753796 ], [ -122.116126, 37.750264 ], [ -122.115813, 37.748726 ], [ -122.115503, 37.748871 ], [ -122.114799, 37.74022 ], [ -122.115234, 37.739153 ], [ -122.115091, 37.735279 ], [ -122.119964, 37.732042 ], [ -122.121082, 37.731899 ], [ -122.122213, 37.729795 ], [ -122.122168, 37.729386 ], [ -122.124462, 37.728588 ], [ -122.127244, 37.729827 ], [ -122.131227, 37.730427 ], [ -122.132345, 37.731726 ], [ -122.130491, 37.73277 ], [ -122.132624, 37.733911 ], [ -122.134438, 37.734305 ], [ -122.136693, 37.731867 ], [ -122.138752, 37.730947 ], [ -122.138977, 37.730932 ], [ -122.139886, 37.73447 ], [ -122.140243, 37.736051 ], [ -122.140772, 37.737282 ], [ -122.141134, 37.737767 ], [ -122.144044, 37.740307 ], [ -122.146051, 37.742802 ], [ -122.145883, 37.742969 ], [ -122.148647, 37.745129 ], [ -122.151677, 37.751124 ], [ -122.151206, 37.75364 ], [ -122.148211, 37.75686 ], [ -122.147737, 37.758759 ], [ -122.148141, 37.760488 ], [ -122.155169, 37.770856 ], [ -122.156288, 37.772002 ], [ -122.158068, 37.773348 ], [ -122.164035, 37.776422 ], [ -122.165991, 37.777292 ], [ -122.173619, 37.781129 ], [ -122.177329, 37.783424 ], [ -122.178401, 37.783822 ], [ -122.179451, 37.784019 ], [ -122.180701, 37.78407 ], [ -122.183689, 37.784167 ], [ -122.187784, 37.784355 ], [ -122.188586, 37.784446 ], [ -122.192183, 37.785265 ], [ -122.195775, 37.786829 ], [ -122.194846, 37.787285 ], [ -122.198304, 37.791118 ], [ -122.200653, 37.793713 ], [ -122.20095, 37.794015 ], [ -122.203371, 37.796096 ], [ -122.208027, 37.7986 ], [ -122.208794, 37.798478 ], [ -122.214117, 37.799805 ], [ -122.216221, 37.800294 ], [ -122.216974, 37.798404 ], [ -122.218581, 37.798803 ], [ -122.220981, 37.799362 ], [ -122.22417, 37.799977 ], [ -122.228499, 37.80097 ], [ -122.23117, 37.802605 ], [ -122.233397, 37.804375 ], [ -122.235416, 37.805624 ], [ -122.241982, 37.808552 ], [ -122.246504, 37.809841 ], [ -122.248598, 37.810505 ], [ -122.248008, 37.811513 ], [ -122.25019, 37.813009 ], [ -122.251451, 37.816157 ], [ -122.253679, 37.819001 ], [ -122.254479, 37.819625 ], [ -122.254132, 37.819833 ], [ -122.254566, 37.821528 ], [ -122.255661, 37.822603 ], [ -122.258083, 37.824297 ], [ -122.25868, 37.824515 ], [ -122.260006, 37.822421 ], [ -122.261996, 37.823012 ], [ -122.268563, 37.824462 ], [ -122.267828, 37.827044 ] ], [ [ -122.24939, 37.822846 ], [ -122.247573, 37.821569 ], [ -122.245164, 37.819354 ], [ -122.244722, 37.819119 ], [ -122.244206, 37.819034 ], [ -122.244023, 37.818993 ], [ -122.243742, 37.818931 ], [ -122.243672, 37.818857 ], [ -122.243662, 37.818847 ], [ -122.24185, 37.818475 ], [ -122.241683, 37.818437 ], [ -122.241278, 37.818153 ], [ -122.23931, 37.817841 ], [ -122.239021, 37.817592 ], [ -122.238181, 37.817381 ], [ -122.235694, 37.816952 ], [ -122.235251, 37.817008 ], [ -122.235137, 37.816892 ], [ -122.23507, 37.816849 ], [ -122.234903, 37.816864 ], [ -122.234659, 37.816799 ], [ -122.233938, 37.816644 ], [ -122.233296, 37.816492 ], [ -122.232245, 37.816194 ], [ -122.227109, 37.815045 ], [ -122.225988, 37.814782 ], [ -122.225234, 37.814605 ], [ -122.225227, 37.814358 ], [ -122.224011, 37.81435 ], [ -122.221714, 37.813669 ], [ -122.220433, 37.813439 ], [ -122.219885, 37.813333 ], [ -122.217935, 37.812891 ], [ -122.216677, 37.812829 ], [ -122.215174, 37.812276 ], [ -122.214677, 37.812688 ], [ -122.214183, 37.813047 ], [ -122.213204, 37.814506 ], [ -122.212968, 37.814913 ], [ -122.212751, 37.816127 ], [ -122.212469, 37.816722 ], [ -122.210178, 37.818613 ], [ -122.210251, 37.818655 ], [ -122.211458, 37.819419 ], [ -122.21215, 37.819852 ], [ -122.212238, 37.819907 ], [ -122.214119, 37.821089 ], [ -122.214332, 37.821209 ], [ -122.214391, 37.821245 ], [ -122.214439, 37.821273 ], [ -122.219642, 37.824511 ], [ -122.221116, 37.825912 ], [ -122.221724, 37.826732 ], [ -122.221614, 37.826802 ], [ -122.222161, 37.82724 ], [ -122.222369, 37.827658 ], [ -122.224456, 37.830256 ], [ -122.225156, 37.831085 ], [ -122.225391, 37.831283 ], [ -122.22701, 37.832664 ], [ -122.230793, 37.832716 ], [ -122.231385, 37.831458 ], [ -122.237127, 37.831032 ], [ -122.237048, 37.830823 ], [ -122.241087, 37.830439 ], [ -122.243288, 37.830063 ], [ -122.243358, 37.829833 ], [ -122.245476, 37.827538 ], [ -122.24768, 37.826241 ], [ -122.248118, 37.824815 ], [ -122.249295, 37.823722 ], [ -122.24939, 37.822846 ] ] ] } },
{ "type": "Feature", "properties": { "STATEFP20": "06", "PUMACE20": "07513", "AFFGEOID20": "795P200US0607513", "GEOID20": "0607513", "NAMELSAD20": "San Francisco County (Southwest)--Ingleside & South Central PUMA", "STUSPS20": "CA", "ST_NAME20": "California", "LSAD20": "P0", "ALAND20": 20878958, "AWATER20": 2438632, "puma_geoid": "0607513", "display": "Ingleside & South Central (San Francisco Co., Southwest)", "place": "Ingleside & South Central", "NAME": "San Francisco County (Southwest)--Ingleside & South Central PUMA; California", "total_housing_units": 37483, "occupied_units": 35048, "vacant_units": 2435, "vacancy_rate": 0.064962783128351506, "median_gross_rent": 2565, "median_gross_rent_display": "$2,565", "median_home_value": 1450200, "median_home_value_display": "$1,450,200", "home_value_topcoded": false, "county": "San Francisco", "subregion": "Southwest", "city": "Bay Area" }, "geometry": { "type": "Polygon", "coordinates": [ [ [ -122.508121548602006, 37.735439533220202 ], [ -122.506796, 37.735559 ], [ -122.506135, 37.735571 ], [ -122.502031, 37.735515 ], [ -122.501041, 37.7353 ], [ -122.499139, 37.734404 ], [ -122.497487, 37.733925 ], [ -122.496564, 37.733856 ], [ -122.493942, 37.733981 ], [ -122.494126, 37.736631 ], [ -122.494253, 37.738493 ], [ -122.494404, 37.740352 ], [ -122.494504, 37.742222 ], [ -122.485335, 37.742626 ], [ -122.475726, 37.743049 ], [ -122.470235, 37.743289 ], [ -122.468073, 37.743384 ], [ -122.466043, 37.743555 ], [ -122.465807, 37.743574 ], [ -122.463686, 37.743749 ], [ -122.461381, 37.745569 ], [ -122.459174, 37.747286 ], [ -122.458743, 37.746876 ], [ -122.453645, 37.745696 ], [ -122.451692, 37.745629 ], [ -122.449861, 37.743265 ], [ -122.44711, 37.74258 ], [ -122.445987, 37.74118 ], [ -122.442857, 37.739767 ], [ -122.442552, 37.738097 ], [ -122.442404, 37.73764 ], [ -122.443649, 37.736519 ], [ -122.443744, 37.735739 ], [ -122.441927, 37.735941 ], [ -122.439937, 37.734838 ], [ -122.438408, 37.734341 ], [ -122.435852, 37.733837 ], [ -122.432535, 37.733123 ], [ -122.429391, 37.734636 ], [ -122.428573, 37.735082 ], [ -122.426158, 37.733971 ], [ -122.428038, 37.732016 ], [ -122.429304, 37.730742 ], [ -122.430199, 37.729872 ], [ -122.431294, 37.72873 ], [ -122.431801, 37.728249 ], [ -122.432447, 37.727637 ], [ -122.433624, 37.726236 ], [ -122.433982, 37.725762 ], [ -122.434798, 37.724683 ], [ -122.435385, 37.723909 ], [ -122.435977, 37.72313 ], [ -122.43715, 37.721575 ], [ -122.440141, 37.717692 ], [ -122.440418, 37.717245 ], [ -122.440999, 37.716488 ], [ -122.441896, 37.715308 ], [ -122.443706, 37.713592 ], [ -122.444571, 37.712783 ], [ -122.446091, 37.711592 ], [ -122.448377, 37.710373 ], [ -122.449309, 37.709946 ], [ -122.452665, 37.708806 ], [ -122.454356, 37.708232 ], [ -122.458509, 37.708231 ], [ -122.45905, 37.708231 ], [ -122.464896, 37.708186 ], [ -122.468939, 37.708232 ], [ -122.471329, 37.708233 ], [ -122.485788, 37.708116 ], [ -122.486127, 37.708145 ], [ -122.486376, 37.708156 ], [ -122.498093, 37.708132 ], [ -122.498302, 37.708132 ], [ -122.502426880724002, 37.708132986105802 ], [ -122.506483, 37.723731 ], [ -122.507057485355006, 37.727836084742201 ], [ -122.508121548602006, 37.735439533220202 ] ] ] } },
{ "type": "Feature", "properties": { "STATEFP20": "06", "PUMACE20": "01311", "AFFGEOID20": "795P200US0601311", "GEOID20": "0601311", "NAMELSAD20": "Contra Costa County (West)--Concord (West), Martinez & Pleasant Hill Cities PUMA", "STUSPS20": "CA", "ST_NAME20": "California", "LSAD20": "P0", "ALAND20": 192476087, "AWATER20": 10694189, "puma_geoid": "0601311", "display": "Concord (West), Martinez & Pleasant Hill (Contra Costa Co., West)", "place": "Concord (West), Martinez & Pleasant Hill Cities", "NAME": "Contra Costa County (West)--Concord (West), Martinez & Pleasant Hill Cities PUMA; California", "total_housing_units": 47692, "occupied_units": 46112, "vacant_units": 1580, "vacancy_rate": 0.033129245995135399, "median_gross_rent": 2228, "median_gross_rent_display": "$2,228", "median_home_value": 803800, "median_home_value_display": "$803,800", "home_value_topcoded": false, "county": "Contra Costa", "subregion": "West", "city": "Bay Area" }, "geometry": { "type": "Polygon", "coordinates": [ [ [ -122.278563, 37.920006 ], [ -122.270672, 37.92392 ], [ -122.270606, 37.921384 ], [ -122.264178, 37.921471 ], [ -122.263189, 37.921488 ], [ -122.263734, 37.920931 ], [ -122.254611, 37.920579 ], [ -122.255502, 37.921539 ], [ -122.268272, 37.936904 ], [ -122.271061, 37.939807 ], [ -122.265716, 37.942565 ], [ -122.264081, 37.943616 ], [ -122.260894, 37.945705 ], [ -122.26428, 37.946023 ], [ -122.266563, 37.946227 ], [ -122.267593, 37.947802 ], [ -122.268075, 37.947565 ], [ -122.268767, 37.948623 ], [ -122.26931, 37.949933 ], [ -122.270715, 37.952207 ], [ -122.271418, 37.952891 ], [ -122.271941, 37.953213 ], [ -122.270723, 37.955747 ], [ -122.270308, 37.956152 ], [ -122.269175, 37.957007 ], [ -122.268371, 37.957504 ], [ -122.266506, 37.959093 ], [ -122.265851, 37.959387 ], [ -122.264102, 37.959492 ], [ -122.260668, 37.960978 ], [ -122.259504, 37.962271 ], [ -122.251844, 37.964102 ], [ -122.247085, 37.963948 ], [ -122.246773, 37.964017 ], [ -122.245669, 37.964575 ], [ -122.243067, 37.968113 ], [ -122.24296, 37.968468 ], [ -122.243152, 37.971105 ], [ -122.241641, 37.971816 ], [ -122.237347, 37.972104 ], [ -122.234465, 37.973965 ], [ -122.230873, 37.97504 ], [ -122.228709, 37.973475 ], [ -122.225796, 37.973475 ], [ -122.223748, 37.972761 ], [ -122.221535, 37.970605 ], [ -122.218893, 37.969789 ], [ -122.216396, 37.969897 ], [ -122.215124, 37.970474 ], [ -122.210023, 37.96868 ], [ -122.208853, 37.967204 ], [ -122.204969, 37.964742 ], [ -122.219943, 37.983614 ], [ -122.221769, 37.98589 ], [ -122.226511, 37.986198 ], [ -122.227185, 37.984991 ], [ -122.234392, 37.98443 ], [ -122.234973, 37.984354 ], [ -122.235999, 37.983406 ], [ -122.249966, 37.992076 ], [ -122.248729, 37.995419 ], [ -122.247043, 37.995657 ], [ -122.247271, 37.996399 ], [ -122.245501, 37.995805 ], [ -122.24155, 38.000121 ], [ -122.243031, 38.001546 ], [ -122.244808, 38.001904 ], [ -122.243269, 38.003467 ], [ -122.240831, 38.003701 ], [ -122.23771, 38.005371 ], [ -122.2391, 38.007218 ], [ -122.248065, 38.008679 ], [ -122.252485, 38.013028 ], [ -122.253672, 38.014187 ], [ -122.251413, 38.014576 ], [ -122.246083, 38.015323 ], [ -122.242109, 38.015005 ], [ -122.236845, 38.013452 ], [ -122.232358, 38.011145 ], [ -122.229799, 38.010381 ], [ -122.229314, 38.010247 ], [ -122.228588, 38.009992 ], [ -122.227308, 38.009405 ], [ -122.224543, 38.008297 ], [ -122.216197, 38.007198 ], [ -122.213413, 38.007128 ], [ -122.21071, 38.007682 ], [ -122.209664, 38.007878 ], [ -122.205623, 38.00871 ], [ -122.205052, 38.008888 ], [ -122.191636, 38.01497 ], [ -122.190383, 38.01566 ], [ -122.187395, 38.016327 ], [ -122.182554, 38.016005 ], [ -122.17934, 38.015647 ], [ -122.177621, 38.015077 ], [ -122.178169, 38.019265 ], [ -122.179721, 38.021687 ], [ -122.182006, 38.023654 ], [ -122.18333, 38.025799 ], [ -122.186944, 38.026112 ], [ -122.187764, 38.029194 ], [ -122.189502, 38.030779 ], [ -122.191209, 38.031193 ], [ -122.191273, 38.032281 ], [ -122.19424, 38.03446 ], [ -122.194985, 38.036348 ], [ -122.19244, 38.04112 ], [ -122.192077, 38.041184 ], [ -122.188674, 38.042026 ], [ -122.185983, 38.040921 ], [ -122.183999, 38.040952 ], [ -122.182574, 38.039493 ], [ -122.183086, 38.03845 ], [ -122.180618, 38.037927 ], [ -122.179425, 38.035664 ], [ -122.177075, 38.036295 ], [ -122.174667, 38.035974 ], [ -122.174309, 38.034583 ], [ -122.173443, 38.034756 ], [ -122.167577, 38.036721 ], [ -122.165662, 38.035399 ], [ -122.164577, 38.034721 ], [ -122.159681, 38.033399 ], [ -122.156852, 38.032946 ], [ -122.148577, 38.031721 ], [ -122.146866, 38.031727 ], [ -122.141533, 38.031862 ], [ -122.139366, 38.032177 ], [ -122.131536, 38.034492 ], [ -122.130174, 38.034718 ], [ -122.123161, 38.036082 ], [ -122.121131, 38.037891 ], [ -122.120095, 38.038221 ], [ -122.118083, 38.03934 ], [ -122.099776, 38.047008 ], [ -122.098726, 38.04746 ], [ -122.095733, 38.048355 ], [ -122.092551, 38.043892 ], [ -122.085612, 38.035266 ], [ -122.083878, 38.033766 ], [ -122.080999, 38.032019 ], [ -122.080389, 38.031665 ], [ -122.080022, 38.031427 ], [ -122.07125, 38.027297 ], [ -122.070181, 38.025572 ], [ -122.070246, 38.025066 ], [ -122.070913, 38.024541 ], [ -122.070612, 38.020529 ], [ -122.069496, 38.015916 ], [ -122.066431, 38.011341 ], [ -122.066084, 38.009982 ], [ -122.062774, 38.006053 ], [ -122.058129, 38.001717 ], [ -122.057078, 38.000077 ], [ -122.053378, 38.001091 ], [ -122.053211, 38.001135 ], [ -122.039187, 38.004682 ], [ -122.037973, 38.005204 ], [ -122.033983, 38.007304 ], [ -122.031632, 38.00824 ], [ -122.028981, 38.008941 ], [ -122.022687, 38.009927 ], [ -122.022537, 38.009304 ], [ -122.022953, 38.006253 ], [ -122.023976, 38.004417 ], [ -122.025327, 38.002871 ], [ -122.030794, 37.99532 ], [ -122.033258, 37.99155 ], [ -122.033724, 37.989466 ], [ -122.033701, 37.988354 ], [ -122.031081, 37.981595 ], [ -122.029593, 37.978545 ], [ -122.029104, 37.977365 ], [ -122.028856, 37.97679 ], [ -122.028664, 37.975462 ], [ -122.03091, 37.974403 ], [ -122.031579, 37.975287 ], [ -122.033786, 37.97424 ], [ -122.033103, 37.973295 ], [ -122.032589, 37.971862 ], [ -122.0319, 37.969403 ], [ -122.031971, 37.9687 ], [ -122.031229, 37.968387 ], [ -122.031391, 37.966795 ], [ -122.03081, 37.964167 ], [ -122.030172, 37.962521 ], [ -122.03317, 37.960433 ], [ -122.033643, 37.960066 ], [ -122.035681, 37.958653 ], [ -122.038965, 37.956369 ], [ -122.041429, 37.954643 ], [ -122.042677, 37.953761 ], [ -122.043257, 37.953351 ], [ -122.044281, 37.952629 ], [ -122.047867, 37.950155 ], [ -122.049816, 37.948787 ], [ -122.050853, 37.948085 ], [ -122.050952, 37.948018 ], [ -122.051637, 37.947546 ], [ -122.053803, 37.951622 ], [ -122.053898, 37.953071 ], [ -122.05429, 37.953663 ], [ -122.055976, 37.949964 ], [ -122.05802, 37.945398 ], [ -122.059948, 37.940673 ], [ -122.060178, 37.938032 ], [ -122.060052, 37.933319 ], [ -122.060084, 37.931695 ], [ -122.060193, 37.931696 ], [ -122.060742, 37.931719 ], [ -122.061532, 37.932328 ], [ -122.070234, 37.933341 ], [ -122.0735, 37.933345 ], [ -122.073518, 37.928699 ], [ -122.073517, 37.928182 ], [ -122.073508, 37.926336 ], [ -122.078273, 37.926281 ], [ -122.085857, 37.926148 ], [ -122.086334, 37.926034 ], [ -122.087997, 37.92526 ], [ -122.089469, 37.924944 ], [ -122.090583, 37.924674 ], [ -122.094424, 37.923704 ], [ -122.096973, 37.921547 ], [ -122.096106, 37.925106 ], [ -122.0959, 37.927537 ], [ -122.097147, 37.931925 ], [ -122.096443, 37.933024 ], [ -122.092543, 37.934589 ], [ -122.090464, 37.936065 ], [ -122.089795, 37.937578 ], [ -122.089876, 37.940861 ], [ -122.089914, 37.941275 ], [ -122.090197, 37.945001 ], [ -122.09003, 37.947727 ], [ -122.089358, 37.952322 ], [ -122.087837, 37.95416 ], [ -122.089885, 37.955343 ], [ -122.091161, 37.95651 ], [ -122.091854, 37.956386 ], [ -122.093217, 37.955063 ], [ -122.102395, 37.954977 ], [ -122.103138, 37.954957 ], [ -122.103744, 37.956318 ], [ -122.104191, 37.956307 ], [ -122.106459, 37.956214 ], [ -122.10699, 37.956 ], [ -122.10806, 37.956815 ], [ -122.10917, 37.957823 ], [ -122.109413, 37.959215 ], [ -122.109618, 37.959668 ], [ -122.11208, 37.96114 ], [ -122.118894, 37.966211 ], [ -122.119733, 37.967131 ], [ -122.122546, 37.967303 ], [ -122.123199, 37.967304 ], [ -122.126154, 37.966789 ], [ -122.128023, 37.966228 ], [ -122.129318, 37.963908 ], [ -122.131107, 37.963645 ], [ -122.133139, 37.958938 ], [ -122.133161, 37.958843 ], [ -122.13519, 37.957465 ], [ -122.137264, 37.958759 ], [ -122.138193, 37.958329 ], [ -122.13738, 37.957071 ], [ -122.135672, 37.95667 ], [ -122.134955, 37.953482 ], [ -122.136506, 37.951287 ], [ -122.136445, 37.949591 ], [ -122.134923, 37.947512 ], [ -122.134741, 37.94579 ], [ -122.135593, 37.943719 ], [ -122.136769, 37.942771 ], [ -122.137372, 37.939715 ], [ -122.13831, 37.939212 ], [ -122.13755, 37.937964 ], [ -122.141259, 37.936919 ], [ -122.141985, 37.935042 ], [ -122.143306, 37.935334 ], [ -122.148242, 37.933735 ], [ -122.14806, 37.932851 ], [ -122.149449, 37.930564 ], [ -122.151829, 37.928771 ], [ -122.15559, 37.927474 ], [ -122.159249, 37.927126 ], [ -122.161103, 37.925952 ], [ -122.162691, 37.925605 ], [ -122.164181, 37.922007 ], [ -122.164546, 37.92129 ], [ -122.166383, 37.919708 ], [ -122.171168, 37.918278 ], [ -122.174716, 37.917967 ], [ -122.184728, 37.919162 ], [ -122.188888, 37.920257 ], [ -122.1918, 37.920631 ], [ -122.194171, 37.921905 ], [ -122.195641, 37.922173 ], [ -122.19683, 37.921474 ], [ -122.197263, 37.919792 ], [ -122.200146, 37.917538 ], [ -122.200719, 37.914038 ], [ -122.204327, 37.908957 ], [ -122.205337, 37.908501 ], [ -122.208918, 37.908943 ], [ -122.210374, 37.908608 ], [ -122.211098, 37.907889 ], [ -122.211257, 37.90685 ], [ -122.210539, 37.905823 ], [ -122.208125, 37.903915 ], [ -122.207192, 37.902549 ], [ -122.207087, 37.901721 ], [ -122.207214, 37.901206 ], [ -122.20972, 37.900476 ], [ -122.210494, 37.899516 ], [ -122.215508, 37.899826 ], [ -122.215901, 37.900273 ], [ -122.219152, 37.897731 ], [ -122.220281, 37.899311 ], [ -122.222796, 37.899188 ], [ -122.222924, 37.898253 ], [ -122.227187, 37.899757 ], [ -122.229943, 37.898219 ], [ -122.235672, 37.89933 ], [ -122.238846, 37.900857 ], [ -122.242163, 37.903747 ], [ -122.242791, 37.904794 ], [ -122.24472, 37.904717 ], [ -122.249919, 37.901135 ], [ -122.249708, 37.89972 ], [ -122.24824, 37.899731 ], [ -122.246228, 37.897112 ], [ -122.24423, 37.896639 ], [ -122.242167, 37.893292 ], [ -122.24443, 37.892292 ], [ -122.245976, 37.893068 ], [ -122.249145, 37.891128 ], [ -122.251052, 37.893819 ], [ -122.252867, 37.893732 ], [ -122.252679, 37.894987 ], [ -122.25363, 37.896138 ], [ -122.255156, 37.896258 ], [ -122.255701, 37.895904 ], [ -122.256305, 37.896795 ], [ -122.256048, 37.898335 ], [ -122.257113, 37.899856 ], [ -122.258761, 37.899091 ], [ -122.260703, 37.899639 ], [ -122.261248, 37.90113 ], [ -122.263881, 37.903675 ], [ -122.267076, 37.904465 ], [ -122.267643, 37.904246 ], [ -122.268023, 37.906535 ], [ -122.266395, 37.907474 ], [ -122.272525, 37.911918 ], [ -122.271296, 37.914058 ], [ -122.275874, 37.916746 ], [ -122.279365, 37.919609 ], [ -122.278563, 37.920006 ] ] ] } },
{ "type": "Feature", "properties": { "STATEFP20": "06", "PUMACE20": "01309", "AFFGEOID20": "795P200US0601309", "GEOID20": "0601309", "NAMELSAD20": "Contra Costa County (East)--Brentwood & Oakley Cities PUMA", "STUSPS20": "CA", "ST_NAME20": "California", "LSAD20": "P0", "ALAND20": 366687902, "AWATER20": 56451777, "puma_geoid": "0601309", "display": "Brentwood & Oakley (Contra Costa Co., East)", "place": "Brentwood & Oakley Cities", "NAME": "Contra Costa County (East)--Brentwood & Oakley Cities PUMA; California", "total_housing_units": 42753, "occupied_units": 41013, "vacant_units": 1740, "vacancy_rate": 0.040698898322924698, "median_gross_rent": 2390, "median_gross_rent_display": "$2,390", "median_home_value": 714100, "median_home_value_display": "$714,100", "home_value_topcoded": false, "county": "Contra Costa", "subregion": "East", "city": "Bay Area" }, "geometry": { "type": "Polygon", "coordinates": [ [ [ -121.778891, 37.918563 ], [ -121.778617, 37.920848 ], [ -121.77816, 37.923256 ], [ -121.778112, 37.925269 ], [ -121.755528, 37.925283 ], [ -121.752443, 37.925271 ], [ -121.742242, 37.925367 ], [ -121.738617, 37.925234 ], [ -121.732829, 37.925347 ], [ -121.739606, 37.939844 ], [ -121.741334, 37.943485 ], [ -121.743199, 37.947356 ], [ -121.744343, 37.950345 ], [ -121.744396, 37.956738 ], [ -121.743681, 37.959843 ], [ -121.742744, 37.961506 ], [ -121.732587, 37.961463 ], [ -121.732399, 37.968778 ], [ -121.732398, 37.968941 ], [ -121.732388, 37.971248 ], [ -121.732478, 37.971348 ], [ -121.741499, 37.981176 ], [ -121.743619, 37.983103 ], [ -121.750497, 37.988554 ], [ -121.750768, 37.997816 ], [ -121.750765, 38.009021 ], [ -121.750763, 38.009082 ], [ -121.750782, 38.012243 ], [ -121.750893, 38.016713 ], [ -121.75142, 38.016955 ], [ -121.751593, 38.019749 ], [ -121.75168, 38.024308 ], [ -121.750715, 38.024234 ], [ -121.749084, 38.024348 ], [ -121.744481, 38.025087 ], [ -121.737824, 38.02663 ], [ -121.732565, 38.02902 ], [ -121.725565, 38.03382 ], [ -121.716865, 38.03772 ], [ -121.71246, 38.038891 ], [ -121.709561, 38.039944 ], [ -121.704343, 38.042484 ], [ -121.699765, 38.04522 ], [ -121.691665, 38.05352 ], [ -121.684399, 38.058521 ], [ -121.68147, 38.061244 ], [ -121.679765, 38.065119 ], [ -121.679623, 38.069469 ], [ -121.680249, 38.076648 ], [ -121.681865, 38.082019 ], [ -121.679265, 38.089319 ], [ -121.673065, 38.093518 ], [ -121.662465, 38.095618 ], [ -121.661865, 38.095618 ], [ -121.652064, 38.091619 ], [ -121.648754, 38.090037 ], [ -121.646984, 38.088328 ], [ -121.645183, 38.087413 ], [ -121.640514, 38.086391 ], [ -121.638088, 38.086131 ], [ -121.634243, 38.087222 ], [ -121.632595, 38.088611 ], [ -121.628994, 38.097261 ], [ -121.628353, 38.097918 ], [ -121.627376, 38.09836 ], [ -121.613653, 38.09965 ], [ -121.604923, 38.099878 ], [ -121.585283, 38.096366 ], [ -121.58225, 38.09489 ], [ -121.581284, 38.093937 ], [ -121.580022, 38.094414 ], [ -121.578338, 38.091739 ], [ -121.577231, 38.086008 ], [ -121.576749, 38.078193 ], [ -121.572923, 38.074239 ], [ -121.574829, 38.07184 ], [ -121.578489, 38.07006 ], [ -121.581131, 38.069257 ], [ -121.582203, 38.068423 ], [ -121.582244, 38.064388 ], [ -121.583879, 38.059897 ], [ -121.583511, 38.05928 ], [ -121.582427, 38.053807 ], [ -121.582305, 38.051436 ], [ -121.584719, 38.043545 ], [ -121.585078, 38.040267 ], [ -121.584388, 38.036025 ], [ -121.583578, 38.034381 ], [ -121.581686, 38.032355 ], [ -121.57993, 38.032116 ], [ -121.577948, 38.033817 ], [ -121.580786, 38.038789 ], [ -121.580185, 38.041268 ], [ -121.577634, 38.04296 ], [ -121.576042, 38.042985 ], [ -121.574151, 38.042794 ], [ -121.572169, 38.041412 ], [ -121.571269, 38.0401 ], [ -121.570819, 38.038003 ], [ -121.571028, 38.035238 ], [ -121.571809, 38.031376 ], [ -121.570817, 38.029761 ], [ -121.568106, 38.030796 ], [ -121.565674, 38.030721 ], [ -121.564226, 38.029699 ], [ -121.56449, 38.026218 ], [ -121.563304, 38.023913 ], [ -121.561257, 38.021541 ], [ -121.558845, 38.01943 ], [ -121.557554, 38.017037 ], [ -121.558321, 38.015732 ], [ -121.561069, 38.015441 ], [ -121.564491, 38.016607 ], [ -121.566434, 38.018071 ], [ -121.570285, 38.018684 ], [ -121.572052, 38.01841 ], [ -121.572789, 38.01691 ], [ -121.571009, 38.015259 ], [ -121.569029, 38.014797 ], [ -121.566965, 38.013528 ], [ -121.566867, 38.012709 ], [ -121.56815, 38.011383 ], [ -121.573305, 38.011718 ], [ -121.577879, 38.01082 ], [ -121.57991, 38.007783 ], [ -121.579842, 38.006436 ], [ -121.578245, 38.003898 ], [ -121.57485, 38.003082 ], [ -121.569612, 38.00316 ], [ -121.568845, 38.002234 ], [ -121.57056, 37.999025 ], [ -121.578945, 37.99855 ], [ -121.5791, 37.997871 ], [ -121.577362, 37.997127 ], [ -121.576084, 37.994855 ], [ -121.577148, 37.993385 ], [ -121.580026, 37.991034 ], [ -121.581025, 37.989525 ], [ -121.582463, 37.983922 ], [ -121.579527, 37.98155 ], [ -121.573583, 37.980309 ], [ -121.572393, 37.979045 ], [ -121.572706, 37.97809 ], [ -121.574237, 37.977416 ], [ -121.576965, 37.977759 ], [ -121.579993, 37.976967 ], [ -121.579943, 37.976113 ], [ -121.577837, 37.974596 ], [ -121.57555, 37.973675 ], [ -121.574148, 37.971813 ], [ -121.573713, 37.966434 ], [ -121.570124, 37.963262 ], [ -121.566393, 37.960985 ], [ -121.565138, 37.959849 ], [ -121.565586, 37.957785 ], [ -121.567964, 37.957478 ], [ -121.571578, 37.95753 ], [ -121.574501, 37.956939 ], [ -121.575143, 37.956239 ], [ -121.575188, 37.955045 ], [ -121.573589, 37.953756 ], [ -121.565261, 37.955115 ], [ -121.564113, 37.955115 ], [ -121.563692, 37.953512 ], [ -121.568515, 37.949171 ], [ -121.568988, 37.947618 ], [ -121.568603, 37.945459 ], [ -121.567409, 37.943982 ], [ -121.56555, 37.944168 ], [ -121.56364, 37.94611 ], [ -121.560683, 37.947579 ], [ -121.55818, 37.947367 ], [ -121.557583, 37.946496 ], [ -121.558175, 37.945379 ], [ -121.561908, 37.944881 ], [ -121.563406, 37.944273 ], [ -121.563235, 37.942683 ], [ -121.561474, 37.941552 ], [ -121.56088, 37.93988 ], [ -121.561937, 37.937612 ], [ -121.561455, 37.935885 ], [ -121.557274, 37.932247 ], [ -121.558899, 37.927926 ], [ -121.558491, 37.926208 ], [ -121.556419, 37.923302 ], [ -121.558262, 37.921381 ], [ -121.561864, 37.920436 ], [ -121.565114, 37.919173 ], [ -121.565919, 37.916099 ], [ -121.563212, 37.912217 ], [ -121.563289, 37.910601 ], [ -121.564769, 37.909009 ], [ -121.570922, 37.90596 ], [ -121.572626, 37.904665 ], [ -121.571769, 37.902497 ], [ -121.568162, 37.901017 ], [ -121.566951, 37.899913 ], [ -121.565904, 37.897672 ], [ -121.566405, 37.895214 ], [ -121.567679, 37.892431 ], [ -121.569901, 37.890858 ], [ -121.574963, 37.88945 ], [ -121.575532, 37.88898 ], [ -121.575922, 37.887551 ], [ -121.57387, 37.883395 ], [ -121.578194, 37.87548 ], [ -121.579425, 37.8723 ], [ -121.578833, 37.86995 ], [ -121.575145, 37.86771 ], [ -121.57374, 37.866515 ], [ -121.573518, 37.864927 ], [ -121.573796, 37.864324 ], [ -121.579503, 37.861072 ], [ -121.57865, 37.858041 ], [ -121.574259, 37.859836 ], [ -121.569606, 37.86066 ], [ -121.568293, 37.859999 ], [ -121.570588, 37.85801 ], [ -121.568017, 37.857042 ], [ -121.565903, 37.857863 ], [ -121.56261, 37.853354 ], [ -121.561977, 37.853138 ], [ -121.561222, 37.854284 ], [ -121.562301, 37.855682 ], [ -121.561813, 37.857135 ], [ -121.559892, 37.858825 ], [ -121.555255, 37.858007 ], [ -121.553742, 37.859233 ], [ -121.553123, 37.860963 ], [ -121.551676, 37.8604 ], [ -121.548994, 37.85625 ], [ -121.547496, 37.855226 ], [ -121.541117, 37.857745 ], [ -121.540346, 37.856716 ], [ -121.541483, 37.855216 ], [ -121.541359, 37.853113 ], [ -121.54201, 37.851314 ], [ -121.540035, 37.848842 ], [ -121.538412, 37.849251 ], [ -121.537209, 37.850838 ], [ -121.534247, 37.849891 ], [ -121.534932, 37.847536 ], [ -121.536797, 37.846264 ], [ -121.536792, 37.844176 ], [ -121.538044, 37.84295 ], [ -121.537987, 37.84091 ], [ -121.538872, 37.839301 ], [ -121.538187, 37.837425 ], [ -121.541604, 37.83542 ], [ -121.542204, 37.833786 ], [ -121.544187, 37.832545 ], [ -121.545871, 37.832338 ], [ -121.547744, 37.833383 ], [ -121.549459, 37.833569 ], [ -121.551969, 37.830005 ], [ -121.552236, 37.827127 ], [ -121.551154, 37.825101 ], [ -121.552498, 37.824034 ], [ -121.55208, 37.822497 ], [ -121.553899, 37.818005 ], [ -121.555073, 37.817442 ], [ -121.556936, 37.817218 ], [ -121.556997, 37.816488 ], [ -121.577005, 37.811527 ], [ -121.577263, 37.811463 ], [ -121.619362, 37.801222 ], [ -121.623307, 37.800119 ], [ -121.634472, 37.796996 ], [ -121.655399, 37.792671 ], [ -121.670372, 37.789014 ], [ -121.697322, 37.782438 ], [ -121.696903, 37.783276 ], [ -121.694756, 37.790539 ], [ -121.694223, 37.791561 ], [ -121.693355, 37.792278 ], [ -121.688845, 37.793146 ], [ -121.685252, 37.796351 ], [ -121.678474, 37.79756 ], [ -121.67588, 37.799464 ], [ -121.675282, 37.803093 ], [ -121.672738, 37.80605 ], [ -121.668204, 37.808949 ], [ -121.666985, 37.810271 ], [ -121.663303, 37.812452 ], [ -121.661712, 37.815467 ], [ -121.66004, 37.817133 ], [ -121.657295, 37.818259 ], [ -121.65588, 37.819339 ], [ -121.654979, 37.821802 ], [ -121.655344, 37.828115 ], [ -121.654361, 37.832962 ], [ -121.653459, 37.834527 ], [ -121.648094, 37.837551 ], [ -121.64683, 37.840087 ], [ -121.646729, 37.84473 ], [ -121.646652, 37.848713 ], [ -121.647121, 37.850385 ], [ -121.652181, 37.855728 ], [ -121.654989, 37.857732 ], [ -121.663786, 37.862498 ], [ -121.667666, 37.865194 ], [ -121.671312, 37.867644 ], [ -121.677923, 37.871325 ], [ -121.678999, 37.872325 ], [ -121.687823, 37.882068 ], [ -121.688647, 37.882978 ], [ -121.694344, 37.887161 ], [ -121.696485, 37.887462 ], [ -121.696502, 37.886014 ], [ -121.696526, 37.883189 ], [ -121.696533, 37.88213 ], [ -121.69655, 37.880411 ], [ -121.696809, 37.87934 ], [ -121.698409, 37.874689 ], [ -121.703052, 37.87643 ], [ -121.71041, 37.877178 ], [ -121.717195, 37.876024 ], [ -121.719958, 37.875825 ], [ -121.727298, 37.872991 ], [ -121.732491, 37.870764 ], [ -121.73509, 37.870389 ], [ -121.738011, 37.870865 ], [ -121.741973, 37.870808 ], [ -121.74599, 37.869482 ], [ -121.747147, 37.869488 ], [ -121.75477, 37.870961 ], [ -121.757012, 37.871944 ], [ -121.760354, 37.874453 ], [ -121.763544, 37.875288 ], [ -121.767421, 37.87794 ], [ -121.772489, 37.879661 ], [ -121.77605, 37.881135 ], [ -121.777333, 37.882018 ], [ -121.776044, 37.883807 ], [ -121.775994, 37.884891 ], [ -121.775695, 37.886041 ], [ -121.771873, 37.888446 ], [ -121.766192, 37.894872 ], [ -121.766657, 37.89604 ], [ -121.7667, 37.897255 ], [ -121.764626, 37.89915 ], [ -121.764419, 37.904288 ], [ -121.763461, 37.906926 ], [ -121.765064, 37.908801 ], [ -121.765546, 37.913018 ], [ -121.76611, 37.913838 ], [ -121.772135, 37.914989 ], [ -121.777624, 37.91704 ], [ -121.778706, 37.917962 ], [ -121.778891, 37.918563 ] ] ] } },
{ "type": "Feature", "properties": { "STATEFP20": "06", "PUMACE20": "08515", "AFFGEOID20": "795P200US0608515", "GEOID20": "0608515", "NAMELSAD20": "Santa Clara County (Northwest)--Palo Alto City & Los Altos Hills Town PUMA", "STUSPS20": "CA", "ST_NAME20": "California", "LSAD20": "P0", "ALAND20": 181986645, "AWATER20": 490086, "puma_geoid": "0608515", "display": "Palo Alto City & Los Altos Hills (Santa Clara Co., Northwest)", "place": "Palo Alto City & Los Altos Hills Town", "NAME": "Santa Clara County (Northwest)--Palo Alto City & Los Altos Hills Town PUMA; California", "total_housing_units": 38799, "occupied_units": 34679, "vacant_units": 4120, "vacancy_rate": 0.10618830382226339, "median_gross_rent": 2995, "median_gross_rent_display": "$2,995", "median_home_value": 2000001, "median_home_value_display": "$2,000,000+", "home_value_topcoded": true, "county": "Santa Clara", "subregion": "Northwest", "city": "Bay Area" }, "geometry": { "type": "Polygon", "coordinates": [ [ [ -122.202591, 37.36272 ], [ -122.201318, 37.367013 ], [ -122.201007, 37.371215 ], [ -122.200706, 37.371964 ], [ -122.199328, 37.372671 ], [ -122.199329, 37.37442 ], [ -122.196676, 37.377535 ], [ -122.193099, 37.382737 ], [ -122.191008, 37.384401 ], [ -122.190622, 37.390374 ], [ -122.190064, 37.391148 ], [ -122.190016, 37.394857 ], [ -122.191862, 37.397643 ], [ -122.19149, 37.398758 ], [ -122.192606, 37.404187 ], [ -122.193466, 37.405652 ], [ -122.19363, 37.40593 ], [ -122.194445, 37.40761 ], [ -122.194331, 37.408867 ], [ -122.194195, 37.409088 ], [ -122.193608, 37.41167 ], [ -122.192108, 37.413099 ], [ -122.192365, 37.413868 ], [ -122.187557, 37.414841 ], [ -122.187194, 37.416547 ], [ -122.190267, 37.418477 ], [ -122.187915, 37.420016 ], [ -122.188294, 37.422302 ], [ -122.190707, 37.424149 ], [ -122.19084, 37.424365 ], [ -122.191325, 37.425302 ], [ -122.18961, 37.427137 ], [ -122.189879, 37.42883 ], [ -122.190506, 37.430956 ], [ -122.187653, 37.433313 ], [ -122.184559, 37.434093 ], [ -122.182175, 37.439478 ], [ -122.17986, 37.439461 ], [ -122.179804, 37.44084 ], [ -122.175704, 37.441884 ], [ -122.175136, 37.443014 ], [ -122.174146, 37.444779 ], [ -122.171706, 37.44678 ], [ -122.170303, 37.447185 ], [ -122.168747, 37.447435 ], [ -122.16582, 37.450926 ], [ -122.165302, 37.452843 ], [ -122.162695, 37.453844 ], [ -122.162378, 37.453884 ], [ -122.159519, 37.454721 ], [ -122.157686, 37.453495 ], [ -122.155708, 37.454176 ], [ -122.155928, 37.455418 ], [ -122.153513, 37.456677 ], [ -122.148738, 37.457091 ], [ -122.146761, 37.456585 ], [ -122.144933, 37.4582 ], [ -122.143034, 37.458113 ], [ -122.141907, 37.457831 ], [ -122.138774, 37.454802 ], [ -122.136708, 37.454337 ], [ -122.133901, 37.454377 ], [ -122.129884, 37.453089 ], [ -122.128294, 37.451862 ], [ -122.127856, 37.452737 ], [ -122.125824, 37.451302 ], [ -122.12315, 37.44883 ], [ -122.121105, 37.446846 ], [ -122.118732, 37.444663 ], [ -122.113809, 37.439976 ], [ -122.11057, 37.43688 ], [ -122.105498, 37.432052 ], [ -122.105322, 37.43188 ], [ -122.10146, 37.42821 ], [ -122.101836, 37.427108 ], [ -122.101296, 37.425185 ], [ -122.10155, 37.42185 ], [ -122.101899, 37.419789 ], [ -122.103313, 37.416208 ], [ -122.104569, 37.413502 ], [ -122.10666, 37.41099 ], [ -122.10797, 37.40842 ], [ -122.1081, 37.40829 ], [ -122.10831, 37.40808 ], [ -122.115637, 37.412699 ], [ -122.116508, 37.411303 ], [ -122.117291, 37.410653 ], [ -122.118015, 37.409154 ], [ -122.11788, 37.408495 ], [ -122.118675, 37.407642 ], [ -122.119941, 37.406425 ], [ -122.120053, 37.406258 ], [ -122.12241, 37.404261 ], [ -122.124471, 37.401268 ], [ -122.124828, 37.399206 ], [ -122.129654, 37.395115 ], [ -122.128415, 37.394864 ], [ -122.128367, 37.394584 ], [ -122.128347, 37.394545 ], [ -122.128307, 37.394528 ], [ -122.128339, 37.392209 ], [ -122.126604, 37.388977 ], [ -122.126344, 37.388364 ], [ -122.124955, 37.388403 ], [ -122.124278, 37.38767 ], [ -122.123418, 37.386519 ], [ -122.124109, 37.38489 ], [ -122.125509, 37.382906 ], [ -122.123257, 37.381285 ], [ -122.120476, 37.378629 ], [ -122.119659, 37.377141 ], [ -122.119704, 37.373966 ], [ -122.118744, 37.373172 ], [ -122.119112, 37.37214 ], [ -122.12036, 37.37104 ], [ -122.117646, 37.369977 ], [ -122.11845, 37.367715 ], [ -122.117674, 37.36554 ], [ -122.11633, 37.36475 ], [ -122.11552, 37.36564 ], [ -122.11335, 37.364765 ], [ -122.112843, 37.364332 ], [ -122.1111, 37.36232 ], [ -122.10927, 37.36139 ], [ -122.10792, 37.36306 ], [ -122.10866, 37.36382 ], [ -122.106853, 37.365357 ], [ -122.104676, 37.365836 ], [ -122.099079, 37.36151 ], [ -122.09702, 37.35994 ], [ -122.08758, 37.35264 ], [ -122.085538, 37.351068 ], [ -122.085855, 37.348849 ], [ -122.087504, 37.346509 ], [ -122.090594, 37.344255 ], [ -122.091622, 37.341595 ], [ -122.089656, 37.340627 ], [ -122.0847, 37.33791 ], [ -122.083166, 37.336886 ], [ -122.08246, 37.336393 ], [ -122.079045, 37.334203 ], [ -122.07811, 37.33381 ], [ -122.07745, 37.33363 ], [ -122.076311, 37.333411 ], [ -122.075824, 37.333354 ], [ -122.07321, 37.33345 ], [ -122.068515, 37.33419 ], [ -122.06871, 37.33357 ], [ -122.07058, 37.33316 ], [ -122.071637, 37.331325 ], [ -122.07171, 37.330906 ], [ -122.07141, 37.32819 ], [ -122.075784, 37.323303 ], [ -122.076867, 37.322989 ], [ -122.07827, 37.323058 ], [ -122.079134, 37.322379 ], [ -122.079308, 37.322243 ], [ -122.081432, 37.320475 ], [ -122.086069, 37.315355 ], [ -122.087529, 37.313574 ], [ -122.091987, 37.308102 ], [ -122.09201, 37.308074 ], [ -122.093623, 37.306095 ], [ -122.096192, 37.300928 ], [ -122.095431, 37.301027 ], [ -122.091814, 37.300868 ], [ -122.091552, 37.300857 ], [ -122.091339, 37.300824 ], [ -122.09091, 37.300659 ], [ -122.088222, 37.299571 ], [ -122.087225, 37.297287 ], [ -122.084279, 37.295376 ], [ -122.081572, 37.295342 ], [ -122.080572, 37.294442 ], [ -122.080972, 37.291842 ], [ -122.079872, 37.288242 ], [ -122.077872, 37.287942 ], [ -122.078101, 37.286131 ], [ -122.077343, 37.284447 ], [ -122.075281, 37.283823 ], [ -122.07398, 37.28111 ], [ -122.07267, 37.28034 ], [ -122.071798, 37.277462 ], [ -122.07031, 37.27767 ], [ -122.068557, 37.275112 ], [ -122.067846, 37.275142 ], [ -122.067862, 37.271972 ], [ -122.06791, 37.265862 ], [ -122.067913, 37.265401 ], [ -122.079118, 37.265446 ], [ -122.081972, 37.263543 ], [ -122.083472, 37.261943 ], [ -122.083772, 37.258643 ], [ -122.081972, 37.258343 ], [ -122.077572, 37.260343 ], [ -122.075272, 37.261043 ], [ -122.072165, 37.258904 ], [ -122.069381, 37.258652 ], [ -122.067264, 37.256915 ], [ -122.065937, 37.255152 ], [ -122.064851, 37.252608 ], [ -122.063978, 37.252009 ], [ -122.06014, 37.25248 ], [ -122.05927, 37.25209 ], [ -122.05823, 37.25242 ], [ -122.052883, 37.251221 ], [ -122.050952, 37.25207 ], [ -122.052609, 37.25097 ], [ -122.052774, 37.250827 ], [ -122.052871, 37.250778 ], [ -122.05303, 37.250528 ], [ -122.053155, 37.250376 ], [ -122.053196, 37.250293 ], [ -122.053318, 37.250144 ], [ -122.053615, 37.248539 ], [ -122.055069, 37.245599 ], [ -122.053021, 37.244736 ], [ -122.050684, 37.241555 ], [ -122.048177, 37.239538 ], [ -122.04861, 37.23745 ], [ -122.047511, 37.235571 ], [ -122.046392, 37.232153 ], [ -122.044722, 37.231241 ], [ -122.043011, 37.23316 ], [ -122.04074, 37.23318 ], [ -122.0401, 37.23195 ], [ -122.03777, 37.23147 ], [ -122.039031, 37.23039 ], [ -122.03862, 37.22971 ], [ -122.03992, 37.22679 ], [ -122.03927, 37.22527 ], [ -122.03675, 37.22416 ], [ -122.03719, 37.22324 ], [ -122.03308, 37.21895 ], [ -122.03337, 37.2179 ], [ -122.030978, 37.217691 ], [ -122.029725, 37.217375 ], [ -122.0288, 37.217522 ], [ -122.028815, 37.216231 ], [ -122.029209, 37.213506 ], [ -122.030254, 37.209067 ], [ -122.030076, 37.20799 ], [ -122.028565, 37.207369 ], [ -122.031706, 37.204194 ], [ -122.036673, 37.202047 ], [ -122.044121, 37.200495 ], [ -122.04416, 37.20121 ], [ -122.04482, 37.20117 ], [ -122.047548, 37.204936 ], [ -122.054789, 37.210262 ], [ -122.055087, 37.212497 ], [ -122.058404, 37.213071 ], [ -122.060109, 37.212669 ], [ -122.062775, 37.210365 ], [ -122.06398, 37.210111 ], [ -122.065933, 37.210413 ], [ -122.067478, 37.212267 ], [ -122.067948, 37.214059 ], [ -122.07001, 37.216672 ], [ -122.071714, 37.217262 ], [ -122.07315, 37.218902 ], [ -122.076616, 37.220194 ], [ -122.078129, 37.222409 ], [ -122.08058, 37.22337 ], [ -122.08435, 37.22247 ], [ -122.08981, 37.22327 ], [ -122.092667, 37.22544 ], [ -122.093369, 37.22924 ], [ -122.096926, 37.231593 ], [ -122.10052, 37.23359 ], [ -122.10423, 37.23427 ], [ -122.10436, 37.23596 ], [ -122.10557, 37.24074 ], [ -122.11038, 37.24553 ], [ -122.11295, 37.24958 ], [ -122.11643, 37.25242 ], [ -122.117525, 37.253797 ], [ -122.118184, 37.254659 ], [ -122.118436, 37.254895 ], [ -122.119911, 37.256742 ], [ -122.12052, 37.257276 ], [ -122.121638, 37.25856 ], [ -122.12393, 37.25972 ], [ -122.12872, 37.25936 ], [ -122.13431, 37.26291 ], [ -122.13555, 37.26541 ], [ -122.139619, 37.268641 ], [ -122.14415, 37.27021 ], [ -122.14609, 37.27226 ], [ -122.148119, 37.275211 ], [ -122.15057, 37.2762 ], [ -122.14938, 37.27747 ], [ -122.14875, 37.28121 ], [ -122.151119, 37.283523 ], [ -122.152278, 37.286055 ], [ -122.152404, 37.286905 ], [ -122.15257, 37.28822 ], [ -122.156234, 37.291812 ], [ -122.16027, 37.293393 ], [ -122.161193, 37.293001 ], [ -122.162161, 37.293871 ], [ -122.163025, 37.293924 ], [ -122.166838, 37.295237 ], [ -122.16526, 37.296489 ], [ -122.165138, 37.297992 ], [ -122.164039, 37.298839 ], [ -122.162672, 37.300904 ], [ -122.163535, 37.301662 ], [ -122.162312, 37.303772 ], [ -122.16233, 37.304413 ], [ -122.163883, 37.304851 ], [ -122.164967, 37.30553 ], [ -122.166584, 37.305617 ], [ -122.169559, 37.310525 ], [ -122.170812, 37.311982 ], [ -122.175817, 37.312749 ], [ -122.179711, 37.311313 ], [ -122.18232, 37.309528 ], [ -122.18557, 37.31167 ], [ -122.186913, 37.315683 ], [ -122.190131, 37.31776 ], [ -122.193062, 37.318277 ], [ -122.192513, 37.318795 ], [ -122.18876, 37.320916 ], [ -122.186516, 37.322031 ], [ -122.185458, 37.323737 ], [ -122.183235, 37.326235 ], [ -122.17928, 37.326195 ], [ -122.178546, 37.325158 ], [ -122.175075, 37.325741 ], [ -122.182723, 37.332857 ], [ -122.185232, 37.336459 ], [ -122.185954, 37.338701 ], [ -122.19029, 37.34197 ], [ -122.191404, 37.343475 ], [ -122.193504, 37.344997 ], [ -122.195899, 37.348299 ], [ -122.195803, 37.35058 ], [ -122.196696, 37.35188 ], [ -122.198205, 37.354272 ], [ -122.201489, 37.358046 ], [ -122.202467, 37.360272 ], [ -122.202591, 37.36272 ] ] ] } },
{ "type": "Feature", "properties": { "STATEFP20": "06", "PUMACE20": "08104", "AFFGEOID20": "795P200US0608104", "GEOID20": "0608104", "NAMELSAD20": "San Mateo County (South & West)--San Mateo (South) & Half Moon Bay Cities PUMA", "STUSPS20": "CA", "ST_NAME20": "California", "LSAD20": "P0", "ALAND20": 743194200, "AWATER20": 720055606, "puma_geoid": "0608104", "display": "San Mateo (South) & Half Moon Bay (San Mateo Co., South & West)", "place": "San Mateo (South) & Half Moon Bay Cities", "NAME": "San Mateo County (South & West)--San Mateo (South) & Half Moon Bay Cities PUMA; California", "total_housing_units": 51467, "occupied_units": 47916, "vacant_units": 3551, "vacancy_rate": 0.068995667126508203, "median_gross_rent": 3408, "median_gross_rent_display": "$3,408", "median_home_value": 1637600, "median_home_value_display": "$1,637,600", "home_value_topcoded": false, "county": "San Mateo", "subregion": "South & West", "city": "Bay Area" }, "geometry": { "type": "Polygon", "coordinates": [ [ [ -122.52036, 37.575343 ], [ -122.518026, 37.576677 ], [ -122.517417749817, 37.586797587065803 ], [ -122.513994, 37.585186 ], [ -122.513174, 37.585262 ], [ -122.514268, 37.584659 ], [ -122.513976, 37.583993 ], [ -122.512764, 37.583335 ], [ -122.513063, 37.582991 ], [ -122.512285, 37.582317 ], [ -122.51233, 37.581419 ], [ -122.513423, 37.58085 ], [ -122.514216, 37.579908 ], [ -122.513198, 37.579878 ], [ -122.51401, 37.579148 ], [ -122.512941, 37.578577 ], [ -122.512662, 37.577593 ], [ -122.512234, 37.57686 ], [ -122.510795, 37.576395 ], [ -122.509125, 37.574061 ], [ -122.501916, 37.572194 ], [ -122.500361, 37.572344 ], [ -122.498535, 37.571347 ], [ -122.497582, 37.570514 ], [ -122.496587, 37.570338 ], [ -122.494425, 37.570291 ], [ -122.493809, 37.569343 ], [ -122.493813, 37.5692 ], [ -122.492571, 37.566594 ], [ -122.485426, 37.565514 ], [ -122.482398, 37.563249 ], [ -122.480068, 37.562139 ], [ -122.477887, 37.562138 ], [ -122.477695, 37.563548 ], [ -122.467639, 37.563507 ], [ -122.467624, 37.566287 ], [ -122.459786, 37.566037 ], [ -122.459486, 37.566037 ], [ -122.459486, 37.566364 ], [ -122.459407, 37.570084 ], [ -122.459386, 37.570737 ], [ -122.450871, 37.570543 ], [ -122.450982, 37.578041 ], [ -122.459658, 37.578139 ], [ -122.459763, 37.584472 ], [ -122.462851, 37.584507 ], [ -122.462785, 37.584837 ], [ -122.451162, 37.590175 ], [ -122.443921, 37.593616 ], [ -122.444059, 37.594072 ], [ -122.450593, 37.61569 ], [ -122.450068, 37.615586 ], [ -122.451445, 37.617128 ], [ -122.45095, 37.617537 ], [ -122.450739, 37.617681 ], [ -122.449215, 37.618709 ], [ -122.445761, 37.622042 ], [ -122.445635, 37.622144 ], [ -122.441948, 37.618313 ], [ -122.437473, 37.613674 ], [ -122.434137, 37.610166 ], [ -122.430341, 37.606144 ], [ -122.428119, 37.604676 ], [ -122.426729, 37.602211 ], [ -122.423779, 37.599614 ], [ -122.423639, 37.599505 ], [ -122.41944, 37.596066 ], [ -122.414649, 37.591255 ], [ -122.412829, 37.589372 ], [ -122.412623, 37.589156 ], [ -122.411049, 37.587559 ], [ -122.407771, 37.584981 ], [ -122.406664, 37.584043 ], [ -122.404961, 37.581953 ], [ -122.400545, 37.574388 ], [ -122.399652, 37.573096 ], [ -122.393886, 37.567505 ], [ -122.393145, 37.567072 ], [ -122.390765, 37.566204 ], [ -122.390304, 37.566039 ], [ -122.388162, 37.564993 ], [ -122.381986, 37.558908 ], [ -122.378908, 37.554563 ], [ -122.377196, 37.552164 ], [ -122.37266, 37.54723 ], [ -122.366111, 37.539778 ], [ -122.362521, 37.534366 ], [ -122.361134, 37.531361 ], [ -122.36066, 37.531275 ], [ -122.359214, 37.530168 ], [ -122.358659, 37.530051 ], [ -122.355183, 37.53117 ], [ -122.351934, 37.532663 ], [ -122.351638, 37.532738 ], [ -122.350231, 37.534094 ], [ -122.349099, 37.535859 ], [ -122.349913, 37.537063 ], [ -122.349715, 37.539688 ], [ -122.349537, 37.540689 ], [ -122.349445, 37.540623 ], [ -122.345723, 37.539696 ], [ -122.345596, 37.53881 ], [ -122.343412, 37.533529 ], [ -122.341579, 37.531735 ], [ -122.337264, 37.535336 ], [ -122.34118, 37.538459 ], [ -122.338697, 37.540598 ], [ -122.335226, 37.538015 ], [ -122.332957, 37.538924 ], [ -122.330196, 37.541269 ], [ -122.332575, 37.544173 ], [ -122.331366, 37.545746 ], [ -122.330235, 37.547058 ], [ -122.328455, 37.548581 ], [ -122.32796, 37.548523 ], [ -122.325976, 37.549902 ], [ -122.326191, 37.5501 ], [ -122.318278, 37.556032 ], [ -122.318957, 37.556654 ], [ -122.319643, 37.557271 ], [ -122.315521, 37.560124 ], [ -122.31538, 37.560337 ], [ -122.315944, 37.560854 ], [ -122.314384, 37.561928 ], [ -122.311673, 37.563803 ], [ -122.308861, 37.565748 ], [ -122.308733, 37.565871 ], [ -122.310071, 37.567097 ], [ -122.308225, 37.567682 ], [ -122.306602, 37.568791 ], [ -122.30441, 37.566782 ], [ -122.302416, 37.56816 ], [ -122.298437, 37.568304 ], [ -122.298459, 37.565485 ], [ -122.297025, 37.565537 ], [ -122.297096, 37.567723 ], [ -122.293142, 37.568005 ], [ -122.291823, 37.569038 ], [ -122.293625, 37.568561 ], [ -122.294323, 37.570578 ], [ -122.292684, 37.570403 ], [ -122.288366, 37.570554 ], [ -122.288441, 37.57388 ], [ -122.288445441126001, 37.575433190136401 ], [ -122.284259, 37.575421 ], [ -122.279215760539003, 37.573111558444197 ], [ -122.275654891581993, 37.571480936141498 ], [ -122.274443019282003, 37.570925985643498 ], [ -122.273563, 37.570523 ], [ -122.265964311416994, 37.572932270966199 ], [ -122.262868, 37.573914 ], [ -122.262434746531994, 37.5736751439632 ], [ -122.251934, 37.567886 ], [ -122.251004269120003, 37.566234818914999 ], [ -122.249862881089996, 37.5642077395051 ], [ -122.249802112780998, 37.564099816357597 ], [ -122.247010523981999, 37.559142017582502 ], [ -122.245286488903005, 37.556080170148299 ], [ -122.243962966831006, 37.553729624783202 ], [ -122.244071, 37.553596 ], [ -122.249364, 37.549193 ], [ -122.250724, 37.548194 ], [ -122.252371, 37.544505 ], [ -122.251933, 37.540409 ], [ -122.256847, 37.540493 ], [ -122.258462, 37.541183 ], [ -122.259625, 37.540376 ], [ -122.260429, 37.539677 ], [ -122.261373, 37.533401 ], [ -122.264577, 37.534114 ], [ -122.264999, 37.534388 ], [ -122.265697, 37.534076 ], [ -122.276664, 37.534223 ], [ -122.276734, 37.533855 ], [ -122.27732, 37.532935 ], [ -122.274974, 37.530471 ], [ -122.276454, 37.529511 ], [ -122.277855, 37.52987 ], [ -122.278278, 37.528835 ], [ -122.284519, 37.530416 ], [ -122.285539, 37.530666 ], [ -122.286783, 37.529571 ], [ -122.28704, 37.529434 ], [ -122.287413, 37.529267 ], [ -122.291291, 37.527645 ], [ -122.29328, 37.526978 ], [ -122.29436, 37.526488 ], [ -122.301947, 37.523365 ], [ -122.306712, 37.521321 ], [ -122.3073, 37.521163 ], [ -122.311742, 37.524441 ], [ -122.313285, 37.521562 ], [ -122.314432, 37.521113 ], [ -122.314957, 37.519208 ], [ -122.319724, 37.519478 ], [ -122.321792, 37.521221 ], [ -122.323711, 37.521018 ], [ -122.325505, 37.519087 ], [ -122.324847, 37.517322 ], [ -122.326853, 37.515062 ], [ -122.328878, 37.513553 ], [ -122.329712, 37.513167 ], [ -122.330197, 37.512587 ], [ -122.335882, 37.508051 ], [ -122.338565, 37.507142 ], [ -122.339108, 37.507082 ], [ -122.338787, 37.506908 ], [ -122.331149, 37.501891 ], [ -122.328914, 37.500849 ], [ -122.326372, 37.500342 ], [ -122.320418, 37.500016 ], [ -122.31616, 37.498346 ], [ -122.311168, 37.495871 ], [ -122.303554, 37.493717 ], [ -122.300205, 37.49122 ], [ -122.298888, 37.489088 ], [ -122.298582, 37.487645 ], [ -122.298722, 37.484249 ], [ -122.299689, 37.478384 ], [ -122.299203, 37.4762 ], [ -122.298455, 37.474737 ], [ -122.293001, 37.469342 ], [ -122.292403, 37.468454 ], [ -122.298698, 37.46321 ], [ -122.299109, 37.46216 ], [ -122.29773, 37.460922 ], [ -122.29752, 37.459515 ], [ -122.299513, 37.458556 ], [ -122.300647, 37.457405 ], [ -122.299132, 37.455028 ], [ -122.299744, 37.454497 ], [ -122.303368, 37.454562 ], [ -122.30678, 37.455038 ], [ -122.312285, 37.454393 ], [ -122.316254, 37.455385 ], [ -122.319636, 37.455327 ], [ -122.324635, 37.452642 ], [ -122.327134, 37.451766 ], [ -122.334314, 37.447569 ], [ -122.331896, 37.446758 ], [ -122.330415, 37.446011 ], [ -122.325539, 37.442425 ], [ -122.323774, 37.440654 ], [ -122.320571, 37.435332 ], [ -122.317426, 37.433634 ], [ -122.316224, 37.433502 ], [ -122.313895, 37.430728 ], [ -122.313093, 37.430054 ], [ -122.310722, 37.427214 ], [ -122.312842, 37.425365 ], [ -122.314936, 37.42418 ], [ -122.316539, 37.423986 ], [ -122.318635, 37.424164 ], [ -122.319129, 37.423942 ], [ -122.319398, 37.423176 ], [ -122.318815, 37.421236 ], [ -122.318599, 37.42001 ], [ -122.31865, 37.419534 ], [ -122.310649, 37.413609 ], [ -122.308155, 37.413285 ], [ -122.306327, 37.411714 ], [ -122.306189, 37.410843 ], [ -122.307471, 37.409394 ], [ -122.307189, 37.407485 ], [ -122.305901, 37.406587 ], [ -122.302443, 37.405224 ], [ -122.2989, 37.402622 ], [ -122.297668, 37.401021 ], [ -122.293735, 37.399678 ], [ -122.293086, 37.398087 ], [ -122.29381, 37.397784 ], [ -122.29373, 37.396331 ], [ -122.291896, 37.395495 ], [ -122.292086, 37.393753 ], [ -122.290356, 37.392246 ], [ -122.291861, 37.392278 ], [ -122.286639, 37.390037 ], [ -122.284927, 37.390166 ], [ -122.280893, 37.387737 ], [ -122.275845, 37.387746 ], [ -122.273093, 37.388024 ], [ -122.270735, 37.387447 ], [ -122.268168, 37.385957 ], [ -122.266145, 37.383742 ], [ -122.265361, 37.38211 ], [ -122.265196, 37.381028 ], [ -122.266562, 37.374945 ], [ -122.26608, 37.374291 ], [ -122.2653, 37.366867 ], [ -122.264276, 37.364301 ], [ -122.264436, 37.36257 ], [ -122.260309, 37.363078 ], [ -122.261196, 37.362276 ], [ -122.260607, 37.360024 ], [ -122.263752, 37.359617 ], [ -122.266091, 37.357161 ], [ -122.264352, 37.357616 ], [ -122.263674, 37.359069 ], [ -122.26064, 37.358474 ], [ -122.258877, 37.361512 ], [ -122.254421, 37.359502 ], [ -122.253342, 37.359781 ], [ -122.254468, 37.360951 ], [ -122.252091, 37.362978 ], [ -122.256617, 37.363014 ], [ -122.257664, 37.366938 ], [ -122.25607, 37.367907 ], [ -122.256495, 37.368783 ], [ -122.25448, 37.369766 ], [ -122.252442, 37.371862 ], [ -122.247646, 37.367295 ], [ -122.247886, 37.365027 ], [ -122.24692, 37.36283 ], [ -122.247721, 37.359927 ], [ -122.246842, 37.357905 ], [ -122.244008, 37.355952 ], [ -122.239629, 37.351465 ], [ -122.236728, 37.349794 ], [ -122.232723, 37.348953 ], [ -122.230398, 37.347656 ], [ -122.228711, 37.345206 ], [ -122.223594, 37.342452 ], [ -122.22015, 37.341167 ], [ -122.217363, 37.339805 ], [ -122.216998, 37.338295 ], [ -122.217221, 37.335858 ], [ -122.215237, 37.333317 ], [ -122.210896, 37.330591 ], [ -122.210771, 37.330441 ], [ -122.209748, 37.32885 ], [ -122.204895, 37.324746 ], [ -122.200807, 37.322949 ], [ -122.197329, 37.32039 ], [ -122.192513, 37.318795 ], [ -122.193062, 37.318277 ], [ -122.190131, 37.31776 ], [ -122.186913, 37.315683 ], [ -122.18557, 37.31167 ], [ -122.18232, 37.309528 ], [ -122.179711, 37.311313 ], [ -122.175817, 37.312749 ], [ -122.170812, 37.311982 ], [ -122.169559, 37.310525 ], [ -122.166584, 37.305617 ], [ -122.164967, 37.30553 ], [ -122.163883, 37.304851 ], [ -122.16233, 37.304413 ], [ -122.162312, 37.303772 ], [ -122.163535, 37.301662 ], [ -122.162672, 37.300904 ], [ -122.164039, 37.298839 ], [ -122.165138, 37.297992 ], [ -122.16526, 37.296489 ], [ -122.166838, 37.295237 ], [ -122.163025, 37.293924 ], [ -122.162161, 37.293871 ], [ -122.161193, 37.293001 ], [ -122.16027, 37.293393 ], [ -122.156234, 37.291812 ], [ -122.15257, 37.28822 ], [ -122.152404, 37.286905 ], [ -122.152278, 37.286055 ], [ -122.152633, 37.244035 ], [ -122.152156, 37.239769 ], [ -122.151457, 37.230023 ], [ -122.151668, 37.227838 ], [ -122.152974, 37.222444 ], [ -122.152774, 37.215444 ], [ -122.181376, 37.215244 ], [ -122.216684, 37.215207 ], [ -122.220322, 37.215069 ], [ -122.222692, 37.21519 ], [ -122.225843, 37.215332 ], [ -122.242573, 37.215134 ], [ -122.24266, 37.190035 ], [ -122.244091, 37.189966 ], [ -122.247779, 37.189845 ], [ -122.268881, 37.189843 ], [ -122.288581, 37.186745 ], [ -122.317682, 37.186945 ], [ -122.316981, 37.182238 ], [ -122.311782, 37.147545 ], [ -122.289382, 37.113472 ], [ -122.292532, 37.107799 ], [ -122.292973615833006, 37.107318288955597 ], [ -122.293515440468994, 37.107691349376601 ], [ -122.302319584711995, 37.113753232763401 ], [ -122.306139, 37.116383 ], [ -122.313907, 37.118161 ], [ -122.322971, 37.11546 ], [ -122.329473, 37.113045 ], [ -122.331663, 37.116578 ], [ -122.336314620837996, 37.117269550139298 ], [ -122.337071, 37.117382 ], [ -122.338856, 37.120854 ], [ -122.337085, 37.130795 ], [ -122.337833, 37.135936 ], [ -122.343242, 37.140605 ], [ -122.344029, 37.144099 ], [ -122.344241444277003, 37.1441444553612 ], [ -122.349952116587005, 37.1453663318784 ], [ -122.352236, 37.145855 ], [ -122.354275372651998, 37.146868479437998 ], [ -122.354436545932998, 37.146948575543099 ], [ -122.356047886301994, 37.147749341567902 ], [ -122.359789259324998, 37.149608641104798 ], [ -122.360943, 37.150182 ], [ -122.359997364655001, 37.154608098767397 ], [ -122.359791, 37.155574 ], [ -122.36179, 37.163593 ], [ -122.367085, 37.172817 ], [ -122.371883, 37.175256 ], [ -122.373119099470003, 37.176238587801201 ], [ -122.37927, 37.181128 ], [ -122.379521840576999, 37.181206880976099 ], [ -122.385103, 37.182955 ], [ -122.390599, 37.182988 ], [ -122.3948, 37.181514 ], [ -122.397543, 37.185088 ], [ -122.398578, 37.192802 ], [ -122.405073, 37.195791 ], [ -122.405562307112007, 37.198136387459598 ], [ -122.406692092140005, 37.203551766829001 ], [ -122.407607776394002, 37.207940900595901 ], [ -122.408802469448005, 37.213667402501002 ], [ -122.408914, 37.214202 ], [ -122.407375145028993, 37.218875395102799 ], [ -122.407181, 37.219465 ], [ -122.409596, 37.224604 ], [ -122.411000492479005, 37.226461692830199 ], [ -122.411435661539002, 37.227037281846002 ], [ -122.415664362152995, 37.232630495716101 ], [ -122.415822, 37.232839 ], [ -122.415864467649001, 37.2329503759576 ], [ -122.417774760594, 37.237960323819301 ], [ -122.419113, 37.24147 ], [ -122.419107193935005, 37.241531934291203 ], [ -122.418452, 37.248521 ], [ -122.416635392540996, 37.253172062815104 ], [ -122.414155662743994, 37.259520918753701 ], [ -122.411686, 37.265844 ], [ -122.411382962546, 37.2679250248407 ], [ -122.407013137321002, 37.297933575658902 ], [ -122.406999950512997, 37.298024132370699 ], [ -122.405894708844002, 37.305614069974297 ], [ -122.405017508157002, 37.311638 ], [ -122.405010175601006, 37.311688354271801 ], [ -122.404926922173999, 37.312260073863399 ], [ -122.404913285641001, 37.312353718935398 ], [ -122.404764694647994, 37.313374125967201 ], [ -122.404008977882, 37.318563799196099 ], [ -122.401323, 37.337009 ], [ -122.401069916588995, 37.348895894407299 ], [ -122.40085, 37.359225 ], [ -122.405233122499993, 37.362213550345501 ], [ -122.407752, 37.363931 ], [ -122.408369362681995, 37.368388637318198 ], [ -122.409258, 37.374805 ], [ -122.409687810771004, 37.375348452641099 ], [ -122.410058824564004, 37.375817562395603 ], [ -122.412440716076006, 37.3788292254808 ], [ -122.415677250894007, 37.3829214993657 ], [ -122.423286, 37.392542 ], [ -122.423718050355006, 37.396813238966402 ], [ -122.424163, 37.401212 ], [ -122.428441, 37.405932 ], [ -122.427993, 37.407536353741499 ], [ -122.427412, 37.409617 ], [ -122.431871, 37.412144 ], [ -122.433628421178, 37.415583145262602 ], [ -122.434123, 37.416551 ], [ -122.435514, 37.421699 ], [ -122.438442474246003, 37.424952334099302 ], [ -122.438606, 37.425134 ], [ -122.439328346414996, 37.426670390022799 ], [ -122.440596611179998, 37.4293679175397 ], [ -122.442072560222996, 37.4325071777861 ], [ -122.443687, 37.435941 ], [ -122.445054597107003, 37.451162950413199 ], [ -122.445412921531997, 37.455151257049899 ], [ -122.445987, 37.461541 ], [ -122.447190622750995, 37.465289791580602 ], [ -122.452067316471002, 37.480478693873302 ], [ -122.452087, 37.48054 ], [ -122.458686123747, 37.491280976983397 ], [ -122.459577, 37.492731 ], [ -122.460221382007006, 37.493150379409897 ], [ -122.462657808257006, 37.4947360645968 ], [ -122.463247734247005, 37.495120002712497 ], [ -122.467629417604996, 37.497971708317102 ], [ -122.467888, 37.49814 ], [ -122.472388, 37.50054 ], [ -122.474820967588002, 37.499476883274099 ], [ -122.476443045552003, 37.498768095280603 ], [ -122.485653255588005, 37.4947435746137 ], [ -122.485888, 37.494641 ], [ -122.486749307094001, 37.494390271444601 ], [ -122.48713941378, 37.494276710455203 ], [ -122.493146511674993, 37.492528029888298 ], [ -122.493789, 37.492341 ], [ -122.494006679628001, 37.492792127075198 ], [ -122.495349, 37.495574 ], [ -122.499289, 37.495341 ], [ -122.50073, 37.498017 ], [ -122.498699, 37.500837 ], [ -122.501546, 37.50456 ], [ -122.505903, 37.507106 ], [ -122.512382, 37.514115 ], [ -122.516689, 37.52134 ], [ -122.516728507089994, 37.521561734236997 ], [ -122.517174212019995, 37.524063260990303 ], [ -122.517905883398001, 37.528169779467603 ], [ -122.518649311637006, 37.532342283528799 ], [ -122.519533, 37.537302 ], [ -122.519493891362998, 37.537403451312301 ], [ -122.516589, 37.544939 ], [ -122.514789, 37.546139 ], [ -122.513688, 37.552239 ], [ -122.513717149415996, 37.5525162056204 ], [ -122.514801357251002, 37.562826823931502 ], [ -122.515165, 37.566285 ], [ -122.517206548668995, 37.567208033299003 ], [ -122.517682498179994, 37.567423221530603 ], [ -122.518131, 37.567626 ], [ -122.519874465873997, 37.573662036854302 ], [ -122.52036, 37.575343 ] ] ] } },
{ "type": "Feature", "properties": { "STATEFP20": "06", "PUMACE20": "09502", "AFFGEOID20": "795P200US0609502", "GEOID20": "0609502", "NAMELSAD20": "Solano County (Central)--Fairfield & Suisun City Cities PUMA", "STUSPS20": "CA", "ST_NAME20": "California", "LSAD20": "P0", "ALAND20": 543365528, "AWATER20": 83135069, "puma_geoid": "0609502", "display": "Fairfield & Suisun City (Solano Co., Central)", "place": "Fairfield & Suisun City Cities", "NAME": "Solano County (Central)--Fairfield & Suisun City Cities PUMA; California", "total_housing_units": 51891, "occupied_units": 49827, "vacant_units": 2064, "vacancy_rate": 0.039775683644562597, "median_gross_rent": 2187, "median_gross_rent_display": "$2,187", "median_home_value": 590200, "median_home_value_display": "$590,200", "home_value_topcoded": false, "county": "Solano", "subregion": "Central", "city": "Bay Area" }, "geometry": { "type": "Polygon", "coordinates": [ [ [ -122.216482, 38.266015 ], [ -122.212282, 38.272814 ], [ -122.210982, 38.271914 ], [ -122.208482, 38.272214 ], [ -122.206382, 38.271614 ], [ -122.200481, 38.272014 ], [ -122.197381, 38.272714 ], [ -122.195681, 38.271514 ], [ -122.188381, 38.271614 ], [ -122.191081, 38.275914 ], [ -122.190681, 38.277514 ], [ -122.194381, 38.280814 ], [ -122.196381, 38.281914 ], [ -122.196681, 38.284414 ], [ -122.198282, 38.284814 ], [ -122.198482, 38.285814 ], [ -122.201482, 38.289314 ], [ -122.201682, 38.292414 ], [ -122.203482, 38.292914 ], [ -122.203782, 38.293914 ], [ -122.201982, 38.296714 ], [ -122.199082, 38.300113 ], [ -122.199382, 38.301591 ], [ -122.202583, 38.304113 ], [ -122.202482, 38.305713 ], [ -122.201396, 38.308013 ], [ -122.204081, 38.31011 ], [ -122.206179, 38.314014 ], [ -122.205982, 38.315713 ], [ -122.19514, 38.315657 ], [ -122.191195, 38.315615 ], [ -122.179946, 38.315913 ], [ -122.162184, 38.315797 ], [ -122.133743, 38.315611 ], [ -122.064779, 38.315912 ], [ -122.061879, 38.313312 ], [ -122.058578, 38.313412 ], [ -122.057578, 38.314812 ], [ -122.053778, 38.315512 ], [ -122.047478, 38.314712 ], [ -122.041898, 38.315046 ], [ -122.03955, 38.314461 ], [ -122.037304, 38.31331 ], [ -122.039234, 38.310272 ], [ -122.033875, 38.309747 ], [ -122.033271, 38.309742 ], [ -122.03266, 38.313268 ], [ -122.032376, 38.31418 ], [ -122.031809, 38.315367 ], [ -122.02545, 38.322733 ], [ -122.023883, 38.325081 ], [ -122.02265, 38.324317 ], [ -122.010089, 38.324219 ], [ -122.010931, 38.315772 ], [ -122.009633, 38.315772 ], [ -122.006762, 38.315782 ], [ -122.006244, 38.314364 ], [ -122.003763, 38.31299 ], [ -121.99966, 38.312485 ], [ -121.997297, 38.312725 ], [ -121.995065, 38.311691 ], [ -121.993168, 38.311884 ], [ -121.988805, 38.314363 ], [ -121.987646, 38.313723 ], [ -121.985419, 38.312875 ], [ -121.979213, 38.313674 ], [ -121.976706, 38.315692 ], [ -121.970516, 38.315726 ], [ -121.965053, 38.315736 ], [ -121.963994, 38.314979 ], [ -121.963831, 38.314942 ], [ -121.961703, 38.314558 ], [ -121.958565, 38.311763 ], [ -121.95397, 38.309115 ], [ -121.951397, 38.308836 ], [ -121.951508, 38.305831 ], [ -121.950497, 38.304897 ], [ -121.94745, 38.304631 ], [ -121.94706, 38.304095 ], [ -121.947219, 38.301475 ], [ -121.933753, 38.3013 ], [ -121.93385, 38.308456 ], [ -121.915511, 38.308247 ], [ -121.915453, 38.30055 ], [ -121.91465, 38.286456 ], [ -121.914826, 38.27921 ], [ -121.915006, 38.273403 ], [ -121.90605, 38.279403 ], [ -121.897422, 38.285746 ], [ -121.896304, 38.285752 ], [ -121.892185, 38.282198 ], [ -121.901604, 38.2754 ], [ -121.906103, 38.272303 ], [ -121.915377, 38.264643 ], [ -121.915457, 38.261371 ], [ -121.914838, 38.261035 ], [ -121.915436, 38.242892 ], [ -121.914167, 38.242875 ], [ -121.912106, 38.241811 ], [ -121.903575, 38.228367 ], [ -121.905865, 38.228363 ], [ -121.910145, 38.22838 ], [ -121.915435, 38.228397 ], [ -121.920785, 38.228396 ], [ -121.92046, 38.225462 ], [ -121.91947, 38.225197 ], [ -121.920182, 38.223446 ], [ -121.919691, 38.221865 ], [ -121.917599, 38.220403 ], [ -121.919364, 38.218865 ], [ -121.917239, 38.217742 ], [ -121.918715, 38.214466 ], [ -121.921334, 38.212848 ], [ -121.921046, 38.208761 ], [ -121.922896, 38.206184 ], [ -121.920709, 38.199389 ], [ -121.921227, 38.198396 ], [ -121.927201, 38.195249 ], [ -121.929059, 38.193316 ], [ -121.930299, 38.189803 ], [ -121.930039, 38.187476 ], [ -121.92902, 38.185008 ], [ -121.927081, 38.183363 ], [ -121.923448, 38.1818 ], [ -121.918633, 38.178625 ], [ -121.920764, 38.176273 ], [ -121.925125, 38.174736 ], [ -121.928967, 38.172468 ], [ -121.934358, 38.167881 ], [ -121.9319, 38.164254 ], [ -121.928255, 38.159805 ], [ -121.922388, 38.155155 ], [ -121.91814, 38.151163 ], [ -121.910362, 38.146482 ], [ -121.909727, 38.145542 ], [ -121.908514, 38.141544 ], [ -121.908748, 38.139888 ], [ -121.913963, 38.134529 ], [ -121.915263, 38.131477 ], [ -121.915424, 38.128324 ], [ -121.91511, 38.124917 ], [ -121.914207, 38.122414 ], [ -121.912923, 38.120555 ], [ -121.909979, 38.119041 ], [ -121.906168, 38.118883 ], [ -121.903306, 38.119577 ], [ -121.898529, 38.125103 ], [ -121.896992, 38.125939 ], [ -121.894273, 38.12662 ], [ -121.890707, 38.12557 ], [ -121.889425, 38.124018 ], [ -121.888644, 38.12111 ], [ -121.889116, 38.118469 ], [ -121.890392, 38.115983 ], [ -121.890887, 38.113332 ], [ -121.890708, 38.111223 ], [ -121.889584, 38.106685 ], [ -121.889489, 38.104932 ], [ -121.890841, 38.103005 ], [ -121.894677, 38.100217 ], [ -121.895655, 38.098683 ], [ -121.895729, 38.096903 ], [ -121.894606, 38.096266 ], [ -121.890351, 38.09539 ], [ -121.886347, 38.092964 ], [ -121.882611, 38.087381 ], [ -121.882496, 38.085051 ], [ -121.884206, 38.082393 ], [ -121.885412, 38.080418 ], [ -121.885422, 38.079742 ], [ -121.884593, 38.078067 ], [ -121.880771, 38.074426 ], [ -121.87607, 38.07238 ], [ -121.871758, 38.071476 ], [ -121.865349, 38.071103 ], [ -121.861597, 38.069887 ], [ -121.862542, 38.06795 ], [ -121.862462, 38.06603 ], [ -121.862641, 38.064929 ], [ -121.863648, 38.062381 ], [ -121.867402, 38.056895 ], [ -121.869582, 38.054414 ], [ -121.872708, 38.051844 ], [ -121.874743, 38.050676 ], [ -121.880184, 38.048709 ], [ -121.885177, 38.047591 ], [ -121.889573, 38.046657 ], [ -121.901171, 38.045361 ], [ -121.906801, 38.045002 ], [ -121.90857, 38.04502 ], [ -121.910143, 38.044956 ], [ -121.920794, 38.045726 ], [ -121.925814, 38.046474 ], [ -121.928097, 38.046983 ], [ -121.931003, 38.04761 ], [ -121.932743, 38.04813 ], [ -121.935428, 38.048793 ], [ -121.937762, 38.04983 ], [ -121.946765, 38.052882 ], [ -121.950911, 38.053918 ], [ -121.950919, 38.054978 ], [ -121.955679, 38.057816 ], [ -121.962208, 38.061365 ], [ -121.972281, 38.065538 ], [ -121.97744, 38.06684 ], [ -121.983158, 38.067297 ], [ -121.987567, 38.066809 ], [ -122.015175, 38.063481 ], [ -122.019826, 38.062271 ], [ -122.028411, 38.05919 ], [ -122.03626, 38.060204 ], [ -122.050386, 38.060198 ], [ -122.053843, 38.102286 ], [ -122.054231, 38.103456 ], [ -122.055829, 38.1065 ], [ -122.06462, 38.120157 ], [ -122.065903, 38.120785 ], [ -122.072684, 38.12131 ], [ -122.074465, 38.122167 ], [ -122.078778, 38.123546 ], [ -122.080392, 38.124848 ], [ -122.082546, 38.127443 ], [ -122.081635, 38.13336 ], [ -122.082419, 38.136301 ], [ -122.084409, 38.136214 ], [ -122.086117, 38.135343 ], [ -122.090697, 38.135851 ], [ -122.095428, 38.137695 ], [ -122.095359, 38.139201 ], [ -122.092445, 38.14191 ], [ -122.088141, 38.145432 ], [ -122.084858, 38.149157 ], [ -122.084594, 38.15097 ], [ -122.085673, 38.151794 ], [ -122.089476, 38.152689 ], [ -122.08958, 38.15249 ], [ -122.095049, 38.142148 ], [ -122.09975, 38.133167 ], [ -122.100758, 38.130311 ], [ -122.101067, 38.125664 ], [ -122.106531, 38.125156 ], [ -122.106996, 38.124907 ], [ -122.107619, 38.129386 ], [ -122.110106, 38.134592 ], [ -122.110506, 38.136181 ], [ -122.109625, 38.142109 ], [ -122.11026, 38.145828 ], [ -122.111128, 38.146716 ], [ -122.115592, 38.146676 ], [ -122.116808, 38.14506 ], [ -122.121099, 38.14324 ], [ -122.122448, 38.141973 ], [ -122.123198, 38.141602 ], [ -122.123009, 38.139624 ], [ -122.124308, 38.137404 ], [ -122.122999, 38.135592 ], [ -122.122175, 38.131714 ], [ -122.12145, 38.130121 ], [ -122.121895, 38.129401 ], [ -122.127816, 38.12497 ], [ -122.129075, 38.124627 ], [ -122.131067, 38.125125 ], [ -122.132443, 38.126156 ], [ -122.136975, 38.124373 ], [ -122.141275, 38.121947 ], [ -122.141526, 38.120139 ], [ -122.140755, 38.119919 ], [ -122.140172, 38.117683 ], [ -122.141416, 38.118107 ], [ -122.14508, 38.120415 ], [ -122.147596, 38.121515 ], [ -122.148319, 38.124292 ], [ -122.148614, 38.120886 ], [ -122.150447, 38.121286 ], [ -122.151722, 38.120792 ], [ -122.154025, 38.121092 ], [ -122.154789, 38.120161 ], [ -122.156539, 38.121775 ], [ -122.158081, 38.121975 ], [ -122.161424, 38.121281 ], [ -122.163512, 38.119885 ], [ -122.163575, 38.118567 ], [ -122.164364, 38.119653 ], [ -122.164664, 38.120824 ], [ -122.165553, 38.120636 ], [ -122.165727, 38.120988 ], [ -122.165274, 38.12196 ], [ -122.16542, 38.123482 ], [ -122.166166, 38.124878 ], [ -122.165518, 38.126061 ], [ -122.167139, 38.13169 ], [ -122.167578, 38.13242 ], [ -122.169049, 38.134483 ], [ -122.169478, 38.137577 ], [ -122.170374, 38.138529 ], [ -122.1702, 38.140746 ], [ -122.171322, 38.142006 ], [ -122.171139, 38.142983 ], [ -122.173569, 38.148047 ], [ -122.173825, 38.149511 ], [ -122.176503, 38.151617 ], [ -122.178222, 38.151092 ], [ -122.179658, 38.151917 ], [ -122.180386, 38.153742 ], [ -122.183025, 38.155356 ], [ -122.183856, 38.157517 ], [ -122.186944, 38.159531 ], [ -122.192175, 38.159919 ], [ -122.193286, 38.160239 ], [ -122.195957, 38.162686 ], [ -122.195884, 38.162776 ], [ -122.194485, 38.164715 ], [ -122.198812, 38.168404 ], [ -122.199712, 38.16839 ], [ -122.200152, 38.168383 ], [ -122.201455, 38.16824 ], [ -122.201893, 38.168299 ], [ -122.202059, 38.168317 ], [ -122.20358, 38.168717 ], [ -122.20318, 38.171517 ], [ -122.20458, 38.172817 ], [ -122.20888, 38.172717 ], [ -122.21118, 38.174717 ], [ -122.21138, 38.175617 ], [ -122.21508, 38.179717 ], [ -122.21368, 38.181017 ], [ -122.21298, 38.184317 ], [ -122.215581, 38.188417 ], [ -122.20948, 38.189917 ], [ -122.211481, 38.192117 ], [ -122.20588, 38.196216 ], [ -122.20598, 38.197916 ], [ -122.20498, 38.198516 ], [ -122.205681, 38.203616 ], [ -122.204581, 38.204816 ], [ -122.205681, 38.208216 ], [ -122.204167, 38.209699 ], [ -122.201478, 38.21162 ], [ -122.199573, 38.210622 ], [ -122.197573, 38.211815 ], [ -122.19498, 38.212317 ], [ -122.19398, 38.213614 ], [ -122.194681, 38.215214 ], [ -122.196281, 38.216116 ], [ -122.196177, 38.21892 ], [ -122.193374, 38.221215 ], [ -122.193582, 38.223524 ], [ -122.194981, 38.225222 ], [ -122.19598, 38.23041 ], [ -122.197179, 38.231413 ], [ -122.197187, 38.232817 ], [ -122.201772, 38.240323 ], [ -122.204379, 38.241019 ], [ -122.205389, 38.24462 ], [ -122.208284, 38.244216 ], [ -122.209582, 38.244816 ], [ -122.210181, 38.247415 ], [ -122.212481, 38.248715 ], [ -122.211081, 38.252215 ], [ -122.209081, 38.251115 ], [ -122.20649, 38.250933 ], [ -122.204367, 38.249302 ], [ -122.2008, 38.249411 ], [ -122.199481, 38.250915 ], [ -122.19518, 38.250716 ], [ -122.194081, 38.252915 ], [ -122.194482, 38.254119 ], [ -122.193281, 38.256415 ], [ -122.196781, 38.258415 ], [ -122.202981, 38.259215 ], [ -122.206073, 38.258795 ], [ -122.208481, 38.258415 ], [ -122.212982, 38.259115 ], [ -122.216882, 38.262315 ], [ -122.216482, 38.266015 ] ] ] } },
{ "type": "Feature", "properties": { "STATEFP20": "06", "PUMACE20": "00116", "AFFGEOID20": "795P200US0600116", "GEOID20": "0600116", "NAMELSAD20": "Alameda County (Central)--Hayward City (East) PUMA", "STUSPS20": "CA", "ST_NAME20": "California", "LSAD20": "P0", "ALAND20": 94409081, "AWATER20": 61592, "puma_geoid": "0600116", "display": "Hayward City (East) (Alameda Co., Central)", "place": "Hayward City (East)", "NAME": "Alameda County (Central)--Hayward City (East) PUMA; California", "total_housing_units": 33986, "occupied_units": 32120, "vacant_units": 1866, "vacancy_rate": 0.054904960866239, "median_gross_rent": 2382, "median_gross_rent_display": "$2,382", "median_home_value": 873900, "median_home_value_display": "$873,900", "home_value_topcoded": false, "county": "Alameda", "subregion": "Central", "city": "Bay Area" }, "geometry": { "type": "Polygon", "coordinates": [ [ [ -122.101682, 37.669365 ], [ -122.098255, 37.670759 ], [ -122.099839, 37.673222 ], [ -122.095011, 37.675179 ], [ -122.09398, 37.674467 ], [ -122.093896, 37.674538 ], [ -122.093831, 37.674564 ], [ -122.09036, 37.675664 ], [ -122.089137, 37.67642 ], [ -122.087642, 37.678068 ], [ -122.085341, 37.680022 ], [ -122.084346, 37.678926 ], [ -122.083088, 37.676868 ], [ -122.079701, 37.678189 ], [ -122.078725, 37.680345 ], [ -122.077051, 37.679626 ], [ -122.076913, 37.678923 ], [ -122.07558, 37.679256 ], [ -122.073225, 37.681981 ], [ -122.072011, 37.680988 ], [ -122.071395, 37.681176 ], [ -122.071137, 37.681146 ], [ -122.070763, 37.68119 ], [ -122.070369, 37.681294 ], [ -122.070245, 37.681371 ], [ -122.070134, 37.681547 ], [ -122.070107, 37.68169 ], [ -122.070139, 37.6818 ], [ -122.070923, 37.68353 ], [ -122.070553, 37.683892 ], [ -122.070383, 37.684168 ], [ -122.070003, 37.684162 ], [ -122.069257, 37.683778 ], [ -122.068918, 37.683734 ], [ -122.068793, 37.683871 ], [ -122.068634, 37.684728 ], [ -122.06851, 37.684899 ], [ -122.068282, 37.684915 ], [ -122.068051, 37.684787 ], [ -122.066592, 37.684018 ], [ -122.065115, 37.685553 ], [ -122.063217, 37.685948 ], [ -122.062164, 37.685893 ], [ -122.058796, 37.692063 ], [ -122.058884, 37.692192 ], [ -122.058916, 37.692232 ], [ -122.059718, 37.692469 ], [ -122.060137, 37.693204 ], [ -122.059972, 37.69359 ], [ -122.058061, 37.693915 ], [ -122.056963, 37.693962 ], [ -122.056773, 37.693958 ], [ -122.051832, 37.693585 ], [ -122.048737, 37.694016 ], [ -122.046857, 37.694726 ], [ -122.044796, 37.696017 ], [ -122.040171, 37.700201 ], [ -122.036966, 37.701741 ], [ -122.036055, 37.701993 ], [ -122.031887, 37.69991 ], [ -122.027181, 37.698177 ], [ -122.025659, 37.697989 ], [ -122.020384, 37.699987 ], [ -122.020968, 37.697594 ], [ -122.022511, 37.696014 ], [ -122.018904, 37.694776 ], [ -122.014432, 37.694906 ], [ -122.01226, 37.69454 ], [ -122.008228, 37.695674 ], [ -122.006025, 37.695493 ], [ -122.003555, 37.696137 ], [ -122.002391, 37.693953 ], [ -122.000913, 37.693091 ], [ -121.999591, 37.691013 ], [ -121.996292, 37.690228 ], [ -121.992702, 37.689898 ], [ -121.99136, 37.688906 ], [ -121.987834, 37.687778 ], [ -121.986149, 37.687744 ], [ -121.984937, 37.688472 ], [ -121.983491, 37.689006 ], [ -121.979823, 37.680226 ], [ -121.976803, 37.676147 ], [ -121.976811, 37.675482 ], [ -121.975508, 37.67484 ], [ -121.974831, 37.674045 ], [ -121.973332, 37.674138 ], [ -121.971468, 37.673412 ], [ -121.970566, 37.67264 ], [ -121.967597, 37.671429 ], [ -121.965402, 37.671683 ], [ -121.964067, 37.671479 ], [ -121.963545, 37.671754 ], [ -121.963351, 37.671349 ], [ -121.963504, 37.671204 ], [ -121.963828, 37.671101 ], [ -121.963975, 37.670884 ], [ -121.963825, 37.670175 ], [ -121.963829, 37.669904 ], [ -121.963979, 37.669662 ], [ -121.966841, 37.667324 ], [ -121.967197, 37.665704 ], [ -121.96727, 37.665174 ], [ -121.967684, 37.664745 ], [ -121.967901, 37.664156 ], [ -121.967851, 37.663903 ], [ -121.967014, 37.663792 ], [ -121.966238, 37.663923 ], [ -121.965223, 37.663691 ], [ -121.964769, 37.66334 ], [ -121.964362, 37.663339 ], [ -121.963697, 37.663159 ], [ -121.95983, 37.659922 ], [ -121.96042, 37.658959 ], [ -121.959461, 37.657821 ], [ -121.956671, 37.65623 ], [ -121.953273, 37.653213 ], [ -121.951418, 37.653936 ], [ -121.949819, 37.652989 ], [ -121.949532, 37.652484 ], [ -121.948653, 37.651895 ], [ -121.948596, 37.651644 ], [ -121.948331, 37.651185 ], [ -121.948386, 37.650864 ], [ -121.9458, 37.648929 ], [ -121.945035, 37.647334 ], [ -121.942667, 37.645675 ], [ -121.941442, 37.643976 ], [ -121.941739, 37.643201 ], [ -121.93934, 37.642452 ], [ -121.938694, 37.640228 ], [ -121.936463, 37.639304 ], [ -121.935293, 37.63815 ], [ -121.934143, 37.634903 ], [ -121.931614, 37.632273 ], [ -121.930989, 37.630538 ], [ -121.929236, 37.629112 ], [ -121.927621, 37.628664 ], [ -121.926262, 37.626709 ], [ -121.925692, 37.623782 ], [ -121.923461, 37.621392 ], [ -121.923823, 37.619653 ], [ -121.923412, 37.619207 ], [ -121.921207, 37.618449 ], [ -121.920555, 37.617018 ], [ -121.917846, 37.615642 ], [ -121.913491, 37.612882 ], [ -121.911712, 37.609405 ], [ -121.908898, 37.608029 ], [ -121.907912, 37.606359 ], [ -121.905685, 37.605339 ], [ -121.904605, 37.604032 ], [ -121.904273, 37.602141 ], [ -121.902286, 37.601394 ], [ -121.90261, 37.600724 ], [ -121.899057, 37.598361 ], [ -121.897587, 37.598466 ], [ -121.895837, 37.597189 ], [ -121.898139, 37.595567 ], [ -121.895921, 37.594998 ], [ -121.896168, 37.594001 ], [ -121.903107, 37.59554 ], [ -121.905703, 37.595608 ], [ -121.912438, 37.593664 ], [ -121.916702, 37.594615 ], [ -121.920895, 37.597968 ], [ -121.924305, 37.599006 ], [ -121.925688, 37.598904 ], [ -121.930473, 37.595381 ], [ -121.931831, 37.592548 ], [ -121.932767, 37.591732 ], [ -121.934868, 37.591002 ], [ -121.936294, 37.591154 ], [ -121.937238, 37.592238 ], [ -121.937445, 37.59265 ], [ -121.938133, 37.59506 ], [ -121.937951, 37.597293 ], [ -121.938009, 37.597675 ], [ -121.938382, 37.598148 ], [ -121.939608, 37.598827 ], [ -121.942647, 37.597925 ], [ -121.946024, 37.59751 ], [ -121.946658, 37.597716 ], [ -121.947011, 37.597896 ], [ -121.945875, 37.598069 ], [ -121.947815, 37.601225 ], [ -121.948285, 37.60338 ], [ -121.945548, 37.607201 ], [ -121.945473, 37.607809 ], [ -121.945194, 37.608518 ], [ -121.945399, 37.60914 ], [ -121.945128, 37.609522 ], [ -121.944282, 37.609952 ], [ -121.943787, 37.610127 ], [ -121.943774, 37.610129 ], [ -121.942792, 37.610193 ], [ -121.942517, 37.610283 ], [ -121.942269, 37.610457 ], [ -121.942251, 37.610592 ], [ -121.942293, 37.610751 ], [ -121.941364, 37.611252 ], [ -121.941008, 37.613827 ], [ -121.942287, 37.6148 ], [ -121.944162, 37.615075 ], [ -121.945101, 37.616631 ], [ -121.943459, 37.618415 ], [ -121.943818, 37.619711 ], [ -121.943606, 37.621337 ], [ -121.94333, 37.624533 ], [ -121.943915, 37.625494 ], [ -121.943857, 37.626413 ], [ -121.945842, 37.628454 ], [ -121.94599, 37.628967 ], [ -121.947365, 37.629913 ], [ -121.948676, 37.630436 ], [ -121.949695, 37.631429 ], [ -121.950784, 37.63197 ], [ -121.951556, 37.63286 ], [ -121.951916, 37.633211 ], [ -121.954435, 37.635446 ], [ -121.958615, 37.636122 ], [ -121.960163, 37.636838 ], [ -121.962072, 37.638588 ], [ -121.963518, 37.640816 ], [ -121.967026, 37.643206 ], [ -121.9689, 37.643085 ], [ -121.978277, 37.639418 ], [ -121.980585, 37.636557 ], [ -121.983154, 37.634586 ], [ -121.986594, 37.634155 ], [ -121.988837, 37.633927 ], [ -121.990386, 37.633408 ], [ -121.991341, 37.630825 ], [ -121.996149, 37.631511 ], [ -121.998892, 37.630418 ], [ -121.999106, 37.629031 ], [ -122.002287, 37.627205 ], [ -122.005086, 37.627481 ], [ -122.005805, 37.627406 ], [ -122.006593, 37.627058 ], [ -122.008161, 37.628588 ], [ -122.012169, 37.630683 ], [ -122.014024, 37.631686 ], [ -122.017206, 37.632394 ], [ -122.018815, 37.633242 ], [ -122.020541, 37.633372 ], [ -122.022853, 37.632251 ], [ -122.025508, 37.628203 ], [ -122.030028, 37.628855 ], [ -122.029623, 37.625082 ], [ -122.028028, 37.622776 ], [ -122.026644, 37.623132 ], [ -122.026606, 37.622972 ], [ -122.02393, 37.623089 ], [ -122.023806, 37.622188 ], [ -122.021874, 37.619292 ], [ -122.020624, 37.619 ], [ -122.01787, 37.616604 ], [ -122.01676, 37.61306 ], [ -122.016883, 37.609275 ], [ -122.016575, 37.608476 ], [ -122.020037, 37.606243 ], [ -122.02324, 37.609048 ], [ -122.031032, 37.609043 ], [ -122.0345, 37.60906 ], [ -122.030938, 37.605927 ], [ -122.034819, 37.605962 ], [ -122.041447, 37.61164 ], [ -122.043298, 37.612266 ], [ -122.043831, 37.60604 ], [ -122.051683, 37.606006 ], [ -122.05869, 37.606028 ], [ -122.059375, 37.603907 ], [ -122.06566, 37.605143 ], [ -122.068794, 37.605698 ], [ -122.067079, 37.610771 ], [ -122.066975, 37.611063 ], [ -122.066963, 37.611369 ], [ -122.06688, 37.611695 ], [ -122.066413, 37.613137 ], [ -122.066536, 37.61314 ], [ -122.071185, 37.613274 ], [ -122.07145, 37.613278 ], [ -122.072446, 37.614664 ], [ -122.074536, 37.617585 ], [ -122.074259, 37.617576 ], [ -122.073833, 37.617648 ], [ -122.072016, 37.622221 ], [ -122.071867, 37.624553 ], [ -122.072286, 37.63082 ], [ -122.073242, 37.631424 ], [ -122.071678, 37.631553 ], [ -122.069088, 37.631791 ], [ -122.065046, 37.633582 ], [ -122.063605, 37.634227 ], [ -122.063341, 37.63434 ], [ -122.071918, 37.641841 ], [ -122.072298, 37.642174 ], [ -122.079978, 37.648911 ], [ -122.081976, 37.648688 ], [ -122.083491, 37.648448 ], [ -122.084108, 37.648358 ], [ -122.085099, 37.648194 ], [ -122.090297, 37.647153 ], [ -122.092557, 37.647197 ], [ -122.091467, 37.649537 ], [ -122.089584, 37.652959 ], [ -122.087972, 37.655904 ], [ -122.092598, 37.659886 ], [ -122.100231, 37.666572 ], [ -122.098951, 37.667001 ], [ -122.099186, 37.667197 ], [ -122.101682, 37.669365 ] ] ] } },
{ "type": "Feature", "properties": { "STATEFP20": "06", "PUMACE20": "09706", "AFFGEOID20": "795P200US0609706", "GEOID20": "0609706", "NAMELSAD20": "Sonoma County (East)--Santa Rosa City (East) PUMA", "STUSPS20": "CA", "ST_NAME20": "California", "LSAD20": "P0", "ALAND20": 698074068, "AWATER20": 36801095, "puma_geoid": "0609706", "display": "Santa Rosa City (East) (Sonoma Co., East)", "place": "Santa Rosa City (East)", "NAME": "Sonoma County (East)--Santa Rosa City (East) PUMA; California", "total_housing_units": 63764, "occupied_units": 58926, "vacant_units": 4838, "vacancy_rate": 0.075873533655354097, "median_gross_rent": 2101, "median_gross_rent_display": "$2,101", "median_home_value": 827900, "median_home_value_display": "$827,900", "home_value_topcoded": false, "county": "Sonoma", "subregion": "East", "city": "Bay Area" }, "geometry": { "type": "Polygon", "coordinates": [ [ [ -122.741958, 38.4954 ], [ -122.741898, 38.49581 ], [ -122.740862, 38.499934 ], [ -122.738209, 38.501477 ], [ -122.735606, 38.503086 ], [ -122.732954, 38.505126 ], [ -122.726336, 38.505646 ], [ -122.723495, 38.506974 ], [ -122.720134, 38.50759 ], [ -122.7193, 38.508176 ], [ -122.7185, 38.508996 ], [ -122.719573, 38.511934 ], [ -122.718639, 38.514237 ], [ -122.720574, 38.517562 ], [ -122.718456, 38.521055 ], [ -122.720037, 38.525608 ], [ -122.722323, 38.528222 ], [ -122.724093, 38.528822 ], [ -122.72577, 38.530796 ], [ -122.725444, 38.532927 ], [ -122.725177, 38.533988 ], [ -122.725678, 38.536129 ], [ -122.725614, 38.536333 ], [ -122.724305, 38.537453 ], [ -122.72355, 38.53779 ], [ -122.72171, 38.538908 ], [ -122.720391, 38.540926 ], [ -122.720609, 38.548842 ], [ -122.719998, 38.549509 ], [ -122.719177, 38.549808 ], [ -122.713658, 38.549859 ], [ -122.709282, 38.548686 ], [ -122.701997, 38.551489 ], [ -122.69709, 38.554658 ], [ -122.694459, 38.55754 ], [ -122.692965, 38.558581 ], [ -122.690945, 38.560977 ], [ -122.692099, 38.562932 ], [ -122.689798, 38.564101 ], [ -122.683769, 38.564162 ], [ -122.684111, 38.567271 ], [ -122.681027, 38.56995 ], [ -122.680053, 38.570465 ], [ -122.678224, 38.570161 ], [ -122.677712, 38.569661 ], [ -122.675875, 38.571535 ], [ -122.673746, 38.572155 ], [ -122.675583, 38.574609 ], [ -122.674358, 38.57698 ], [ -122.67725, 38.58222 ], [ -122.673599, 38.58211 ], [ -122.672067, 38.582615 ], [ -122.671904, 38.583711 ], [ -122.665536, 38.584366 ], [ -122.663451, 38.58503 ], [ -122.658149, 38.584197 ], [ -122.656034, 38.583167 ], [ -122.655428, 38.582159 ], [ -122.651076, 38.581032 ], [ -122.644936, 38.581147 ], [ -122.641754, 38.582851 ], [ -122.634982, 38.58301 ], [ -122.633114, 38.580459 ], [ -122.630494, 38.579008 ], [ -122.631602, 38.57621 ], [ -122.631206, 38.575569 ], [ -122.632275, 38.57238 ], [ -122.631832, 38.569367 ], [ -122.628795, 38.570308 ], [ -122.626095, 38.569908 ], [ -122.624737, 38.568458 ], [ -122.622769, 38.567825 ], [ -122.620403, 38.565742 ], [ -122.620678, 38.563613 ], [ -122.621441, 38.56333 ], [ -122.620846, 38.560317 ], [ -122.61503, 38.55853 ], [ -122.611079, 38.558417 ], [ -122.6076, 38.559524 ], [ -122.603282, 38.558784 ], [ -122.602659, 38.557496 ], [ -122.600228, 38.555656 ], [ -122.596064, 38.555281 ], [ -122.589426, 38.5521 ], [ -122.586329, 38.551581 ], [ -122.585076, 38.549133 ], [ -122.582148, 38.549399 ], [ -122.582285, 38.548522 ], [ -122.579706, 38.546508 ], [ -122.577194, 38.542308 ], [ -122.573999, 38.540359 ], [ -122.573674, 38.538725 ], [ -122.569819, 38.533103 ], [ -122.569473, 38.529659 ], [ -122.566629, 38.528625 ], [ -122.566644, 38.525543 ], [ -122.563608, 38.525368 ], [ -122.561899, 38.526786 ], [ -122.557133, 38.525485 ], [ -122.552782, 38.525689 ], [ -122.550623, 38.522132 ], [ -122.5482, 38.522047 ], [ -122.546393, 38.521208 ], [ -122.543893, 38.519966 ], [ -122.543557, 38.518013 ], [ -122.545298, 38.516456 ], [ -122.542871, 38.515747 ], [ -122.542367, 38.513198 ], [ -122.54632, 38.512603 ], [ -122.548807, 38.511627 ], [ -122.54722, 38.510338 ], [ -122.545527, 38.506798 ], [ -122.54316, 38.507493 ], [ -122.542962, 38.506257 ], [ -122.541238, 38.504174 ], [ -122.538796, 38.502694 ], [ -122.535491, 38.501726 ], [ -122.538201, 38.497902 ], [ -122.541253, 38.498917 ], [ -122.542859, 38.498869 ], [ -122.544901, 38.496285 ], [ -122.542892, 38.493909 ], [ -122.540978, 38.491676 ], [ -122.540536, 38.488312 ], [ -122.538223, 38.486541 ], [ -122.538009, 38.48535 ], [ -122.53608, 38.482338 ], [ -122.533532, 38.480729 ], [ -122.53106, 38.477784 ], [ -122.531335, 38.476342 ], [ -122.529626, 38.47313 ], [ -122.529592, 38.469609 ], [ -122.524804, 38.470261 ], [ -122.522637, 38.470185 ], [ -122.520318, 38.471291 ], [ -122.517175, 38.470246 ], [ -122.516244, 38.470872 ], [ -122.511117, 38.467148 ], [ -122.508798, 38.467003 ], [ -122.505822, 38.464493 ], [ -122.508192, 38.464309 ], [ -122.510049, 38.46216 ], [ -122.508843, 38.460802 ], [ -122.508569, 38.459184 ], [ -122.509728, 38.458254 ], [ -122.507287, 38.457254 ], [ -122.504067, 38.45714 ], [ -122.50155, 38.455919 ], [ -122.496846, 38.455634 ], [ -122.493691, 38.45651 ], [ -122.492091, 38.45451 ], [ -122.488391, 38.45431 ], [ -122.485391, 38.45291 ], [ -122.482991, 38.45271 ], [ -122.479955, 38.448726 ], [ -122.479995, 38.443825 ], [ -122.480003, 38.44303 ], [ -122.483043, 38.44039 ], [ -122.484195, 38.438006 ], [ -122.485507, 38.437478 ], [ -122.487107, 38.431718 ], [ -122.491391, 38.43441 ], [ -122.494191, 38.43111 ], [ -122.493491, 38.42921 ], [ -122.497475, 38.424306 ], [ -122.497191, 38.423811 ], [ -122.494397, 38.422719 ], [ -122.475591, 38.409111 ], [ -122.47539, 38.406511 ], [ -122.4724, 38.405514 ], [ -122.470591, 38.404911 ], [ -122.470791, 38.402811 ], [ -122.468091, 38.400011 ], [ -122.470191, 38.397511 ], [ -122.465891, 38.390411 ], [ -122.460491, 38.388111 ], [ -122.458652, 38.386922 ], [ -122.45399, 38.383912 ], [ -122.453522, 38.382392 ], [ -122.44789, 38.379312 ], [ -122.44999, 38.374912 ], [ -122.452872, 38.374668 ], [ -122.457115, 38.370548 ], [ -122.457437, 38.36862 ], [ -122.457741, 38.367466 ], [ -122.45449, 38.365619 ], [ -122.452246, 38.362071 ], [ -122.44969, 38.361012 ], [ -122.447196, 38.359035 ], [ -122.444114, 38.358707 ], [ -122.442283, 38.359035 ], [ -122.439506, 38.358112 ], [ -122.43743, 38.356662 ], [ -122.436683, 38.355137 ], [ -122.432929, 38.353428 ], [ -122.429328, 38.351001 ], [ -122.429114, 38.349453 ], [ -122.427329, 38.34914 ], [ -122.427207, 38.346043 ], [ -122.42499, 38.345113 ], [ -122.42439, 38.344413 ], [ -122.421514, 38.339513 ], [ -122.419683, 38.338536 ], [ -122.418753, 38.339589 ], [ -122.417257, 38.339322 ], [ -122.417562, 38.33801 ], [ -122.414404, 38.33627 ], [ -122.411993, 38.334012 ], [ -122.413504, 38.332089 ], [ -122.413732, 38.330693 ], [ -122.4121, 38.32787 ], [ -122.409719, 38.325963 ], [ -122.40946, 38.321133 ], [ -122.408575, 38.320111 ], [ -122.406866, 38.321805 ], [ -122.405401, 38.322118 ], [ -122.403738, 38.319722 ], [ -122.401953, 38.314191 ], [ -122.398931, 38.311796 ], [ -122.396336, 38.309179 ], [ -122.395377, 38.306428 ], [ -122.394917, 38.304479 ], [ -122.401739, 38.30245 ], [ -122.40277, 38.300549 ], [ -122.403589, 38.299114 ], [ -122.402624, 38.297987 ], [ -122.401693, 38.295202 ], [ -122.40241, 38.293974 ], [ -122.400823, 38.289549 ], [ -122.401525, 38.28832 ], [ -122.401235, 38.286886 ], [ -122.402029, 38.284437 ], [ -122.404592, 38.281423 ], [ -122.403128, 38.280096 ], [ -122.400365, 38.27455 ], [ -122.396992, 38.272094 ], [ -122.394139, 38.272155 ], [ -122.393864, 38.273131 ], [ -122.389851, 38.274268 ], [ -122.388188, 38.274215 ], [ -122.387242, 38.273253 ], [ -122.388387, 38.27146 ], [ -122.387375, 38.270117 ], [ -122.389272, 38.267867 ], [ -122.389073, 38.264388 ], [ -122.389896, 38.260695 ], [ -122.388157, 38.258345 ], [ -122.385587, 38.256715 ], [ -122.384342, 38.2545 ], [ -122.382487, 38.254115 ], [ -122.378987, 38.250714 ], [ -122.377287, 38.249915 ], [ -122.377187, 38.248415 ], [ -122.373865, 38.247438 ], [ -122.374587, 38.244515 ], [ -122.370481, 38.245318 ], [ -122.370387, 38.246915 ], [ -122.366787, 38.247015 ], [ -122.359924, 38.230501 ], [ -122.358267, 38.218524 ], [ -122.358037, 38.214706 ], [ -122.359018, 38.209583 ], [ -122.358335, 38.209187 ], [ -122.357534, 38.208866 ], [ -122.356377, 38.206796 ], [ -122.35407, 38.205421 ], [ -122.352284, 38.202667 ], [ -122.350681, 38.201831 ], [ -122.350391, 38.200552 ], [ -122.350836, 38.198954 ], [ -122.350855, 38.196926 ], [ -122.349564, 38.193972 ], [ -122.350502, 38.192611 ], [ -122.35321, 38.195482 ], [ -122.355128, 38.196862 ], [ -122.359102, 38.197567 ], [ -122.360257, 38.197115 ], [ -122.360544, 38.19506 ], [ -122.358176, 38.192738 ], [ -122.357051, 38.190634 ], [ -122.356908, 38.188682 ], [ -122.35737, 38.183958 ], [ -122.358565, 38.181974 ], [ -122.360079, 38.181929 ], [ -122.362824, 38.183431 ], [ -122.36679, 38.183824 ], [ -122.369048, 38.181777 ], [ -122.369751, 38.175875 ], [ -122.36875, 38.172949 ], [ -122.366494, 38.169432 ], [ -122.365582, 38.166029 ], [ -122.366215, 38.160855 ], [ -122.367561, 38.158792 ], [ -122.371116, 38.15772 ], [ -122.374358, 38.15801 ], [ -122.375073, 38.158653 ], [ -122.381705, 38.160486 ], [ -122.384774, 38.160964 ], [ -122.396822, 38.161451 ], [ -122.401363, 38.161012 ], [ -122.404003, 38.160409 ], [ -122.406793, 38.15872 ], [ -122.407512, 38.157813 ], [ -122.406786, 38.155632 ], [ -122.398128869977995, 38.142799435887703 ], [ -122.398817, 38.142701 ], [ -122.400006, 38.138588 ], [ -122.419936262945996, 38.129352333911797 ], [ -122.422289203930006, 38.128261983156499 ], [ -122.432997, 38.1233 ], [ -122.434619292977999, 38.122324492462603 ], [ -122.436383, 38.125998 ], [ -122.435569, 38.128555 ], [ -122.438339, 38.133283 ], [ -122.440708, 38.135823 ], [ -122.440837, 38.137932 ], [ -122.437878, 38.139736 ], [ -122.432056, 38.141202 ], [ -122.430121, 38.142895 ], [ -122.431082, 38.144205 ], [ -122.433274, 38.145034 ], [ -122.437516, 38.148053 ], [ -122.438782, 38.149937 ], [ -122.440319, 38.14912 ], [ -122.443519, 38.150204 ], [ -122.445713, 38.152153 ], [ -122.446944, 38.151707 ], [ -122.44817, 38.155179 ], [ -122.448275, 38.160245 ], [ -122.447343, 38.162283 ], [ -122.444768, 38.165525 ], [ -122.449451, 38.168255 ], [ -122.451373, 38.169914 ], [ -122.45739, 38.170038 ], [ -122.456235, 38.172254 ], [ -122.453561, 38.175178 ], [ -122.45208, 38.176007 ], [ -122.449694, 38.176354 ], [ -122.45611, 38.180306 ], [ -122.460977, 38.180925 ], [ -122.463858, 38.185675 ], [ -122.466096, 38.185212 ], [ -122.467319, 38.186542 ], [ -122.47031, 38.18707 ], [ -122.47326, 38.187025 ], [ -122.477292, 38.186186 ], [ -122.47811, 38.186529 ], [ -122.4806, 38.185758 ], [ -122.483296, 38.186407 ], [ -122.486466, 38.188378 ], [ -122.492478, 38.189683 ], [ -122.493564, 38.189515 ], [ -122.49455, 38.190368 ], [ -122.496158, 38.190829 ], [ -122.497, 38.191568 ], [ -122.498255, 38.192128 ], [ -122.500527, 38.194473 ], [ -122.501092, 38.194724 ], [ -122.503926, 38.194589 ], [ -122.506054, 38.196419 ], [ -122.508692, 38.197602 ], [ -122.509471, 38.198893 ], [ -122.51231, 38.201323 ], [ -122.515685, 38.202945 ], [ -122.518899, 38.207605 ], [ -122.520762, 38.212616 ], [ -122.519787, 38.213956 ], [ -122.521198, 38.217259 ], [ -122.526308, 38.220777 ], [ -122.528842, 38.223667 ], [ -122.529829, 38.227706 ], [ -122.53116, 38.23141 ], [ -122.527566, 38.235376 ], [ -122.526369, 38.236109 ], [ -122.523458, 38.236049 ], [ -122.521052, 38.236913 ], [ -122.516908, 38.237111 ], [ -122.511333, 38.236681 ], [ -122.510264, 38.236463 ], [ -122.509548, 38.236414 ], [ -122.509291, 38.236442 ], [ -122.507615, 38.237065 ], [ -122.505437, 38.240024 ], [ -122.505393, 38.242675 ], [ -122.501121, 38.246235 ], [ -122.500218, 38.247664 ], [ -122.503159, 38.246703 ], [ -122.507394, 38.247293 ], [ -122.510499, 38.252673 ], [ -122.512323, 38.254844 ], [ -122.51777, 38.257363 ], [ -122.520082, 38.258589 ], [ -122.522053, 38.259276 ], [ -122.524888, 38.261151 ], [ -122.532737, 38.262407 ], [ -122.533451, 38.262812 ], [ -122.535797, 38.265166 ], [ -122.542494, 38.268742 ], [ -122.543797, 38.270011 ], [ -122.545901, 38.271122 ], [ -122.546117, 38.272665 ], [ -122.549817, 38.274506 ], [ -122.551071, 38.276232 ], [ -122.553559, 38.277897 ], [ -122.556409, 38.280501 ], [ -122.559762, 38.282506 ], [ -122.561525, 38.284528 ], [ -122.563219, 38.285347 ], [ -122.559942, 38.287649 ], [ -122.558534, 38.288181 ], [ -122.555342, 38.288467 ], [ -122.554561, 38.292269 ], [ -122.553745, 38.29306 ], [ -122.553619, 38.29384 ], [ -122.567606, 38.31286 ], [ -122.569151, 38.314227 ], [ -122.572684, 38.316201 ], [ -122.573573, 38.31753 ], [ -122.57347, 38.31947 ], [ -122.574684, 38.322731 ], [ -122.574568, 38.324861 ], [ -122.573533, 38.327554 ], [ -122.569521, 38.327069 ], [ -122.568501, 38.327621 ], [ -122.567218, 38.327505 ], [ -122.566694, 38.329113 ], [ -122.567454, 38.33064 ], [ -122.570282, 38.332349 ], [ -122.571745, 38.334664 ], [ -122.572236, 38.334854 ], [ -122.572939, 38.334595 ], [ -122.573164, 38.334519 ], [ -122.57351, 38.33534 ], [ -122.573523, 38.336181 ], [ -122.573409, 38.337144 ], [ -122.573171, 38.337836 ], [ -122.573299, 38.339803 ], [ -122.578502, 38.345052 ], [ -122.580775, 38.347974 ], [ -122.580959, 38.349591 ], [ -122.583595, 38.350312 ], [ -122.586136, 38.350562 ], [ -122.589205, 38.350078 ], [ -122.59321, 38.350753 ], [ -122.596454, 38.352274 ], [ -122.599498, 38.355866 ], [ -122.599499, 38.357536 ], [ -122.600358, 38.360722 ], [ -122.601846, 38.362744 ], [ -122.604994, 38.364545 ], [ -122.609991, 38.365795 ], [ -122.616164, 38.367906 ], [ -122.621556, 38.367157 ], [ -122.623705, 38.368993 ], [ -122.626172, 38.366324 ], [ -122.627919, 38.366065 ], [ -122.631957, 38.363982 ], [ -122.636333, 38.359137 ], [ -122.636248, 38.356852 ], [ -122.63789, 38.353286 ], [ -122.637682, 38.35266 ], [ -122.637639, 38.35078 ], [ -122.638597, 38.348494 ], [ -122.64175, 38.347365 ], [ -122.64464, 38.347749 ], [ -122.649965, 38.35073 ], [ -122.652493, 38.353059 ], [ -122.657159, 38.355917 ], [ -122.659747, 38.356808 ], [ -122.663257, 38.356468 ], [ -122.665622, 38.355452 ], [ -122.666997, 38.355171 ], [ -122.667015, 38.36491 ], [ -122.667121, 38.371458 ], [ -122.667786, 38.3728 ], [ -122.670894, 38.374454 ], [ -122.677985, 38.377044 ], [ -122.683367, 38.380536 ], [ -122.684361, 38.381028 ], [ -122.685597, 38.381971 ], [ -122.685874, 38.379482 ], [ -122.686959, 38.379473 ], [ -122.695047, 38.379432 ], [ -122.713371, 38.379313 ], [ -122.713425, 38.375644 ], [ -122.713416, 38.373182 ], [ -122.714396, 38.371843 ], [ -122.716141, 38.37507 ], [ -122.716353, 38.376579 ], [ -122.716281, 38.388617 ], [ -122.716247, 38.394427 ], [ -122.716207, 38.401769 ], [ -122.716207, 38.401849 ], [ -122.71613, 38.414558 ], [ -122.716103, 38.417887 ], [ -122.71581, 38.420023 ], [ -122.715465, 38.421922 ], [ -122.715062, 38.424597 ], [ -122.715443, 38.431063 ], [ -122.715536, 38.431305 ], [ -122.717343, 38.43574 ], [ -122.718099, 38.437153 ], [ -122.721733, 38.442383 ], [ -122.724162, 38.445905 ], [ -122.72595, 38.449182 ], [ -122.726149, 38.454086 ], [ -122.726345, 38.459947 ], [ -122.726742, 38.463799 ], [ -122.72688, 38.464346 ], [ -122.728897, 38.469206 ], [ -122.730335, 38.472578 ], [ -122.731206, 38.474639 ], [ -122.730592, 38.475527 ], [ -122.73105, 38.475993 ], [ -122.732747, 38.479299 ], [ -122.732935, 38.479557 ], [ -122.733591, 38.480382 ], [ -122.734971, 38.484656 ], [ -122.735644, 38.487159 ], [ -122.737041, 38.488408 ], [ -122.738079, 38.489159 ], [ -122.742139, 38.492166 ], [ -122.741958, 38.4954 ] ] ] } },
{ "type": "Feature", "properties": { "STATEFP20": "06", "PUMACE20": "01312", "AFFGEOID20": "795P200US0601312", "GEOID20": "0601312", "NAMELSAD20": "Contra Costa County (West)--Walnut Creek (West), Lafayette & Orinda Cities PUMA", "STUSPS20": "CA", "ST_NAME20": "California", "LSAD20": "P0", "ALAND20": 202054271, "AWATER20": 747043, "puma_geoid": "0601312", "display": "Walnut Creek (West), Lafayette & Orinda (Contra Costa Co., West)", "place": "Walnut Creek (West), Lafayette & Orinda Cities", "NAME": "Contra Costa County (West)--Walnut Creek (West), Lafayette & Orinda Cities PUMA; California", "total_housing_units": 41742, "occupied_units": 39990, "vacant_units": 1752, "vacancy_rate": 0.041972114417133798, "median_gross_rent": 2916, "median_gross_rent_display": "$2,916", "median_home_value": 1532500, "median_home_value_display": "$1,532,500", "home_value_topcoded": false, "county": "Contra Costa", "subregion": "West", "city": "Bay Area" }, "geometry": { "type": "Polygon", "coordinates": [ [ [ -122.250286, 37.889828 ], [ -122.249145, 37.891128 ], [ -122.245976, 37.893068 ], [ -122.24443, 37.892292 ], [ -122.242167, 37.893292 ], [ -122.24423, 37.896639 ], [ -122.246228, 37.897112 ], [ -122.24824, 37.899731 ], [ -122.249708, 37.89972 ], [ -122.249919, 37.901135 ], [ -122.24472, 37.904717 ], [ -122.242791, 37.904794 ], [ -122.242163, 37.903747 ], [ -122.238846, 37.900857 ], [ -122.235672, 37.89933 ], [ -122.229943, 37.898219 ], [ -122.227187, 37.899757 ], [ -122.222924, 37.898253 ], [ -122.222796, 37.899188 ], [ -122.220281, 37.899311 ], [ -122.219152, 37.897731 ], [ -122.215901, 37.900273 ], [ -122.215508, 37.899826 ], [ -122.210494, 37.899516 ], [ -122.20972, 37.900476 ], [ -122.207214, 37.901206 ], [ -122.207087, 37.901721 ], [ -122.207192, 37.902549 ], [ -122.208125, 37.903915 ], [ -122.210539, 37.905823 ], [ -122.211257, 37.90685 ], [ -122.211098, 37.907889 ], [ -122.210374, 37.908608 ], [ -122.208918, 37.908943 ], [ -122.205337, 37.908501 ], [ -122.204327, 37.908957 ], [ -122.200719, 37.914038 ], [ -122.200146, 37.917538 ], [ -122.197263, 37.919792 ], [ -122.19683, 37.921474 ], [ -122.195641, 37.922173 ], [ -122.194171, 37.921905 ], [ -122.1918, 37.920631 ], [ -122.188888, 37.920257 ], [ -122.184728, 37.919162 ], [ -122.174716, 37.917967 ], [ -122.171168, 37.918278 ], [ -122.166383, 37.919708 ], [ -122.164546, 37.92129 ], [ -122.164181, 37.922007 ], [ -122.162691, 37.925605 ], [ -122.161103, 37.925952 ], [ -122.159249, 37.927126 ], [ -122.15559, 37.927474 ], [ -122.151829, 37.928771 ], [ -122.149449, 37.930564 ], [ -122.14806, 37.932851 ], [ -122.148242, 37.933735 ], [ -122.143306, 37.935334 ], [ -122.141985, 37.935042 ], [ -122.141259, 37.936919 ], [ -122.13755, 37.937964 ], [ -122.13831, 37.939212 ], [ -122.137372, 37.939715 ], [ -122.136769, 37.942771 ], [ -122.135593, 37.943719 ], [ -122.134741, 37.94579 ], [ -122.134923, 37.947512 ], [ -122.136445, 37.949591 ], [ -122.136506, 37.951287 ], [ -122.134955, 37.953482 ], [ -122.135672, 37.95667 ], [ -122.13738, 37.957071 ], [ -122.138193, 37.958329 ], [ -122.137264, 37.958759 ], [ -122.13519, 37.957465 ], [ -122.133161, 37.958843 ], [ -122.133139, 37.958938 ], [ -122.131107, 37.963645 ], [ -122.129318, 37.963908 ], [ -122.128023, 37.966228 ], [ -122.126154, 37.966789 ], [ -122.123199, 37.967304 ], [ -122.122546, 37.967303 ], [ -122.119733, 37.967131 ], [ -122.118894, 37.966211 ], [ -122.11208, 37.96114 ], [ -122.109618, 37.959668 ], [ -122.109413, 37.959215 ], [ -122.10917, 37.957823 ], [ -122.10806, 37.956815 ], [ -122.10699, 37.956 ], [ -122.106459, 37.956214 ], [ -122.104191, 37.956307 ], [ -122.103744, 37.956318 ], [ -122.103138, 37.954957 ], [ -122.102395, 37.954977 ], [ -122.093217, 37.955063 ], [ -122.091854, 37.956386 ], [ -122.091161, 37.95651 ], [ -122.089885, 37.955343 ], [ -122.087837, 37.95416 ], [ -122.089358, 37.952322 ], [ -122.09003, 37.947727 ], [ -122.090197, 37.945001 ], [ -122.089914, 37.941275 ], [ -122.089876, 37.940861 ], [ -122.089795, 37.937578 ], [ -122.090464, 37.936065 ], [ -122.092543, 37.934589 ], [ -122.096443, 37.933024 ], [ -122.097147, 37.931925 ], [ -122.0959, 37.927537 ], [ -122.096106, 37.925106 ], [ -122.096973, 37.921547 ], [ -122.094424, 37.923704 ], [ -122.090583, 37.924674 ], [ -122.089469, 37.924944 ], [ -122.087997, 37.92526 ], [ -122.086334, 37.926034 ], [ -122.085857, 37.926148 ], [ -122.078273, 37.926281 ], [ -122.073508, 37.926336 ], [ -122.073517, 37.928182 ], [ -122.073518, 37.928699 ], [ -122.0735, 37.933345 ], [ -122.070234, 37.933341 ], [ -122.061532, 37.932328 ], [ -122.060742, 37.931719 ], [ -122.060193, 37.931696 ], [ -122.060084, 37.931695 ], [ -122.060479, 37.926458 ], [ -122.060888, 37.923758 ], [ -122.061507, 37.921901 ], [ -122.062949, 37.918664 ], [ -122.064084, 37.917261 ], [ -122.066246, 37.914628 ], [ -122.067572, 37.910979 ], [ -122.069401, 37.905327 ], [ -122.070141, 37.901477 ], [ -122.070221, 37.90097 ], [ -122.070878, 37.898116 ], [ -122.070653, 37.896559 ], [ -122.06972, 37.895386 ], [ -122.066784, 37.89386 ], [ -122.05905, 37.890275 ], [ -122.057801, 37.889372 ], [ -122.055021, 37.885604 ], [ -122.050071, 37.880846 ], [ -122.049045, 37.879367 ], [ -122.047514, 37.877406 ], [ -122.043775, 37.873653 ], [ -122.040902, 37.869666 ], [ -122.03976, 37.868232 ], [ -122.037583, 37.865286 ], [ -122.035283, 37.863374 ], [ -122.03315, 37.861461 ], [ -122.029161, 37.854618 ], [ -122.028989, 37.854034 ], [ -122.028714, 37.851491 ], [ -122.027765, 37.848142 ], [ -122.025087, 37.845581 ], [ -122.017732, 37.840204 ], [ -122.017612, 37.84014 ], [ -122.019018, 37.839119 ], [ -122.015694, 37.835657 ], [ -122.020353, 37.83119 ], [ -122.021557, 37.828032 ], [ -122.021472, 37.827326 ], [ -122.019726, 37.825425 ], [ -122.017553, 37.825241 ], [ -122.022465, 37.822625 ], [ -122.023878, 37.822843 ], [ -122.023827, 37.82154 ], [ -122.025556, 37.821656 ], [ -122.026035, 37.820855 ], [ -122.026331, 37.821378 ], [ -122.029303, 37.821281 ], [ -122.030382, 37.821998 ], [ -122.031317, 37.820693 ], [ -122.033224, 37.820813 ], [ -122.031247, 37.818924 ], [ -122.03386, 37.817087 ], [ -122.034012, 37.816015 ], [ -122.037084, 37.812569 ], [ -122.036822, 37.810507 ], [ -122.038079, 37.808893 ], [ -122.038924, 37.80868 ], [ -122.041676, 37.810133 ], [ -122.046911, 37.815256 ], [ -122.049578, 37.81659 ], [ -122.05065, 37.818003 ], [ -122.054644, 37.821059 ], [ -122.059225, 37.822571 ], [ -122.061468, 37.823464 ], [ -122.063186, 37.825503 ], [ -122.063214, 37.825795 ], [ -122.06702, 37.828516 ], [ -122.070776, 37.828766 ], [ -122.074745, 37.830091 ], [ -122.071297, 37.828629 ], [ -122.070715, 37.82742 ], [ -122.070361, 37.821525 ], [ -122.066888, 37.818582 ], [ -122.069944, 37.819484 ], [ -122.069769, 37.817409 ], [ -122.068744, 37.816472 ], [ -122.069669, 37.814172 ], [ -122.07112, 37.814513 ], [ -122.074131, 37.813395 ], [ -122.073594, 37.811465 ], [ -122.069069, 37.80804 ], [ -122.069881, 37.806447 ], [ -122.067619, 37.806309 ], [ -122.066744, 37.804609 ], [ -122.064581, 37.802597 ], [ -122.062781, 37.799853 ], [ -122.061706, 37.79949 ], [ -122.061681, 37.79922 ], [ -122.078869, 37.800314 ], [ -122.106541, 37.802395 ], [ -122.112793, 37.802844 ], [ -122.113812, 37.802729 ], [ -122.118093, 37.803246 ], [ -122.135257, 37.804482 ], [ -122.138651, 37.804632 ], [ -122.140317, 37.804701 ], [ -122.148808, 37.81376 ], [ -122.15295, 37.815034 ], [ -122.157392, 37.817952 ], [ -122.166873, 37.813424 ], [ -122.172775, 37.815826 ], [ -122.177873, 37.816323 ], [ -122.181224, 37.819341 ], [ -122.185577, 37.820726 ], [ -122.186871, 37.822082 ], [ -122.186368, 37.823547 ], [ -122.185729, 37.825366 ], [ -122.186183, 37.826153 ], [ -122.187024, 37.827537 ], [ -122.185647, 37.831726 ], [ -122.183818, 37.834353 ], [ -122.184526, 37.835916 ], [ -122.185116, 37.837353 ], [ -122.18827, 37.837905 ], [ -122.188671, 37.837919 ], [ -122.195623, 37.841913 ], [ -122.195348, 37.842626 ], [ -122.195046, 37.843 ], [ -122.195106, 37.843605 ], [ -122.196571, 37.844714 ], [ -122.198718, 37.846419 ], [ -122.199754, 37.846992 ], [ -122.200842, 37.847616 ], [ -122.200997, 37.847878 ], [ -122.202657, 37.85048 ], [ -122.2031, 37.851192 ], [ -122.208898, 37.851941 ], [ -122.210408, 37.855065 ], [ -122.211586, 37.85636 ], [ -122.211854, 37.856801 ], [ -122.21238, 37.857234 ], [ -122.212923, 37.857784 ], [ -122.219826, 37.864771 ], [ -122.221418, 37.865468 ], [ -122.219791, 37.867332 ], [ -122.217784, 37.868356 ], [ -122.216972, 37.868776 ], [ -122.216372, 37.869075 ], [ -122.21764, 37.87225 ], [ -122.219804, 37.873495 ], [ -122.221414, 37.87564 ], [ -122.22362, 37.878566 ], [ -122.226035, 37.879703 ], [ -122.22884, 37.881023 ], [ -122.238679, 37.883325 ], [ -122.241971, 37.881927 ], [ -122.24691, 37.885355 ], [ -122.249262, 37.886972 ], [ -122.250286, 37.889828 ] ] ] } },
{ "type": "Feature", "properties": { "STATEFP20": "06", "PUMACE20": "05500", "AFFGEOID20": "795P200US0605500", "GEOID20": "0605500", "NAMELSAD20": "Napa County--Napa, American Canyon & St. Helena Cities PUMA", "STUSPS20": "CA", "ST_NAME20": "California", "LSAD20": "P0", "ALAND20": 1938032964, "AWATER20": 104262608, "puma_geoid": "0605500", "display": "Napa, American Canyon & St. Helena (Napa Co.)", "place": "Napa, American Canyon & St. Helena Cities", "NAME": "Napa County--Napa, American Canyon & St. Helena Cities PUMA; California", "total_housing_units": 55601, "occupied_units": 49663, "vacant_units": 5938, "vacancy_rate": 0.1067966403481951, "median_gross_rent": 2141, "median_gross_rent_display": "$2,141", "median_home_value": 838800, "median_home_value_display": "$838,800", "home_value_topcoded": false, "county": "Napa", "subregion": null, "city": "Bay Area" }, "geometry": { "type": "Polygon", "coordinates": [ [ [ -122.646421, 38.598593 ], [ -122.644696, 38.602507 ], [ -122.644695, 38.603224 ], [ -122.641797, 38.605483 ], [ -122.639142, 38.609267 ], [ -122.639981, 38.610457 ], [ -122.639142, 38.612059 ], [ -122.637342, 38.612792 ], [ -122.63548, 38.614661 ], [ -122.633268, 38.616629 ], [ -122.633588, 38.619864 ], [ -122.628293, 38.623038 ], [ -122.630096, 38.626807 ], [ -122.632996, 38.627607 ], [ -122.634096, 38.636907 ], [ -122.627796, 38.644306 ], [ -122.626996, 38.647406 ], [ -122.624196, 38.649806 ], [ -122.623731, 38.663286 ], [ -122.623696, 38.664306 ], [ -122.627396, 38.667506 ], [ -122.592195, 38.675804 ], [ -122.521684, 38.692016 ], [ -122.484523, 38.70053 ], [ -122.46389, 38.705203 ], [ -122.427288, 38.752988 ], [ -122.415789, 38.768002 ], [ -122.402889, 38.772902 ], [ -122.408989, 38.776301 ], [ -122.410089, 38.785501 ], [ -122.412289, 38.785801 ], [ -122.397989, 38.804001 ], [ -122.379388, 38.802101 ], [ -122.373488, 38.817 ], [ -122.381988, 38.8338 ], [ -122.403886, 38.8556 ], [ -122.403289, 38.856099 ], [ -122.395056, 38.864245 ], [ -122.393456, 38.862939 ], [ -122.391904, 38.859611 ], [ -122.38984, 38.856811 ], [ -122.388256, 38.856187 ], [ -122.385248, 38.853787 ], [ -122.385184, 38.852475 ], [ -122.379536, 38.849243 ], [ -122.37696, 38.849211 ], [ -122.373584, 38.847179 ], [ -122.373024, 38.845739 ], [ -122.371552, 38.844651 ], [ -122.366656, 38.843212 ], [ -122.362048, 38.8407 ], [ -122.354304, 38.837148 ], [ -122.349968, 38.835756 ], [ -122.348624, 38.83606 ], [ -122.343552, 38.841292 ], [ -122.34208, 38.842076 ], [ -122.338336, 38.842172 ], [ -122.335439, 38.843468 ], [ -122.332671, 38.842364 ], [ -122.329759, 38.842364 ], [ -122.326207, 38.845932 ], [ -122.324047, 38.846252 ], [ -122.319967, 38.843852 ], [ -122.317647, 38.840796 ], [ -122.315359, 38.839468 ], [ -122.307007, 38.841068 ], [ -122.303007, 38.842396 ], [ -122.302447, 38.839852 ], [ -122.296031, 38.838684 ], [ -122.289759, 38.839292 ], [ -122.287998, 38.839931 ], [ -122.286927, 38.838012 ], [ -122.285343, 38.8335 ], [ -122.283007, 38.828476 ], [ -122.281647, 38.82462 ], [ -122.278783, 38.82206 ], [ -122.276607, 38.81862 ], [ -122.276607, 38.817324 ], [ -122.274623, 38.812845 ], [ -122.273983, 38.809437 ], [ -122.270735, 38.804765 ], [ -122.269279, 38.801869 ], [ -122.267023, 38.800701 ], [ -122.265599, 38.796797 ], [ -122.261807, 38.793165 ], [ -122.261535, 38.791005 ], [ -122.259647, 38.789917 ], [ -122.259775, 38.786253 ], [ -122.258334, 38.785532 ], [ -122.256863, 38.783662 ], [ -122.255695, 38.781134 ], [ -122.254303, 38.77523 ], [ -122.253055, 38.772686 ], [ -122.252831, 38.769982 ], [ -122.251983, 38.767726 ], [ -122.250591, 38.758846 ], [ -122.250063, 38.758334 ], [ -122.250111, 38.755262 ], [ -122.247871, 38.752318 ], [ -122.246943, 38.749855 ], [ -122.244415, 38.748799 ], [ -122.242607, 38.746367 ], [ -122.241487, 38.743151 ], [ -122.239503, 38.742975 ], [ -122.235135, 38.740223 ], [ -122.234831, 38.738543 ], [ -122.233503, 38.737823 ], [ -122.234175, 38.736879 ], [ -122.231951, 38.734959 ], [ -122.230191, 38.732191 ], [ -122.230815, 38.730783 ], [ -122.229663, 38.730031 ], [ -122.228319, 38.727487 ], [ -122.226463, 38.726687 ], [ -122.226943, 38.725471 ], [ -122.225038, 38.722335 ], [ -122.225673, 38.720971 ], [ -122.228415, 38.720623 ], [ -122.225054, 38.709503 ], [ -122.223038, 38.704511 ], [ -122.224206, 38.699984 ], [ -122.221646, 38.696016 ], [ -122.219038, 38.694928 ], [ -122.216846, 38.69472 ], [ -122.213822, 38.693408 ], [ -122.21235, 38.694208 ], [ -122.212094, 38.69592 ], [ -122.21099, 38.69488 ], [ -122.208206, 38.695536 ], [ -122.207198, 38.693344 ], [ -122.204542, 38.691472 ], [ -122.201998, 38.688336 ], [ -122.202062, 38.6864 ], [ -122.199726, 38.683312 ], [ -122.200478, 38.680272 ], [ -122.20291, 38.67864 ], [ -122.203422, 38.677184 ], [ -122.199966, 38.673184 ], [ -122.19803, 38.669056 ], [ -122.193565, 38.665808 ], [ -122.191933, 38.663312 ], [ -122.187453, 38.66032 ], [ -122.187037, 38.659552 ], [ -122.183245, 38.657136 ], [ -122.182061, 38.657808 ], [ -122.178619, 38.658052 ], [ -122.175644, 38.658576 ], [ -122.171773, 38.656512 ], [ -122.168301, 38.655296 ], [ -122.166477, 38.652672 ], [ -122.164397, 38.648576 ], [ -122.163165, 38.64696 ], [ -122.162989, 38.643184 ], [ -122.164944, 38.642462 ], [ -122.165933, 38.641921 ], [ -122.165949, 38.640257 ], [ -122.163645, 38.638561 ], [ -122.161212, 38.635761 ], [ -122.16254, 38.632689 ], [ -122.165133, 38.631713 ], [ -122.166653, 38.631649 ], [ -122.168285, 38.630369 ], [ -122.170429, 38.629601 ], [ -122.169485, 38.627761 ], [ -122.169421, 38.625809 ], [ -122.168461, 38.624641 ], [ -122.168349, 38.619297 ], [ -122.165965, 38.617681 ], [ -122.162508, 38.619393 ], [ -122.160924, 38.619297 ], [ -122.157564, 38.622689 ], [ -122.154972, 38.623249 ], [ -122.153212, 38.624737 ], [ -122.151468, 38.625249 ], [ -122.150828, 38.624433 ], [ -122.151068, 38.621905 ], [ -122.149308, 38.620145 ], [ -122.147724, 38.618817 ], [ -122.145292, 38.615521 ], [ -122.144412, 38.612209 ], [ -122.14198, 38.609681 ], [ -122.140364, 38.609873 ], [ -122.139388, 38.609169 ], [ -122.136892, 38.604673 ], [ -122.1367, 38.602625 ], [ -122.13382, 38.597601 ], [ -122.134156, 38.595073 ], [ -122.132412, 38.591649 ], [ -122.130476, 38.590241 ], [ -122.128987, 38.586993 ], [ -122.128123, 38.583697 ], [ -122.128971, 38.582946 ], [ -122.128843, 38.580194 ], [ -122.127883, 38.578738 ], [ -122.127755, 38.576946 ], [ -122.126187, 38.575138 ], [ -122.122315, 38.562434 ], [ -122.120731, 38.559858 ], [ -122.119963, 38.555618 ], [ -122.118107, 38.550802 ], [ -122.117275, 38.546434 ], [ -122.115003, 38.540994 ], [ -122.114027, 38.53789 ], [ -122.115291, 38.535202 ], [ -122.114955, 38.53373 ], [ -122.113227, 38.53269 ], [ -122.111643, 38.530642 ], [ -122.112955, 38.528994 ], [ -122.112731, 38.526627 ], [ -122.111563, 38.524051 ], [ -122.109387, 38.523139 ], [ -122.109595, 38.521411 ], [ -122.104923, 38.517043 ], [ -122.103281, 38.513348 ], [ -122.103439, 38.512186 ], [ -122.106283, 38.508307 ], [ -122.107183, 38.494507 ], [ -122.104982, 38.492807 ], [ -122.104882, 38.490807 ], [ -122.108182, 38.486107 ], [ -122.111182, 38.477208 ], [ -122.112878, 38.475174 ], [ -122.113178, 38.474816 ], [ -122.120527, 38.453926 ], [ -122.123582, 38.447608 ], [ -122.125866, 38.43668 ], [ -122.126628, 38.435451 ], [ -122.126389, 38.428918 ], [ -122.124952, 38.423921 ], [ -122.123458, 38.423074 ], [ -122.119721, 38.418029 ], [ -122.117983, 38.414109 ], [ -122.114692, 38.413908 ], [ -122.114982, 38.412309 ], [ -122.114081, 38.412198 ], [ -122.112182, 38.409509 ], [ -122.109709, 38.407442 ], [ -122.109583, 38.40461 ], [ -122.107357, 38.402387 ], [ -122.098873, 38.393894 ], [ -122.098475, 38.393007 ], [ -122.09278, 38.388515 ], [ -122.090338, 38.385446 ], [ -122.089164, 38.384662 ], [ -122.086071, 38.380498 ], [ -122.08588, 38.37941 ], [ -122.07768, 38.363711 ], [ -122.07608, 38.363711 ], [ -122.07338, 38.360911 ], [ -122.07338, 38.358411 ], [ -122.069679, 38.350811 ], [ -122.070679, 38.346411 ], [ -122.069479, 38.344211 ], [ -122.069779, 38.342811 ], [ -122.068379, 38.339711 ], [ -122.064779, 38.333411 ], [ -122.062979, 38.333511 ], [ -122.061379, 38.329611 ], [ -122.061379, 38.327411 ], [ -122.062079, 38.325111 ], [ -122.063379, 38.324811 ], [ -122.065271, 38.323204 ], [ -122.066279, 38.321012 ], [ -122.068179, 38.318412 ], [ -122.065079, 38.317112 ], [ -122.064779, 38.315912 ], [ -122.133743, 38.315611 ], [ -122.162184, 38.315797 ], [ -122.179946, 38.315913 ], [ -122.191195, 38.315615 ], [ -122.19514, 38.315657 ], [ -122.205982, 38.315713 ], [ -122.206179, 38.314014 ], [ -122.204081, 38.31011 ], [ -122.201396, 38.308013 ], [ -122.202482, 38.305713 ], [ -122.202583, 38.304113 ], [ -122.199382, 38.301591 ], [ -122.199082, 38.300113 ], [ -122.201982, 38.296714 ], [ -122.203782, 38.293914 ], [ -122.203482, 38.292914 ], [ -122.201682, 38.292414 ], [ -122.201482, 38.289314 ], [ -122.198482, 38.285814 ], [ -122.198282, 38.284814 ], [ -122.196681, 38.284414 ], [ -122.196381, 38.281914 ], [ -122.194381, 38.280814 ], [ -122.190681, 38.277514 ], [ -122.191081, 38.275914 ], [ -122.188381, 38.271614 ], [ -122.195681, 38.271514 ], [ -122.197381, 38.272714 ], [ -122.200481, 38.272014 ], [ -122.206382, 38.271614 ], [ -122.208482, 38.272214 ], [ -122.210982, 38.271914 ], [ -122.212282, 38.272814 ], [ -122.216482, 38.266015 ], [ -122.216882, 38.262315 ], [ -122.212982, 38.259115 ], [ -122.208481, 38.258415 ], [ -122.206073, 38.258795 ], [ -122.202981, 38.259215 ], [ -122.196781, 38.258415 ], [ -122.193281, 38.256415 ], [ -122.194482, 38.254119 ], [ -122.194081, 38.252915 ], [ -122.19518, 38.250716 ], [ -122.199481, 38.250915 ], [ -122.2008, 38.249411 ], [ -122.204367, 38.249302 ], [ -122.20649, 38.250933 ], [ -122.209081, 38.251115 ], [ -122.211081, 38.252215 ], [ -122.212481, 38.248715 ], [ -122.210181, 38.247415 ], [ -122.209582, 38.244816 ], [ -122.208284, 38.244216 ], [ -122.205389, 38.24462 ], [ -122.204379, 38.241019 ], [ -122.201772, 38.240323 ], [ -122.197187, 38.232817 ], [ -122.197179, 38.231413 ], [ -122.19598, 38.23041 ], [ -122.194981, 38.225222 ], [ -122.193582, 38.223524 ], [ -122.193374, 38.221215 ], [ -122.196177, 38.21892 ], [ -122.196281, 38.216116 ], [ -122.194681, 38.215214 ], [ -122.19398, 38.213614 ], [ -122.19498, 38.212317 ], [ -122.197573, 38.211815 ], [ -122.199573, 38.210622 ], [ -122.201478, 38.21162 ], [ -122.204167, 38.209699 ], [ -122.205681, 38.208216 ], [ -122.204581, 38.204816 ], [ -122.205681, 38.203616 ], [ -122.20498, 38.198516 ], [ -122.20598, 38.197916 ], [ -122.20588, 38.196216 ], [ -122.211481, 38.192117 ], [ -122.20948, 38.189917 ], [ -122.215581, 38.188417 ], [ -122.21298, 38.184317 ], [ -122.21368, 38.181017 ], [ -122.21508, 38.179717 ], [ -122.21138, 38.175617 ], [ -122.21118, 38.174717 ], [ -122.20888, 38.172717 ], [ -122.20458, 38.172817 ], [ -122.20318, 38.171517 ], [ -122.20358, 38.168717 ], [ -122.202059, 38.168317 ], [ -122.201893, 38.168299 ], [ -122.201455, 38.16824 ], [ -122.200152, 38.168383 ], [ -122.199712, 38.16839 ], [ -122.198812, 38.168404 ], [ -122.194485, 38.164715 ], [ -122.195884, 38.162776 ], [ -122.195957, 38.162686 ], [ -122.198783, 38.159054 ], [ -122.197478, 38.156871 ], [ -122.19538, 38.155017 ], [ -122.213634, 38.154976 ], [ -122.214612, 38.154988 ], [ -122.214905, 38.154986 ], [ -122.221126, 38.155068 ], [ -122.232008, 38.155169 ], [ -122.238376, 38.155226 ], [ -122.252814, 38.155307 ], [ -122.253726, 38.155309 ], [ -122.258873, 38.155341 ], [ -122.261148, 38.15536 ], [ -122.264356, 38.155381 ], [ -122.264743, 38.155386 ], [ -122.269545, 38.155418 ], [ -122.289215, 38.155217 ], [ -122.290676, 38.155204 ], [ -122.291963, 38.155134 ], [ -122.293683, 38.155218 ], [ -122.294885, 38.155218 ], [ -122.335525, 38.155418 ], [ -122.339835, 38.155422 ], [ -122.349985, 38.155518 ], [ -122.351009, 38.155593 ], [ -122.351802, 38.155515 ], [ -122.361995, 38.15564 ], [ -122.362471, 38.155619 ], [ -122.366914, 38.155617 ], [ -122.370916, 38.155684 ], [ -122.376244, 38.15575 ], [ -122.380268, 38.155824 ], [ -122.395436, 38.155573 ], [ -122.402334, 38.15548 ], [ -122.403475, 38.155465 ], [ -122.406786, 38.155632 ], [ -122.407512, 38.157813 ], [ -122.406793, 38.15872 ], [ -122.404003, 38.160409 ], [ -122.401363, 38.161012 ], [ -122.396822, 38.161451 ], [ -122.384774, 38.160964 ], [ -122.381705, 38.160486 ], [ -122.375073, 38.158653 ], [ -122.374358, 38.15801 ], [ -122.371116, 38.15772 ], [ -122.367561, 38.158792 ], [ -122.366215, 38.160855 ], [ -122.365582, 38.166029 ], [ -122.366494, 38.169432 ], [ -122.36875, 38.172949 ], [ -122.369751, 38.175875 ], [ -122.369048, 38.181777 ], [ -122.36679, 38.183824 ], [ -122.362824, 38.183431 ], [ -122.360079, 38.181929 ], [ -122.358565, 38.181974 ], [ -122.35737, 38.183958 ], [ -122.356908, 38.188682 ], [ -122.357051, 38.190634 ], [ -122.358176, 38.192738 ], [ -122.360544, 38.19506 ], [ -122.360257, 38.197115 ], [ -122.359102, 38.197567 ], [ -122.355128, 38.196862 ], [ -122.35321, 38.195482 ], [ -122.350502, 38.192611 ], [ -122.349564, 38.193972 ], [ -122.350855, 38.196926 ], [ -122.350836, 38.198954 ], [ -122.350391, 38.200552 ], [ -122.350681, 38.201831 ], [ -122.352284, 38.202667 ], [ -122.35407, 38.205421 ], [ -122.356377, 38.206796 ], [ -122.357534, 38.208866 ], [ -122.358335, 38.209187 ], [ -122.359018, 38.209583 ], [ -122.358037, 38.214706 ], [ -122.358267, 38.218524 ], [ -122.359924, 38.230501 ], [ -122.366787, 38.247015 ], [ -122.370387, 38.246915 ], [ -122.370481, 38.245318 ], [ -122.374587, 38.244515 ], [ -122.373865, 38.247438 ], [ -122.377187, 38.248415 ], [ -122.377287, 38.249915 ], [ -122.378987, 38.250714 ], [ -122.382487, 38.254115 ], [ -122.384342, 38.2545 ], [ -122.385587, 38.256715 ], [ -122.388157, 38.258345 ], [ -122.389896, 38.260695 ], [ -122.389073, 38.264388 ], [ -122.389272, 38.267867 ], [ -122.387375, 38.270117 ], [ -122.388387, 38.27146 ], [ -122.387242, 38.273253 ], [ -122.388188, 38.274215 ], [ -122.389851, 38.274268 ], [ -122.393864, 38.273131 ], [ -122.394139, 38.272155 ], [ -122.396992, 38.272094 ], [ -122.400365, 38.27455 ], [ -122.403128, 38.280096 ], [ -122.404592, 38.281423 ], [ -122.402029, 38.284437 ], [ -122.401235, 38.286886 ], [ -122.401525, 38.28832 ], [ -122.400823, 38.289549 ], [ -122.40241, 38.293974 ], [ -122.401693, 38.295202 ], [ -122.402624, 38.297987 ], [ -122.403589, 38.299114 ], [ -122.40277, 38.300549 ], [ -122.401739, 38.30245 ], [ -122.394917, 38.304479 ], [ -122.395377, 38.306428 ], [ -122.396336, 38.309179 ], [ -122.398931, 38.311796 ], [ -122.401953, 38.314191 ], [ -122.403738, 38.319722 ], [ -122.405401, 38.322118 ], [ -122.406866, 38.321805 ], [ -122.408575, 38.320111 ], [ -122.40946, 38.321133 ], [ -122.409719, 38.325963 ], [ -122.4121, 38.32787 ], [ -122.413732, 38.330693 ], [ -122.413504, 38.332089 ], [ -122.411993, 38.334012 ], [ -122.414404, 38.33627 ], [ -122.417562, 38.33801 ], [ -122.417257, 38.339322 ], [ -122.418753, 38.339589 ], [ -122.419683, 38.338536 ], [ -122.421514, 38.339513 ], [ -122.42439, 38.344413 ], [ -122.42499, 38.345113 ], [ -122.427207, 38.346043 ], [ -122.427329, 38.34914 ], [ -122.429114, 38.349453 ], [ -122.429328, 38.351001 ], [ -122.432929, 38.353428 ], [ -122.436683, 38.355137 ], [ -122.43743, 38.356662 ], [ -122.439506, 38.358112 ], [ -122.442283, 38.359035 ], [ -122.444114, 38.358707 ], [ -122.447196, 38.359035 ], [ -122.44969, 38.361012 ], [ -122.452246, 38.362071 ], [ -122.45449, 38.365619 ], [ -122.457741, 38.367466 ], [ -122.457437, 38.36862 ], [ -122.457115, 38.370548 ], [ -122.452872, 38.374668 ], [ -122.44999, 38.374912 ], [ -122.44789, 38.379312 ], [ -122.453522, 38.382392 ], [ -122.45399, 38.383912 ], [ -122.458652, 38.386922 ], [ -122.460491, 38.388111 ], [ -122.465891, 38.390411 ], [ -122.470191, 38.397511 ], [ -122.468091, 38.400011 ], [ -122.470791, 38.402811 ], [ -122.470591, 38.404911 ], [ -122.4724, 38.405514 ], [ -122.47539, 38.406511 ], [ -122.475591, 38.409111 ], [ -122.494397, 38.422719 ], [ -122.497191, 38.423811 ], [ -122.497475, 38.424306 ], [ -122.493491, 38.42921 ], [ -122.494191, 38.43111 ], [ -122.491391, 38.43441 ], [ -122.487107, 38.431718 ], [ -122.485507, 38.437478 ], [ -122.484195, 38.438006 ], [ -122.483043, 38.44039 ], [ -122.480003, 38.44303 ], [ -122.479995, 38.443825 ], [ -122.479955, 38.448726 ], [ -122.482991, 38.45271 ], [ -122.485391, 38.45291 ], [ -122.488391, 38.45431 ], [ -122.492091, 38.45451 ], [ -122.493691, 38.45651 ], [ -122.496846, 38.455634 ], [ -122.50155, 38.455919 ], [ -122.504067, 38.45714 ], [ -122.507287, 38.457254 ], [ -122.509728, 38.458254 ], [ -122.508569, 38.459184 ], [ -122.508843, 38.460802 ], [ -122.510049, 38.46216 ], [ -122.508192, 38.464309 ], [ -122.505822, 38.464493 ], [ -122.508798, 38.467003 ], [ -122.511117, 38.467148 ], [ -122.516244, 38.470872 ], [ -122.517175, 38.470246 ], [ -122.520318, 38.471291 ], [ -122.522637, 38.470185 ], [ -122.524804, 38.470261 ], [ -122.529592, 38.469609 ], [ -122.529626, 38.47313 ], [ -122.531335, 38.476342 ], [ -122.53106, 38.477784 ], [ -122.533532, 38.480729 ], [ -122.53608, 38.482338 ], [ -122.538009, 38.48535 ], [ -122.538223, 38.486541 ], [ -122.540536, 38.488312 ], [ -122.540978, 38.491676 ], [ -122.542892, 38.493909 ], [ -122.544901, 38.496285 ], [ -122.542859, 38.498869 ], [ -122.541253, 38.498917 ], [ -122.538201, 38.497902 ], [ -122.535491, 38.501726 ], [ -122.538796, 38.502694 ], [ -122.541238, 38.504174 ], [ -122.542962, 38.506257 ], [ -122.54316, 38.507493 ], [ -122.545527, 38.506798 ], [ -122.54722, 38.510338 ], [ -122.548807, 38.511627 ], [ -122.54632, 38.512603 ], [ -122.542367, 38.513198 ], [ -122.542871, 38.515747 ], [ -122.545298, 38.516456 ], [ -122.543557, 38.518013 ], [ -122.543893, 38.519966 ], [ -122.546393, 38.521208 ], [ -122.5482, 38.522047 ], [ -122.550623, 38.522132 ], [ -122.552782, 38.525689 ], [ -122.557133, 38.525485 ], [ -122.561899, 38.526786 ], [ -122.563608, 38.525368 ], [ -122.566644, 38.525543 ], [ -122.566629, 38.528625 ], [ -122.569473, 38.529659 ], [ -122.569819, 38.533103 ], [ -122.573674, 38.538725 ], [ -122.573999, 38.540359 ], [ -122.577194, 38.542308 ], [ -122.579706, 38.546508 ], [ -122.582285, 38.548522 ], [ -122.582148, 38.549399 ], [ -122.585076, 38.549133 ], [ -122.586329, 38.551581 ], [ -122.589426, 38.5521 ], [ -122.596064, 38.555281 ], [ -122.600228, 38.555656 ], [ -122.602659, 38.557496 ], [ -122.603282, 38.558784 ], [ -122.6076, 38.559524 ], [ -122.611079, 38.558417 ], [ -122.61503, 38.55853 ], [ -122.620846, 38.560317 ], [ -122.621441, 38.56333 ], [ -122.620678, 38.563613 ], [ -122.620403, 38.565742 ], [ -122.622769, 38.567825 ], [ -122.624737, 38.568458 ], [ -122.626095, 38.569908 ], [ -122.628795, 38.570308 ], [ -122.631832, 38.569367 ], [ -122.632275, 38.57238 ], [ -122.631206, 38.575569 ], [ -122.631602, 38.57621 ], [ -122.630494, 38.579008 ], [ -122.633114, 38.580459 ], [ -122.634982, 38.58301 ], [ -122.635496, 38.585708 ], [ -122.634992, 38.586387 ], [ -122.640531, 38.591095 ], [ -122.642118, 38.593902 ], [ -122.643567, 38.594894 ], [ -122.645063, 38.597769 ], [ -122.646421, 38.598593 ] ] ] } },
{ "type": "Feature", "properties": { "STATEFP20": "06", "PUMACE20": "01310", "AFFGEOID20": "795P200US0601310", "GEOID20": "0601310", "NAMELSAD20": "Contra Costa County (Far Northwest)--Richmond (North), Hercules & El Cerrito Cities PUMA", "STUSPS20": "CA", "ST_NAME20": "California", "LSAD20": "P0", "ALAND20": 123665262, "AWATER20": 101846105, "puma_geoid": "0601310", "display": "Richmond (North), Hercules & El Cerrito (Contra Costa Co., Far Northwest)", "place": "Richmond (North), Hercules & El Cerrito Cities", "NAME": "Contra Costa County (Far Northwest)--Richmond (North), Hercules & El Cerrito Cities PUMA; California", "total_housing_units": 54352, "occupied_units": 51530, "vacant_units": 2822, "vacancy_rate": 0.051920812481601401, "median_gross_rent": 2394, "median_gross_rent_display": "$2,394", "median_home_value": 769700, "median_home_value_display": "$769,700", "home_value_topcoded": false, "county": "Contra Costa", "subregion": "Far Northwest", "city": "Bay Area" }, "geometry": { "type": "Polygon", "coordinates": [ [ [ -122.381622803786996, 37.9717758175562 ], [ -122.375273132161993, 37.974666553734799 ], [ -122.371458766832006, 37.976403072488999 ], [ -122.367582, 37.978168 ], [ -122.366475073556998, 37.980473300570303 ], [ -122.366269391505, 37.980901656903697 ], [ -122.364215899933996, 37.985178287314099 ], [ -122.364115981905996, 37.985386378002801 ], [ -122.361905, 37.989991 ], [ -122.363001, 37.994375 ], [ -122.365478853967005, 37.996951286669002 ], [ -122.366928, 37.998458 ], [ -122.368891, 38.007948 ], [ -122.367909, 38.01253 ], [ -122.364639, 38.012926 ], [ -122.364401129303005, 38.012534068442598 ], [ -122.362025, 38.008619 ], [ -122.361187367701007, 38.008625328088598 ], [ -122.355539, 38.008668 ], [ -122.355076216566999, 38.008518972109599 ], [ -122.351123326872994, 38.007246042332397 ], [ -122.344063473188996, 38.004972592104203 ], [ -122.340093, 38.003694 ], [ -122.336234449383994, 38.002572405655599 ], [ -122.332552, 38.001502 ], [ -122.330390920248007, 38.0026038003436 ], [ -122.328669433155994, 38.003481479692603 ], [ -122.324471, 38.005622 ], [ -122.319728336352, 38.008768898056402 ], [ -122.318648964920996, 38.009485093027799 ], [ -122.315439, 38.011615 ], [ -122.313718755880004, 38.011530023518397 ], [ -122.313331731142, 38.0115109053013 ], [ -122.313324581657994, 38.011510552131703 ], [ -122.300823, 38.010893 ], [ -122.299482234216995, 38.011904895034597 ], [ -122.296983792488007, 38.013790504596301 ], [ -122.295117747546996, 38.015198835293603 ], [ -122.294260469576997, 38.015845835188998 ], [ -122.293929, 38.016096 ], [ -122.290002152859003, 38.021468893817897 ], [ -122.289413, 38.022275 ], [ -122.288919957659004, 38.022308146401699 ], [ -122.285571490533997, 38.022533258176402 ], [ -122.285129445403996, 38.022562976122003 ], [ -122.285047664057998, 38.022568474143398 ], [ -122.283478, 38.022674 ], [ -122.283239025105999, 38.022955195465798 ], [ -122.282865775416994, 38.023394388547999 ], [ -122.280071063649004, 38.026682852304702 ], [ -122.279986961784999, 38.026781812753804 ], [ -122.276816, 38.030513 ], [ -122.275689862730005, 38.035200952444498 ], [ -122.275560902829994, 38.035737794529503 ], [ -122.275152, 38.03744 ], [ -122.273948775050002, 38.038569051339699 ], [ -122.273448653374999, 38.039038342678701 ], [ -122.272552537614004, 38.039879216781898 ], [ -122.271421, 38.040941 ], [ -122.270678682617998, 38.040965749449498 ], [ -122.266952, 38.04109 ], [ -122.262861, 38.0446 ], [ -122.262861, 38.051473 ], [ -122.268076632176005, 38.058266002216797 ], [ -122.269606269536993, 38.0602582496821 ], [ -122.269666188168003, 38.060336289577897 ], [ -122.267978, 38.060221 ], [ -122.265347, 38.059918 ], [ -122.244106, 38.063795 ], [ -122.227991, 38.061206 ], [ -122.226413, 38.061073 ], [ -122.225178, 38.061006 ], [ -122.2137, 38.059591 ], [ -122.201778, 38.05812 ], [ -122.200677, 38.057894 ], [ -122.195832, 38.056771 ], [ -122.194805, 38.056533 ], [ -122.183863, 38.053997 ], [ -122.177214, 38.048682 ], [ -122.176188, 38.047863 ], [ -122.169536, 38.039275 ], [ -122.167577, 38.036721 ], [ -122.173443, 38.034756 ], [ -122.174309, 38.034583 ], [ -122.174667, 38.035974 ], [ -122.177075, 38.036295 ], [ -122.179425, 38.035664 ], [ -122.180618, 38.037927 ], [ -122.183086, 38.03845 ], [ -122.182574, 38.039493 ], [ -122.183999, 38.040952 ], [ -122.185983, 38.040921 ], [ -122.188674, 38.042026 ], [ -122.192077, 38.041184 ], [ -122.19244, 38.04112 ], [ -122.194985, 38.036348 ], [ -122.19424, 38.03446 ], [ -122.191273, 38.032281 ], [ -122.191209, 38.031193 ], [ -122.189502, 38.030779 ], [ -122.187764, 38.029194 ], [ -122.186944, 38.026112 ], [ -122.18333, 38.025799 ], [ -122.182006, 38.023654 ], [ -122.179721, 38.021687 ], [ -122.178169, 38.019265 ], [ -122.177621, 38.015077 ], [ -122.17934, 38.015647 ], [ -122.182554, 38.016005 ], [ -122.187395, 38.016327 ], [ -122.190383, 38.01566 ], [ -122.191636, 38.01497 ], [ -122.205052, 38.008888 ], [ -122.205623, 38.00871 ], [ -122.209664, 38.007878 ], [ -122.21071, 38.007682 ], [ -122.213413, 38.007128 ], [ -122.216197, 38.007198 ], [ -122.224543, 38.008297 ], [ -122.227308, 38.009405 ], [ -122.228588, 38.009992 ], [ -122.229314, 38.010247 ], [ -122.229799, 38.010381 ], [ -122.232358, 38.011145 ], [ -122.236845, 38.013452 ], [ -122.242109, 38.015005 ], [ -122.246083, 38.015323 ], [ -122.251413, 38.014576 ], [ -122.253672, 38.014187 ], [ -122.252485, 38.013028 ], [ -122.248065, 38.008679 ], [ -122.2391, 38.007218 ], [ -122.23771, 38.005371 ], [ -122.240831, 38.003701 ], [ -122.243269, 38.003467 ], [ -122.244808, 38.001904 ], [ -122.243031, 38.001546 ], [ -122.24155, 38.000121 ], [ -122.245501, 37.995805 ], [ -122.247271, 37.996399 ], [ -122.247043, 37.995657 ], [ -122.248729, 37.995419 ], [ -122.249966, 37.992076 ], [ -122.235999, 37.983406 ], [ -122.234973, 37.984354 ], [ -122.234392, 37.98443 ], [ -122.227185, 37.984991 ], [ -122.226511, 37.986198 ], [ -122.221769, 37.98589 ], [ -122.219943, 37.983614 ], [ -122.204969, 37.964742 ], [ -122.208853, 37.967204 ], [ -122.210023, 37.96868 ], [ -122.215124, 37.970474 ], [ -122.216396, 37.969897 ], [ -122.218893, 37.969789 ], [ -122.221535, 37.970605 ], [ -122.223748, 37.972761 ], [ -122.225796, 37.973475 ], [ -122.228709, 37.973475 ], [ -122.230873, 37.97504 ], [ -122.234465, 37.973965 ], [ -122.237347, 37.972104 ], [ -122.241641, 37.971816 ], [ -122.243152, 37.971105 ], [ -122.24296, 37.968468 ], [ -122.243067, 37.968113 ], [ -122.245669, 37.964575 ], [ -122.246773, 37.964017 ], [ -122.247085, 37.963948 ], [ -122.251844, 37.964102 ], [ -122.259504, 37.962271 ], [ -122.260668, 37.960978 ], [ -122.264102, 37.959492 ], [ -122.265851, 37.959387 ], [ -122.266506, 37.959093 ], [ -122.268371, 37.957504 ], [ -122.269175, 37.957007 ], [ -122.270308, 37.956152 ], [ -122.270723, 37.955747 ], [ -122.271941, 37.953213 ], [ -122.271418, 37.952891 ], [ -122.270715, 37.952207 ], [ -122.26931, 37.949933 ], [ -122.268767, 37.948623 ], [ -122.268075, 37.947565 ], [ -122.267593, 37.947802 ], [ -122.266563, 37.946227 ], [ -122.26428, 37.946023 ], [ -122.260894, 37.945705 ], [ -122.264081, 37.943616 ], [ -122.265716, 37.942565 ], [ -122.271061, 37.939807 ], [ -122.268272, 37.936904 ], [ -122.255502, 37.921539 ], [ -122.254611, 37.920579 ], [ -122.263734, 37.920931 ], [ -122.263189, 37.921488 ], [ -122.264178, 37.921471 ], [ -122.270606, 37.921384 ], [ -122.270672, 37.92392 ], [ -122.278563, 37.920006 ], [ -122.279365, 37.919609 ], [ -122.275874, 37.916746 ], [ -122.271296, 37.914058 ], [ -122.272525, 37.911918 ], [ -122.266395, 37.907474 ], [ -122.268023, 37.906535 ], [ -122.267643, 37.904246 ], [ -122.269584, 37.904348 ], [ -122.270237, 37.904363 ], [ -122.27108, 37.905824 ], [ -122.274463, 37.904214 ], [ -122.27787, 37.90315 ], [ -122.277282, 37.901721 ], [ -122.278779, 37.900739 ], [ -122.283643, 37.899998 ], [ -122.285895, 37.898801 ], [ -122.286693, 37.898513 ], [ -122.287151, 37.898368 ], [ -122.288169, 37.897835 ], [ -122.289884, 37.897553 ], [ -122.291979, 37.898225 ], [ -122.292655, 37.898338 ], [ -122.293908, 37.898368 ], [ -122.296207, 37.898925 ], [ -122.299648, 37.898098 ], [ -122.301437, 37.89816 ], [ -122.303279, 37.902224 ], [ -122.304271, 37.904302 ], [ -122.304319, 37.904412 ], [ -122.305392, 37.90673 ], [ -122.306071, 37.907747 ], [ -122.308489, 37.911273 ], [ -122.310242, 37.913811 ], [ -122.311577, 37.915739 ], [ -122.311943, 37.915996 ], [ -122.313164, 37.91673 ], [ -122.313338, 37.916975 ], [ -122.314549, 37.918682 ], [ -122.314852, 37.919083 ], [ -122.317537, 37.919103 ], [ -122.32069, 37.919237 ], [ -122.320783, 37.920976 ], [ -122.3207, 37.925442 ], [ -122.320698, 37.927298 ], [ -122.323166, 37.930887 ], [ -122.322505, 37.931101 ], [ -122.321063, 37.931112 ], [ -122.32038, 37.93112 ], [ -122.320284, 37.934764 ], [ -122.320323, 37.938342 ], [ -122.317313, 37.938316 ], [ -122.317152, 37.93894 ], [ -122.318122, 37.940976 ], [ -122.316843, 37.943243 ], [ -122.318183, 37.943252 ], [ -122.319615, 37.945398 ], [ -122.319814, 37.945329 ], [ -122.320385, 37.945044 ], [ -122.323295, 37.949748 ], [ -122.322742, 37.951001 ], [ -122.322481, 37.951287 ], [ -122.322077, 37.951996 ], [ -122.324403, 37.953845 ], [ -122.32382, 37.954105 ], [ -122.318749, 37.954037 ], [ -122.318284, 37.954923 ], [ -122.318391, 37.955073 ], [ -122.318486, 37.955177 ], [ -122.318528, 37.955256 ], [ -122.318555, 37.955426 ], [ -122.318503, 37.955592 ], [ -122.318421, 37.955721 ], [ -122.318435, 37.956686 ], [ -122.318611, 37.957735 ], [ -122.318826, 37.958421 ], [ -122.319936, 37.959216 ], [ -122.320523, 37.960169 ], [ -122.318418, 37.960299 ], [ -122.317386, 37.961198 ], [ -122.315403, 37.961456 ], [ -122.31424, 37.963124 ], [ -122.314793, 37.964818 ], [ -122.318392, 37.964227 ], [ -122.31859, 37.964814 ], [ -122.319177, 37.965492 ], [ -122.321165, 37.965992 ], [ -122.322552, 37.966332 ], [ -122.323266, 37.966756 ], [ -122.322865, 37.967577 ], [ -122.322189, 37.969607 ], [ -122.326563, 37.969453 ], [ -122.328633, 37.967812 ], [ -122.332535, 37.966706 ], [ -122.332547, 37.966332 ], [ -122.33398, 37.966364 ], [ -122.334537, 37.966838 ], [ -122.337016, 37.967774 ], [ -122.337008, 37.969324 ], [ -122.340078, 37.972277 ], [ -122.342011, 37.972008 ], [ -122.343162, 37.972053 ], [ -122.342828, 37.9737 ], [ -122.342057, 37.976118 ], [ -122.341378, 37.977724 ], [ -122.340632, 37.978874 ], [ -122.338327, 37.981558 ], [ -122.346711, 37.981555 ], [ -122.346711, 37.980761 ], [ -122.352953, 37.979904 ], [ -122.353258, 37.978731 ], [ -122.356387, 37.967181 ], [ -122.358663, 37.967594 ], [ -122.358893, 37.967636 ], [ -122.359969, 37.967827 ], [ -122.362722, 37.968602 ], [ -122.363696, 37.968773 ], [ -122.365226, 37.968604 ], [ -122.369405, 37.967758 ], [ -122.375621, 37.96774 ], [ -122.377946, 37.968561 ], [ -122.378329, 37.968229 ], [ -122.381422, 37.971432 ], [ -122.381622803786996, 37.9717758175562 ] ] ] } },
{ "type": "Feature", "properties": { "STATEFP20": "06", "PUMACE20": "09702", "AFFGEOID20": "795P200US0609702", "GEOID20": "0609702", "NAMELSAD20": "Sonoma County (South)--Petaluma, Rohnert Park & Cotati Cities PUMA", "STUSPS20": "CA", "ST_NAME20": "California", "LSAD20": "P0", "ALAND20": 344434583, "AWATER20": 7555813, "puma_geoid": "0609702", "display": "Petaluma, Rohnert Park & Cotati (Sonoma Co., South)", "place": "Petaluma, Rohnert Park & Cotati Cities", "NAME": "Sonoma County (South)--Petaluma, Rohnert Park & Cotati Cities PUMA; California", "total_housing_units": 50863, "occupied_units": 49163, "vacant_units": 1700, "vacancy_rate": 0.033423117000570102, "median_gross_rent": 2232, "median_gross_rent_display": "$2,232", "median_home_value": 786700, "median_home_value_display": "$786,700", "home_value_topcoded": false, "county": "Sonoma", "subregion": "South", "city": "Bay Area" }, "geometry": { "type": "Polygon", "coordinates": [ [ [ -122.741337, 38.363255 ], [ -122.737232, 38.363252 ], [ -122.733235, 38.363255 ], [ -122.72524, 38.36326 ], [ -122.721243, 38.363266 ], [ -122.717241, 38.363265 ], [ -122.715137, 38.363258 ], [ -122.712846, 38.363174 ], [ -122.712532, 38.365373 ], [ -122.712498, 38.365614 ], [ -122.712321, 38.367176 ], [ -122.712739, 38.369254 ], [ -122.71317, 38.370129 ], [ -122.714396, 38.371843 ], [ -122.713416, 38.373182 ], [ -122.713425, 38.375644 ], [ -122.713371, 38.379313 ], [ -122.695047, 38.379432 ], [ -122.686959, 38.379473 ], [ -122.685874, 38.379482 ], [ -122.685597, 38.381971 ], [ -122.684361, 38.381028 ], [ -122.683367, 38.380536 ], [ -122.677985, 38.377044 ], [ -122.670894, 38.374454 ], [ -122.667786, 38.3728 ], [ -122.667121, 38.371458 ], [ -122.667015, 38.36491 ], [ -122.666997, 38.355171 ], [ -122.665622, 38.355452 ], [ -122.663257, 38.356468 ], [ -122.659747, 38.356808 ], [ -122.657159, 38.355917 ], [ -122.652493, 38.353059 ], [ -122.649965, 38.35073 ], [ -122.64464, 38.347749 ], [ -122.64175, 38.347365 ], [ -122.638597, 38.348494 ], [ -122.637639, 38.35078 ], [ -122.637682, 38.35266 ], [ -122.63789, 38.353286 ], [ -122.636248, 38.356852 ], [ -122.636333, 38.359137 ], [ -122.631957, 38.363982 ], [ -122.627919, 38.366065 ], [ -122.626172, 38.366324 ], [ -122.623705, 38.368993 ], [ -122.621556, 38.367157 ], [ -122.616164, 38.367906 ], [ -122.609991, 38.365795 ], [ -122.604994, 38.364545 ], [ -122.601846, 38.362744 ], [ -122.600358, 38.360722 ], [ -122.599499, 38.357536 ], [ -122.599498, 38.355866 ], [ -122.596454, 38.352274 ], [ -122.59321, 38.350753 ], [ -122.589205, 38.350078 ], [ -122.586136, 38.350562 ], [ -122.583595, 38.350312 ], [ -122.580959, 38.349591 ], [ -122.580775, 38.347974 ], [ -122.578502, 38.345052 ], [ -122.573299, 38.339803 ], [ -122.573171, 38.337836 ], [ -122.573409, 38.337144 ], [ -122.573523, 38.336181 ], [ -122.57351, 38.33534 ], [ -122.573164, 38.334519 ], [ -122.572939, 38.334595 ], [ -122.572236, 38.334854 ], [ -122.571745, 38.334664 ], [ -122.570282, 38.332349 ], [ -122.567454, 38.33064 ], [ -122.566694, 38.329113 ], [ -122.567218, 38.327505 ], [ -122.568501, 38.327621 ], [ -122.569521, 38.327069 ], [ -122.573533, 38.327554 ], [ -122.574568, 38.324861 ], [ -122.574684, 38.322731 ], [ -122.57347, 38.31947 ], [ -122.573573, 38.31753 ], [ -122.572684, 38.316201 ], [ -122.569151, 38.314227 ], [ -122.567606, 38.31286 ], [ -122.553619, 38.29384 ], [ -122.553745, 38.29306 ], [ -122.554561, 38.292269 ], [ -122.555342, 38.288467 ], [ -122.558534, 38.288181 ], [ -122.559942, 38.287649 ], [ -122.563219, 38.285347 ], [ -122.561525, 38.284528 ], [ -122.559762, 38.282506 ], [ -122.556409, 38.280501 ], [ -122.553559, 38.277897 ], [ -122.551071, 38.276232 ], [ -122.549817, 38.274506 ], [ -122.546117, 38.272665 ], [ -122.545901, 38.271122 ], [ -122.543797, 38.270011 ], [ -122.542494, 38.268742 ], [ -122.535797, 38.265166 ], [ -122.533451, 38.262812 ], [ -122.532737, 38.262407 ], [ -122.524888, 38.261151 ], [ -122.522053, 38.259276 ], [ -122.520082, 38.258589 ], [ -122.51777, 38.257363 ], [ -122.512323, 38.254844 ], [ -122.510499, 38.252673 ], [ -122.507394, 38.247293 ], [ -122.503159, 38.246703 ], [ -122.500218, 38.247664 ], [ -122.501121, 38.246235 ], [ -122.505393, 38.242675 ], [ -122.505437, 38.240024 ], [ -122.507615, 38.237065 ], [ -122.509291, 38.236442 ], [ -122.509548, 38.236414 ], [ -122.510264, 38.236463 ], [ -122.511333, 38.236681 ], [ -122.516908, 38.237111 ], [ -122.521052, 38.236913 ], [ -122.523458, 38.236049 ], [ -122.526369, 38.236109 ], [ -122.527566, 38.235376 ], [ -122.53116, 38.23141 ], [ -122.529829, 38.227706 ], [ -122.528842, 38.223667 ], [ -122.526308, 38.220777 ], [ -122.521198, 38.217259 ], [ -122.519787, 38.213956 ], [ -122.520762, 38.212616 ], [ -122.518899, 38.207605 ], [ -122.515685, 38.202945 ], [ -122.51231, 38.201323 ], [ -122.509471, 38.198893 ], [ -122.508692, 38.197602 ], [ -122.506054, 38.196419 ], [ -122.503926, 38.194589 ], [ -122.501092, 38.194724 ], [ -122.500527, 38.194473 ], [ -122.498255, 38.192128 ], [ -122.497, 38.191568 ], [ -122.496158, 38.190829 ], [ -122.49455, 38.190368 ], [ -122.493564, 38.189515 ], [ -122.492478, 38.189683 ], [ -122.486466, 38.188378 ], [ -122.483296, 38.186407 ], [ -122.4806, 38.185758 ], [ -122.47811, 38.186529 ], [ -122.477292, 38.186186 ], [ -122.47326, 38.187025 ], [ -122.47031, 38.18707 ], [ -122.467319, 38.186542 ], [ -122.466096, 38.185212 ], [ -122.463858, 38.185675 ], [ -122.460977, 38.180925 ], [ -122.45611, 38.180306 ], [ -122.449694, 38.176354 ], [ -122.45208, 38.176007 ], [ -122.453561, 38.175178 ], [ -122.456235, 38.172254 ], [ -122.45739, 38.170038 ], [ -122.451373, 38.169914 ], [ -122.449451, 38.168255 ], [ -122.444768, 38.165525 ], [ -122.447343, 38.162283 ], [ -122.448275, 38.160245 ], [ -122.44817, 38.155179 ], [ -122.446944, 38.151707 ], [ -122.445713, 38.152153 ], [ -122.443519, 38.150204 ], [ -122.440319, 38.14912 ], [ -122.438782, 38.149937 ], [ -122.437516, 38.148053 ], [ -122.433274, 38.145034 ], [ -122.431082, 38.144205 ], [ -122.430121, 38.142895 ], [ -122.432056, 38.141202 ], [ -122.437878, 38.139736 ], [ -122.440837, 38.137932 ], [ -122.440708, 38.135823 ], [ -122.438339, 38.133283 ], [ -122.435569, 38.128555 ], [ -122.436383, 38.125998 ], [ -122.434619292977999, 38.122324492462603 ], [ -122.443499, 38.116985 ], [ -122.448964, 38.117724 ], [ -122.450928, 38.120344 ], [ -122.448366, 38.126121 ], [ -122.44145, 38.134853 ], [ -122.44478, 38.138345 ], [ -122.463822, 38.130823 ], [ -122.497522, 38.115134 ], [ -122.498801216835005, 38.111297326741003 ], [ -122.500555, 38.111781 ], [ -122.501089, 38.112119 ], [ -122.501626, 38.112331 ], [ -122.50282, 38.113002 ], [ -122.505623, 38.115449 ], [ -122.505707, 38.115526 ], [ -122.507926, 38.118098 ], [ -122.511291, 38.124919 ], [ -122.511512, 38.127147 ], [ -122.513104, 38.13212 ], [ -122.515952, 38.136454 ], [ -122.519019, 38.139742 ], [ -122.523964, 38.143511 ], [ -122.529549, 38.146105 ], [ -122.533257, 38.148119 ], [ -122.537697, 38.151514 ], [ -122.541497, 38.155184 ], [ -122.54371, 38.158068 ], [ -122.545376, 38.158733 ], [ -122.547601, 38.157473 ], [ -122.549615, 38.15729 ], [ -122.554803, 38.158655 ], [ -122.557138, 38.159578 ], [ -122.558435, 38.161974 ], [ -122.557992, 38.16353 ], [ -122.555993, 38.165468 ], [ -122.553492, 38.166618 ], [ -122.55198, 38.169001 ], [ -122.553292, 38.169977 ], [ -122.556283, 38.16971 ], [ -122.559243, 38.168619 ], [ -122.563193, 38.169318 ], [ -122.564264, 38.170694 ], [ -122.563993, 38.173518 ], [ -122.564463, 38.175081 ], [ -122.568384, 38.176836 ], [ -122.566462, 38.179131 ], [ -122.565093, 38.182217 ], [ -122.567881, 38.183801 ], [ -122.570732, 38.187142 ], [ -122.572502, 38.187067 ], [ -122.573174, 38.185877 ], [ -122.570931, 38.184594 ], [ -122.570693, 38.183518 ], [ -122.573237, 38.183299 ], [ -122.578201, 38.183583 ], [ -122.579799, 38.185536 ], [ -122.581864, 38.186113 ], [ -122.582118, 38.18802 ], [ -122.583709, 38.187041 ], [ -122.584514, 38.188073 ], [ -122.586806, 38.187721 ], [ -122.587221, 38.186988 ], [ -122.591145, 38.185992 ], [ -122.591457, 38.187631 ], [ -122.592601, 38.188775 ], [ -122.59493, 38.188385 ], [ -122.598169, 38.187194 ], [ -122.600917, 38.185263 ], [ -122.60164, 38.183342 ], [ -122.603505, 38.180852 ], [ -122.605634, 38.180428 ], [ -122.609999, 38.1813 ], [ -122.612504, 38.180591 ], [ -122.615109, 38.182353 ], [ -122.618832, 38.182313 ], [ -122.620948, 38.18196 ], [ -122.622647, 38.182624 ], [ -122.625408, 38.182394 ], [ -122.628183, 38.178887 ], [ -122.63387, 38.178451 ], [ -122.63632, 38.178803 ], [ -122.637948, 38.180249 ], [ -122.646606, 38.181206 ], [ -122.649237, 38.181127 ], [ -122.649715, 38.181544 ], [ -122.654031, 38.184903 ], [ -122.659439, 38.186976 ], [ -122.663998, 38.186504 ], [ -122.664478, 38.187627 ], [ -122.667158, 38.189697 ], [ -122.67288, 38.18983 ], [ -122.675762, 38.189061 ], [ -122.676597, 38.18977 ], [ -122.680718, 38.189743 ], [ -122.683053, 38.191686 ], [ -122.688299, 38.194688 ], [ -122.691035, 38.194484 ], [ -122.69352, 38.19516 ], [ -122.69519, 38.195166 ], [ -122.69661, 38.195374 ], [ -122.698253, 38.196127 ], [ -122.701038, 38.195984 ], [ -122.704443, 38.198455 ], [ -122.697645, 38.205392 ], [ -122.694439, 38.208786 ], [ -122.692918, 38.20892 ], [ -122.68903, 38.207118 ], [ -122.686233, 38.205352 ], [ -122.679268, 38.205841 ], [ -122.676324, 38.206962 ], [ -122.673106, 38.208755 ], [ -122.666975, 38.210826 ], [ -122.665274, 38.212537 ], [ -122.665253, 38.213737 ], [ -122.668243, 38.216942 ], [ -122.669184, 38.21894 ], [ -122.669079, 38.221692 ], [ -122.670136, 38.223002 ], [ -122.664807, 38.226614 ], [ -122.663739, 38.227355 ], [ -122.666213, 38.227378 ], [ -122.677342, 38.227342 ], [ -122.677861, 38.229131 ], [ -122.677747, 38.235402 ], [ -122.669398, 38.235432 ], [ -122.670366, 38.236053 ], [ -122.675975, 38.24044 ], [ -122.678639, 38.241938 ], [ -122.691814, 38.248106 ], [ -122.6946, 38.249436 ], [ -122.703334, 38.254419 ], [ -122.703076, 38.25619 ], [ -122.701032, 38.25627 ], [ -122.700945, 38.259848 ], [ -122.700881, 38.261685 ], [ -122.700703, 38.270244 ], [ -122.70409, 38.277408 ], [ -122.705693, 38.278134 ], [ -122.705652, 38.283662 ], [ -122.687676, 38.284421 ], [ -122.689556, 38.285987 ], [ -122.697151, 38.289808 ], [ -122.699993, 38.291443 ], [ -122.705145, 38.295136 ], [ -122.712525, 38.299209 ], [ -122.713001, 38.299501 ], [ -122.723537, 38.305006 ], [ -122.729173, 38.307871 ], [ -122.734751, 38.310751 ], [ -122.735458, 38.311763 ], [ -122.735493, 38.314118 ], [ -122.734984, 38.320402 ], [ -122.735297, 38.324113 ], [ -122.735474, 38.324702 ], [ -122.736988, 38.3275 ], [ -122.738648, 38.331156 ], [ -122.73831, 38.334558 ], [ -122.738143, 38.33722 ], [ -122.738451, 38.338561 ], [ -122.741302, 38.342539 ], [ -122.74128, 38.352148 ], [ -122.741347, 38.361328 ], [ -122.741337, 38.363255 ] ] ] } },
{ "type": "Feature", "properties": { "STATEFP20": "06", "PUMACE20": "04104", "AFFGEOID20": "795P200US0604104", "GEOID20": "0604104", "NAMELSAD20": "Marin County (Southeast)--San Rafael (South), Mill Valley & Sausalito Cities PUMA", "STUSPS20": "CA", "ST_NAME20": "California", "LSAD20": "P0", "ALAND20": 138242163, "AWATER20": 32337122, "puma_geoid": "0604104", "display": "San Rafael (South), Mill Valley & Sausalito (Marin Co., Southeast)", "place": "San Rafael (South), Mill Valley & Sausalito Cities", "NAME": "Marin County (Southeast)--San Rafael (South), Mill Valley & Sausalito Cities PUMA; California", "total_housing_units": 67418, "occupied_units": 62557, "vacant_units": 4861, "vacancy_rate": 0.072102405885668505, "median_gross_rent": 2617, "median_gross_rent_display": "$2,617", "median_home_value": 1728700, "median_home_value_display": "$1,728,700", "home_value_topcoded": false, "county": "Marin", "subregion": "Southeast", "city": "Bay Area" }, "geometry": { "type": "MultiPolygon", "coordinates": [ [ [ [ -122.446316, 37.861046 ], [ -122.441271, 37.863106 ], [ -122.440174, 37.867111 ], [ -122.438749, 37.868519 ], [ -122.436897, 37.866839 ], [ -122.435872, 37.866653 ], [ -122.434375, 37.867337 ], [ -122.435084, 37.868052 ], [ -122.434611, 37.86967 ], [ -122.43272, 37.870603 ], [ -122.432222, 37.871598 ], [ -122.430958, 37.872242 ], [ -122.428636, 37.871688 ], [ -122.427204, 37.870727 ], [ -122.426337, 37.87051 ], [ -122.424651, 37.870736 ], [ -122.423303, 37.869514 ], [ -122.421924, 37.866466 ], [ -122.421963, 37.864662 ], [ -122.421333, 37.863417 ], [ -122.420365736738006, 37.863342297173702 ], [ -122.419585, 37.863282 ], [ -122.418879387974002, 37.862321355106999 ], [ -122.41847, 37.861764 ], [ -122.419827346383002, 37.8600830120157 ], [ -122.420978, 37.858658 ], [ -122.419757, 37.856667 ], [ -122.41952, 37.854396 ], [ -122.41847, 37.852721 ], [ -122.419087, 37.852373 ], [ -122.423106, 37.85452 ], [ -122.427283, 37.8548 ], [ -122.430829, 37.855391 ], [ -122.433232, 37.854178 ], [ -122.434533, 37.853493 ], [ -122.436936, 37.854147 ], [ -122.439773, 37.855547 ], [ -122.441271, 37.855142 ], [ -122.44265, 37.856169 ], [ -122.442921, 37.857074 ], [ -122.442453, 37.858222 ], [ -122.446316, 37.861046 ] ] ], [ [ [ -122.618231, 38.011235 ], [ -122.616228, 38.012319 ], [ -122.613654, 38.01087 ], [ -122.614403, 38.016764 ], [ -122.613673, 38.018209 ], [ -122.616836, 38.018314 ], [ -122.616562, 38.019646 ], [ -122.616456, 38.019706 ], [ -122.615838, 38.020254 ], [ -122.61277, 38.022221 ], [ -122.612846, 38.022998 ], [ -122.61146, 38.02438 ], [ -122.611323, 38.024931 ], [ -122.610589, 38.025181 ], [ -122.609555, 38.025096 ], [ -122.608438, 38.026144 ], [ -122.607503, 38.026531 ], [ -122.606379, 38.026226 ], [ -122.603917, 38.026428 ], [ -122.602605, 38.026731 ], [ -122.601611, 38.027234 ], [ -122.601182, 38.027248 ], [ -122.600437, 38.027099 ], [ -122.59894, 38.027394 ], [ -122.59876, 38.027445 ], [ -122.598689, 38.027998 ], [ -122.598775, 38.028402 ], [ -122.597, 38.02918 ], [ -122.590111, 38.026746 ], [ -122.588189, 38.025986 ], [ -122.588777, 38.025212 ], [ -122.589722, 38.023829 ], [ -122.570971, 38.009601 ], [ -122.56888, 38.007118 ], [ -122.565863, 38.003536 ], [ -122.561558, 37.998426 ], [ -122.557678, 37.993909 ], [ -122.557517, 37.993723 ], [ -122.556948, 37.993247 ], [ -122.555081, 37.99257 ], [ -122.552483, 37.991726 ], [ -122.550747, 37.990978 ], [ -122.550513, 37.991272 ], [ -122.550278, 37.991714 ], [ -122.544106, 37.988986 ], [ -122.545127, 37.9881 ], [ -122.539272, 37.987853 ], [ -122.538881, 37.987114 ], [ -122.537576, 37.986958 ], [ -122.533282, 37.986715 ], [ -122.532372, 37.988556 ], [ -122.530961, 37.989191 ], [ -122.530257, 37.989883 ], [ -122.529077, 37.990601 ], [ -122.525741, 37.990508 ], [ -122.522278, 37.9926 ], [ -122.520668, 37.991861 ], [ -122.518159, 37.99135 ], [ -122.514667, 37.99338 ], [ -122.513301, 37.995734 ], [ -122.510011, 37.997076 ], [ -122.507962, 37.995931 ], [ -122.50376, 37.998216 ], [ -122.502133, 37.998605 ], [ -122.501338, 37.99683 ], [ -122.495879, 37.997609 ], [ -122.495522, 37.997674 ], [ -122.487865, 37.995763 ], [ -122.482257, 37.998617 ], [ -122.480195, 37.999674 ], [ -122.475109, 38.002268 ], [ -122.470097, 38.001249 ], [ -122.466637, 38.000688 ], [ -122.465251, 38.00043 ], [ -122.460792, 37.998136 ], [ -122.45922, 37.997327 ], [ -122.457774, 37.99709 ], [ -122.456567, 37.996891 ], [ -122.455922749229003, 37.9970334165289 ], [ -122.455720004254999, 37.9968470243859 ], [ -122.450968118920002, 37.992478412556601 ], [ -122.450699, 37.992231 ], [ -122.449446504399006, 37.990084334310801 ], [ -122.448413, 37.988313 ], [ -122.447543696506003, 37.985235555891897 ], [ -122.447304, 37.984387 ], [ -122.456098, 37.979891 ], [ -122.458455611291001, 37.980384143762301 ], [ -122.458472712689996, 37.980387720877999 ], [ -122.463709, 37.981483 ], [ -122.466536092637995, 37.984739071921801 ], [ -122.466556, 37.984762 ], [ -122.466595018448004, 37.9847404422895 ], [ -122.471975, 37.981768 ], [ -122.474637, 37.977643 ], [ -122.474637, 37.97502 ], [ -122.474977017678995, 37.974581384998302 ], [ -122.475139015821, 37.974372411113201 ], [ -122.476860445941, 37.972151805770899 ], [ -122.477251, 37.971648 ], [ -122.479161601729999, 37.971354409978296 ], [ -122.484416, 37.970547 ], [ -122.484748852029, 37.970530537329701 ], [ -122.486569512196994, 37.970440488523103 ], [ -122.492016537728006, 37.970171081767603 ], [ -122.492463, 37.970149 ], [ -122.493311184218001, 37.9702516604846 ], [ -122.495553, 37.970523 ], [ -122.495595079571999, 37.970398533054301 ], [ -122.496503, 37.967713 ], [ -122.491685576744004, 37.965411886037103 ], [ -122.490302, 37.964751 ], [ -122.490302, 37.9609769 ], [ -122.490302, 37.960685911111099 ], [ -122.490302, 37.959188 ], [ -122.486561109877002, 37.947041237757396 ], [ -122.486521, 37.946911 ], [ -122.480484, 37.945443 ], [ -122.479634292848999, 37.942893004362602 ], [ -122.479512, 37.942526 ], [ -122.479538195055, 37.942515767147903 ], [ -122.482538405347995, 37.941343763183902 ], [ -122.484246795941999, 37.940676396448801 ], [ -122.486521, 37.939788 ], [ -122.489405061913999, 37.937026166138601 ], [ -122.489848, 37.936602 ], [ -122.496868775880003, 37.938882335500097 ], [ -122.497034, 37.938936 ], [ -122.497068384103002, 37.938990258071499 ], [ -122.498643, 37.941475 ], [ -122.499315555788002, 37.9416126134875 ], [ -122.501993723967004, 37.942160600836601 ], [ -122.50506, 37.942788 ], [ -122.50506, 37.942318248294697 ], [ -122.50506, 37.941897022988499 ], [ -122.50506, 37.936414 ], [ -122.503064, 37.928753 ], [ -122.502564624089004, 37.928391386589702 ], [ -122.499724218479997, 37.926334561790597 ], [ -122.493574, 37.921881 ], [ -122.486375, 37.921881 ], [ -122.48528309113, 37.921045361628003 ], [ -122.485215628215997, 37.920993732228098 ], [ -122.485035224609007, 37.920855669262799 ], [ -122.484252058969005, 37.920256312229597 ], [ -122.483127342046004, 37.919395565838997 ], [ -122.482592992560996, 37.918986627926699 ], [ -122.481563432740998, 37.918198705311397 ], [ -122.481030910385996, 37.917791165702901 ], [ -122.479153, 37.916354 ], [ -122.475588, 37.916916 ], [ -122.473581, 37.912541 ], [ -122.472973, 37.908853 ], [ -122.476063, 37.907915 ], [ -122.476141449915005, 37.907729392945797 ], [ -122.477014, 37.905665 ], [ -122.474530912074997, 37.904035259421399 ], [ -122.474061133895006, 37.9037269269798 ], [ -122.472784649757997, 37.902889124188398 ], [ -122.472303, 37.902573 ], [ -122.471441976858998, 37.902119089149203 ], [ -122.469419790171003, 37.901053040588501 ], [ -122.468834825396996, 37.900744661120498 ], [ -122.463397896084999, 37.897878441744702 ], [ -122.462515, 37.897413 ], [ -122.458558, 37.894064 ], [ -122.448413, 37.89341 ], [ -122.44447510677, 37.887775290987399 ], [ -122.443739, 37.886722 ], [ -122.43925, 37.88392 ], [ -122.438987214660003, 37.883131643978999 ], [ -122.438268, 37.880974 ], [ -122.439423560812003, 37.8801080374554 ], [ -122.4399, 37.879751 ], [ -122.441599, 37.880719 ], [ -122.443162749199999, 37.879690751314897 ], [ -122.443893113087, 37.879210498019297 ], [ -122.444452, 37.878843 ], [ -122.444583844774002, 37.877079076732898 ], [ -122.444599215289998, 37.876873437857697 ], [ -122.44465, 37.876194 ], [ -122.44873, 37.874528 ], [ -122.450340515682001, 37.872143149056001 ], [ -122.450631, 37.871713 ], [ -122.456608521922007, 37.871350286291197 ], [ -122.456811, 37.871338 ], [ -122.462278, 37.870775 ], [ -122.461269948408997, 37.8693429222212 ], [ -122.458712, 37.865709 ], [ -122.458705908314002, 37.865675337667298 ], [ -122.457999, 37.861769 ], [ -122.468457, 37.868148 ], [ -122.474266, 37.874429 ], [ -122.475112, 37.877342 ], [ -122.471785, 37.880906 ], [ -122.472848638585006, 37.882645162578697 ], [ -122.473334663417006, 37.883439865039101 ], [ -122.473956436384995, 37.884456530187002 ], [ -122.474771542493002, 37.885789315648204 ], [ -122.475112, 37.886346 ], [ -122.483431, 37.890098 ], [ -122.48434767997, 37.8908792297823 ], [ -122.489373, 37.895162 ], [ -122.493414, 37.893662 ], [ -122.499421508333, 37.893662 ], [ -122.499879871795002, 37.893662 ], [ -122.501019, 37.893662 ], [ -122.496503, 37.877342 ], [ -122.498466881008994, 37.875791695516497 ], [ -122.500544, 37.874152 ], [ -122.498123597131993, 37.872241364075499 ], [ -122.496266, 37.870775 ], [ -122.494602, 37.866272 ], [ -122.487709, 37.864208 ], [ -122.47844, 37.859517 ], [ -122.478559899461004, 37.856969136445201 ], [ -122.478647760805998, 37.8551020828614 ], [ -122.478812, 37.851612 ], [ -122.479440159454995, 37.850559536611499 ], [ -122.479811225749998, 37.849937825536202 ], [ -122.479872, 37.849836 ], [ -122.479863901407995, 37.849693803799497 ], [ -122.479743, 37.847571 ], [ -122.47752, 37.84655 ], [ -122.477369669357998, 37.8455949154827 ], [ -122.480551, 37.845198 ], [ -122.481348, 37.84419 ], [ -122.486417, 37.84529 ], [ -122.487871, 37.845364 ], [ -122.491282, 37.847011 ], [ -122.495433, 37.850647 ], [ -122.492717, 37.851673 ], [ -122.490449, 37.851305 ], [ -122.490247, 37.851321 ], [ -122.492579, 37.853124 ], [ -122.493391, 37.854771 ], [ -122.494317, 37.856011 ], [ -122.494943, 37.856396 ], [ -122.498038, 37.857211 ], [ -122.500321, 37.85918 ], [ -122.501365, 37.860103 ], [ -122.505067, 37.862095 ], [ -122.505167, 37.862 ], [ -122.508418, 37.858939 ], [ -122.510171, 37.856855 ], [ -122.507424, 37.855716 ], [ -122.509411, 37.855748 ], [ -122.511434, 37.854885 ], [ -122.515904, 37.856719 ], [ -122.519803, 37.856176 ], [ -122.521817, 37.856548 ], [ -122.52491, 37.854666 ], [ -122.523966, 37.852338 ], [ -122.52634, 37.850036 ], [ -122.528339, 37.851436 ], [ -122.533146, 37.853839 ], [ -122.532643, 37.855521 ], [ -122.535115, 37.856971 ], [ -122.533551, 37.857475 ], [ -122.533048, 37.858837 ], [ -122.534045, 37.859369 ], [ -122.535923, 37.860779 ], [ -122.538688, 37.865064 ], [ -122.537213, 37.865997 ], [ -122.539878, 37.870334 ], [ -122.542417, 37.870279 ], [ -122.544816, 37.86949 ], [ -122.545054, 37.869414 ], [ -122.54516, 37.869319 ], [ -122.545293, 37.869042 ], [ -122.545519, 37.86884 ], [ -122.545658, 37.868622 ], [ -122.545771, 37.868235 ], [ -122.546004, 37.86806 ], [ -122.54888, 37.867157 ], [ -122.551207, 37.867332 ], [ -122.551216, 37.868032 ], [ -122.549048, 37.869232 ], [ -122.551163, 37.869123 ], [ -122.550755, 37.870517 ], [ -122.551966, 37.870458 ], [ -122.552751, 37.87168 ], [ -122.551058, 37.873149 ], [ -122.55229, 37.874526 ], [ -122.551764, 37.876385 ], [ -122.553828, 37.877706 ], [ -122.554168, 37.880281 ], [ -122.55372, 37.884191 ], [ -122.554277, 37.883415 ], [ -122.555042, 37.889336 ], [ -122.556147, 37.890339 ], [ -122.557183, 37.893485 ], [ -122.55896, 37.8959 ], [ -122.562294, 37.898024 ], [ -122.562842, 37.899815 ], [ -122.566465, 37.900361 ], [ -122.567572, 37.901029 ], [ -122.568281, 37.90121 ], [ -122.570352, 37.904684 ], [ -122.572912, 37.905432 ], [ -122.577022, 37.910021 ], [ -122.576534, 37.91071 ], [ -122.573689, 37.911706 ], [ -122.572402, 37.912769 ], [ -122.572977, 37.913542 ], [ -122.571338, 37.913594 ], [ -122.570685, 37.914694 ], [ -122.568128, 37.914411 ], [ -122.568348, 37.916079 ], [ -122.567308, 37.915846 ], [ -122.566498, 37.918141 ], [ -122.569203, 37.919092 ], [ -122.57015, 37.92112 ], [ -122.569419, 37.921464 ], [ -122.566993, 37.920465 ], [ -122.562361, 37.9201 ], [ -122.564393, 37.921665 ], [ -122.563993, 37.923223 ], [ -122.561988, 37.923425 ], [ -122.562827, 37.925323 ], [ -122.560105, 37.925314 ], [ -122.560382, 37.929383 ], [ -122.56031, 37.929417 ], [ -122.560333, 37.930529 ], [ -122.55933, 37.929985 ], [ -122.558195, 37.930345 ], [ -122.559446, 37.93136 ], [ -122.561464, 37.934239 ], [ -122.563175, 37.935192 ], [ -122.566548, 37.935531 ], [ -122.565782, 37.939458 ], [ -122.56623, 37.940453 ], [ -122.569656, 37.944229 ], [ -122.571019, 37.948125 ], [ -122.568602, 37.950999 ], [ -122.568414, 37.952169 ], [ -122.569206, 37.952407 ], [ -122.567553, 37.953507 ], [ -122.565963, 37.956076 ], [ -122.566226, 37.956229 ], [ -122.568758, 37.95699 ], [ -122.570173, 37.955667 ], [ -122.573854, 37.956112 ], [ -122.577557, 37.956369 ], [ -122.580522, 37.954376 ], [ -122.584628, 37.955733 ], [ -122.590609, 37.959735 ], [ -122.593592, 37.959859 ], [ -122.592868, 37.962406 ], [ -122.594806, 37.964853 ], [ -122.596573, 37.963473 ], [ -122.598788, 37.963024 ], [ -122.600795, 37.963649 ], [ -122.602212, 37.962513 ], [ -122.604569, 37.963065 ], [ -122.605264, 37.964971 ], [ -122.604357, 37.969258 ], [ -122.605502, 37.972556 ], [ -122.604948, 37.972819 ], [ -122.600672, 37.973032 ], [ -122.598926, 37.974321 ], [ -122.601074, 37.974035 ], [ -122.601288, 37.975599 ], [ -122.608533, 37.974627 ], [ -122.608221, 37.975532 ], [ -122.614552, 37.976918 ], [ -122.617173, 37.975806 ], [ -122.615267, 37.97922 ], [ -122.614118, 37.978243 ], [ -122.612604, 37.978567 ], [ -122.610613, 37.978003 ], [ -122.609469, 37.979634 ], [ -122.604763, 37.980509 ], [ -122.604399, 37.981497 ], [ -122.603155, 37.980679 ], [ -122.600819, 37.981358 ], [ -122.602013, 37.983225 ], [ -122.601462, 37.985143 ], [ -122.604794, 37.988598 ], [ -122.60676, 37.989473 ], [ -122.610039, 37.99116 ], [ -122.612408, 37.995682 ], [ -122.611896, 37.997418 ], [ -122.609175, 37.996695 ], [ -122.605977, 37.997241 ], [ -122.60356, 37.996349 ], [ -122.599683, 37.995448 ], [ -122.598778, 37.994752 ], [ -122.598094, 37.995089 ], [ -122.598369, 37.995296 ], [ -122.603611, 37.999784 ], [ -122.607248, 38.000361 ], [ -122.609028, 38.001016 ], [ -122.613621, 38.002905 ], [ -122.61428, 38.00407 ], [ -122.614556, 38.005732 ], [ -122.617233, 38.008163 ], [ -122.618231, 38.011235 ] ] ] ] } },
{ "type": "Feature", "properties": { "STATEFP20": "06", "PUMACE20": "08507", "AFFGEOID20": "795P200US0608507", "GEOID20": "0608507", "NAMELSAD20": "Santa Clara County (Southwest)--Cupertino, Saratoga Cities & Los Gatos Town PUMA", "STUSPS20": "CA", "ST_NAME20": "California", "LSAD20": "P0", "ALAND20": 265110754, "AWATER20": 2603939, "puma_geoid": "0608507", "display": "Cupertino, Saratoga Cities & Los Gatos (Santa Clara Co., Southwest)", "place": "Cupertino, Saratoga Cities & Los Gatos Town", "NAME": "Santa Clara County (Southwest)--Cupertino, Saratoga Cities & Los Gatos Town PUMA; California", "total_housing_units": 54568, "occupied_units": 51123, "vacant_units": 3445, "vacancy_rate": 0.063132238674681096, "median_gross_rent": 3501, "median_gross_rent_display": "$3,501", "median_home_value": 2000001, "median_home_value_display": "$2,000,000+", "home_value_topcoded": true, "county": "Santa Clara", "subregion": "Southwest", "city": "Bay Area" }, "geometry": { "type": "Polygon", "coordinates": [ [ [ -122.096192, 37.300928 ], [ -122.093623, 37.306095 ], [ -122.09201, 37.308074 ], [ -122.091987, 37.308102 ], [ -122.087529, 37.313574 ], [ -122.086069, 37.315355 ], [ -122.081432, 37.320475 ], [ -122.079308, 37.322243 ], [ -122.079134, 37.322379 ], [ -122.07827, 37.323058 ], [ -122.076867, 37.322989 ], [ -122.075784, 37.323303 ], [ -122.07141, 37.32819 ], [ -122.07171, 37.330906 ], [ -122.071637, 37.331325 ], [ -122.07058, 37.33316 ], [ -122.06871, 37.33357 ], [ -122.068515, 37.33419 ], [ -122.068437, 37.33443 ], [ -122.068181, 37.335453 ], [ -122.06817, 37.33659 ], [ -122.06871, 37.33797 ], [ -122.067796, 37.337892 ], [ -122.06722, 37.337529 ], [ -122.0667, 37.33752 ], [ -122.062837, 37.33752 ], [ -122.0624, 37.33754 ], [ -122.05973, 37.33753 ], [ -122.059584, 37.33753 ], [ -122.05948, 37.33753 ], [ -122.058978, 37.337524 ], [ -122.05789, 37.33752 ], [ -122.05495, 37.33752 ], [ -122.050999, 37.33754 ], [ -122.050534, 37.33754 ], [ -122.05006, 37.33754 ], [ -122.044867, 37.337544 ], [ -122.043972, 37.337552 ], [ -122.043708, 37.337554 ], [ -122.04312, 37.33756 ], [ -122.04151, 37.33757 ], [ -122.040302, 37.33758 ], [ -122.03976, 37.33758 ], [ -122.03673, 37.33757 ], [ -122.03239, 37.33761 ], [ -122.030437, 37.337631 ], [ -122.022471, 37.337693 ], [ -122.022368, 37.337694 ], [ -122.022228, 37.337694 ], [ -122.022146, 37.337694 ], [ -122.019621, 37.337704 ], [ -122.01833, 37.33771 ], [ -122.016433, 37.337726 ], [ -122.01416, 37.33774 ], [ -122.008334, 37.33769 ], [ -122.0071, 37.33777 ], [ -122.00537, 37.33777 ], [ -122.002386, 37.337801 ], [ -121.99578, 37.33787 ], [ -121.99554, 37.33787 ], [ -121.995594, 37.337205 ], [ -121.99539, 37.33128 ], [ -121.995417, 37.330497 ], [ -121.996, 37.32489 ], [ -121.99568, 37.3231 ], [ -121.995691, 37.32294 ], [ -121.995559, 37.322469 ], [ -121.995485, 37.320652 ], [ -121.995475, 37.31583 ], [ -121.99569, 37.310725 ], [ -121.99595, 37.309573 ], [ -121.996058, 37.309586 ], [ -121.996325, 37.309617 ], [ -121.998111, 37.30973 ], [ -122.00296, 37.31023 ], [ -122.0075, 37.31068 ], [ -122.00771, 37.31068 ], [ -122.0135, 37.31032 ], [ -122.01349, 37.31041 ], [ -122.01775, 37.31009 ], [ -122.01987, 37.30992 ], [ -122.02111, 37.30954 ], [ -122.02318, 37.30987 ], [ -122.02888, 37.31152 ], [ -122.03157, 37.312299 ], [ -122.032269, 37.312229 ], [ -122.032471, 37.312242 ], [ -122.032261, 37.308241 ], [ -122.032386, 37.302304 ], [ -122.032393, 37.302057 ], [ -122.03241, 37.301002 ], [ -122.032432, 37.300544 ], [ -122.032251, 37.298359 ], [ -122.032264, 37.293965 ], [ -122.031699, 37.294056 ], [ -122.028036, 37.293889 ], [ -122.025978, 37.293869 ], [ -122.02365, 37.293825 ], [ -122.017793, 37.293665 ], [ -122.014957, 37.293565 ], [ -122.007852, 37.293338 ], [ -122.007745, 37.29328 ], [ -122.007685, 37.293248 ], [ -122.00468, 37.29311 ], [ -122.003433, 37.293081 ], [ -121.997526, 37.29241 ], [ -121.993891, 37.291998 ], [ -121.992147, 37.291635 ], [ -121.994554, 37.289476 ], [ -121.995259, 37.288799 ], [ -121.996349, 37.28782 ], [ -121.99951, 37.28467 ], [ -121.99852, 37.28403 ], [ -121.994466, 37.287062 ], [ -121.994493, 37.285119 ], [ -121.994462, 37.284274 ], [ -121.994453, 37.284213 ], [ -121.994392, 37.283289 ], [ -121.994313, 37.280536 ], [ -121.994359, 37.28012 ], [ -121.989675, 37.280227 ], [ -121.989608, 37.278641 ], [ -121.989497, 37.276231 ], [ -121.992414, 37.276151 ], [ -121.99427, 37.27608 ], [ -121.9941, 37.273749 ], [ -121.993802, 37.271972 ], [ -121.993761, 37.271389 ], [ -121.993661, 37.270491 ], [ -121.990655, 37.269106 ], [ -121.9852, 37.266611 ], [ -121.984962, 37.266509 ], [ -121.981783, 37.265035 ], [ -121.98033, 37.26475 ], [ -121.978289, 37.263892 ], [ -121.96881, 37.2597 ], [ -121.96632, 37.259013 ], [ -121.96419, 37.25845 ], [ -121.963928, 37.258875 ], [ -121.96382, 37.25906 ], [ -121.96196, 37.26158 ], [ -121.956227, 37.260799 ], [ -121.954012, 37.258383 ], [ -121.953844, 37.258209 ], [ -121.955344, 37.256264 ], [ -121.95568, 37.2558 ], [ -121.95461, 37.25543 ], [ -121.952463, 37.25489 ], [ -121.9513, 37.25466 ], [ -121.9515, 37.25441 ], [ -121.951968, 37.253842 ], [ -121.95247, 37.25321 ], [ -121.951923, 37.252979 ], [ -121.950944, 37.249809 ], [ -121.950034, 37.246505 ], [ -121.94914, 37.24335 ], [ -121.9469, 37.24372 ], [ -121.94623, 37.243588 ], [ -121.946165, 37.243564 ], [ -121.94543, 37.243372 ], [ -121.941067, 37.24334 ], [ -121.940332, 37.243395 ], [ -121.937551, 37.243404 ], [ -121.936383, 37.243402 ], [ -121.933807, 37.243417 ], [ -121.933314, 37.243419 ], [ -121.93321, 37.24017 ], [ -121.93114, 37.24023 ], [ -121.931241, 37.243419 ], [ -121.927624, 37.243451 ], [ -121.925673, 37.243466 ], [ -121.925161, 37.243474 ], [ -121.922654, 37.243488 ], [ -121.922666, 37.24263 ], [ -121.92271, 37.240221 ], [ -121.922611, 37.236187 ], [ -121.916686, 37.236227 ], [ -121.911221, 37.23631 ], [ -121.903523, 37.236363 ], [ -121.903468, 37.234168 ], [ -121.903477, 37.233844 ], [ -121.904565, 37.229018 ], [ -121.90414, 37.22756 ], [ -121.903918, 37.226543 ], [ -121.903732, 37.226181 ], [ -121.905747, 37.225356 ], [ -121.905542, 37.224378 ], [ -121.90667, 37.222188 ], [ -121.906982, 37.221925 ], [ -121.909199, 37.220178 ], [ -121.908939, 37.218167 ], [ -121.912442, 37.2169 ], [ -121.912993, 37.216069 ], [ -121.912428, 37.213567 ], [ -121.91105, 37.21312 ], [ -121.910917, 37.212848 ], [ -121.909428, 37.212653 ], [ -121.90937, 37.21218 ], [ -121.90924, 37.21203 ], [ -121.90859, 37.21177 ], [ -121.90696, 37.21061 ], [ -121.90671, 37.21059 ], [ -121.90601, 37.21091 ], [ -121.90552, 37.21101 ], [ -121.904995, 37.21098 ], [ -121.89985, 37.20675 ], [ -121.899149, 37.206764 ], [ -121.897038, 37.206555 ], [ -121.896, 37.20503 ], [ -121.893395, 37.204004 ], [ -121.889094, 37.203259 ], [ -121.88384, 37.201823 ], [ -121.880084, 37.198476 ], [ -121.878279, 37.198594 ], [ -121.87296, 37.195114 ], [ -121.873274, 37.19289 ], [ -121.871306, 37.184527 ], [ -121.873524, 37.181133 ], [ -121.8696, 37.18271 ], [ -121.86665, 37.18185 ], [ -121.86365, 37.17993 ], [ -121.86593, 37.17846 ], [ -121.863326, 37.176123 ], [ -121.863627, 37.175296 ], [ -121.860725, 37.169588 ], [ -121.859284, 37.168617 ], [ -121.85849, 37.167407 ], [ -121.854303, 37.165313 ], [ -121.85215, 37.165504 ], [ -121.845318, 37.162315 ], [ -121.844602, 37.161687 ], [ -121.842752, 37.16087 ], [ -121.839967, 37.162843 ], [ -121.837018, 37.162602 ], [ -121.831363, 37.162445 ], [ -121.831135, 37.162013 ], [ -121.830236, 37.161199 ], [ -121.829329, 37.158513 ], [ -121.826672, 37.156612 ], [ -121.822882, 37.152651 ], [ -121.821049, 37.150107 ], [ -121.822882, 37.147052 ], [ -121.822998, 37.145228 ], [ -121.820767, 37.143976 ], [ -121.823771, 37.13855 ], [ -121.824063, 37.134746 ], [ -121.826463, 37.127546 ], [ -121.829264, 37.125146 ], [ -121.828864, 37.122647 ], [ -121.829464, 37.117347 ], [ -121.832664, 37.112247 ], [ -121.835233, 37.111889 ], [ -121.841227, 37.111022 ], [ -121.84429, 37.111036 ], [ -121.845646, 37.108354 ], [ -121.841897, 37.109574 ], [ -121.844444, 37.106694 ], [ -121.847606, 37.10631 ], [ -121.84811, 37.10542 ], [ -121.84492, 37.10315 ], [ -121.84321, 37.10079 ], [ -121.84375, 37.09987 ], [ -121.84441, 37.09746 ], [ -121.84629, 37.09702 ], [ -121.849557, 37.099127 ], [ -121.85056, 37.09851 ], [ -121.8556, 37.09914 ], [ -121.861884, 37.099346 ], [ -121.860421, 37.104037 ], [ -121.870066, 37.102247 ], [ -121.884808, 37.107825 ], [ -121.8873, 37.10491 ], [ -121.888795, 37.105396 ], [ -121.890867, 37.105256 ], [ -121.89054, 37.10689 ], [ -121.892, 37.10706 ], [ -121.89228, 37.10841 ], [ -121.89333, 37.108 ], [ -121.89485, 37.10861 ], [ -121.89496, 37.10979 ], [ -121.89632, 37.10965 ], [ -121.898151, 37.110723 ], [ -121.90114, 37.11152 ], [ -121.90231, 37.11108 ], [ -121.904618, 37.111327 ], [ -121.90572, 37.11317 ], [ -121.910685, 37.113295 ], [ -121.92426, 37.12128 ], [ -121.93001, 37.12329 ], [ -121.932026, 37.122001 ], [ -121.93415, 37.12331 ], [ -121.94196, 37.12639 ], [ -121.94703, 37.12775 ], [ -121.953825, 37.129035 ], [ -121.95618, 37.13031 ], [ -121.96324, 37.13321 ], [ -121.96987, 37.13866 ], [ -121.970934, 37.140317 ], [ -121.97314, 37.14185 ], [ -121.977529, 37.141733 ], [ -121.980836, 37.142282 ], [ -121.984061, 37.143734 ], [ -121.985032, 37.143228 ], [ -121.98503, 37.143238 ], [ -121.987152, 37.144819 ], [ -121.98916, 37.14379 ], [ -121.99109, 37.14427 ], [ -121.99168, 37.145297 ], [ -121.99422, 37.14992 ], [ -121.997934, 37.152601 ], [ -122.000047, 37.154495 ], [ -122.001317, 37.157329 ], [ -122.002934, 37.158458 ], [ -122.004636, 37.158653 ], [ -122.005838, 37.15828 ], [ -122.006059, 37.158694 ], [ -122.006498, 37.158805 ], [ -122.006703, 37.159263 ], [ -122.008236, 37.159812 ], [ -122.009041, 37.159792 ], [ -122.010214, 37.160846 ], [ -122.010786, 37.160957 ], [ -122.011587, 37.162035 ], [ -122.013769, 37.162772 ], [ -122.014019, 37.163436 ], [ -122.015946, 37.165658 ], [ -122.0168, 37.165076 ], [ -122.021435, 37.166786 ], [ -122.02277, 37.166156 ], [ -122.026174, 37.166854 ], [ -122.025585, 37.169071 ], [ -122.027675, 37.170846 ], [ -122.025668, 37.172605 ], [ -122.025783, 37.173858 ], [ -122.027637, 37.174083 ], [ -122.02653, 37.17611 ], [ -122.028933, 37.176936 ], [ -122.029398, 37.179452 ], [ -122.031935, 37.182297 ], [ -122.03263, 37.18614 ], [ -122.031495, 37.18691 ], [ -122.03199, 37.1884 ], [ -122.03075, 37.18999 ], [ -122.035178, 37.192062 ], [ -122.040782, 37.195171 ], [ -122.044121, 37.200495 ], [ -122.036673, 37.202047 ], [ -122.031706, 37.204194 ], [ -122.028565, 37.207369 ], [ -122.030076, 37.20799 ], [ -122.030254, 37.209067 ], [ -122.029209, 37.213506 ], [ -122.028815, 37.216231 ], [ -122.0288, 37.217522 ], [ -122.029725, 37.217375 ], [ -122.030978, 37.217691 ], [ -122.03337, 37.2179 ], [ -122.03308, 37.21895 ], [ -122.03719, 37.22324 ], [ -122.03675, 37.22416 ], [ -122.03927, 37.22527 ], [ -122.03992, 37.22679 ], [ -122.03862, 37.22971 ], [ -122.039031, 37.23039 ], [ -122.03777, 37.23147 ], [ -122.0401, 37.23195 ], [ -122.04074, 37.23318 ], [ -122.043011, 37.23316 ], [ -122.044722, 37.231241 ], [ -122.046392, 37.232153 ], [ -122.047511, 37.235571 ], [ -122.04861, 37.23745 ], [ -122.048177, 37.239538 ], [ -122.050684, 37.241555 ], [ -122.053021, 37.244736 ], [ -122.055069, 37.245599 ], [ -122.053615, 37.248539 ], [ -122.053318, 37.250144 ], [ -122.053196, 37.250293 ], [ -122.053155, 37.250376 ], [ -122.05303, 37.250528 ], [ -122.052871, 37.250778 ], [ -122.052774, 37.250827 ], [ -122.052609, 37.25097 ], [ -122.050952, 37.25207 ], [ -122.052883, 37.251221 ], [ -122.05823, 37.25242 ], [ -122.05927, 37.25209 ], [ -122.06014, 37.25248 ], [ -122.063978, 37.252009 ], [ -122.064851, 37.252608 ], [ -122.065937, 37.255152 ], [ -122.067264, 37.256915 ], [ -122.069381, 37.258652 ], [ -122.072165, 37.258904 ], [ -122.075272, 37.261043 ], [ -122.077572, 37.260343 ], [ -122.081972, 37.258343 ], [ -122.083772, 37.258643 ], [ -122.083472, 37.261943 ], [ -122.081972, 37.263543 ], [ -122.079118, 37.265446 ], [ -122.067913, 37.265401 ], [ -122.06791, 37.265862 ], [ -122.067862, 37.271972 ], [ -122.067846, 37.275142 ], [ -122.068557, 37.275112 ], [ -122.07031, 37.27767 ], [ -122.071798, 37.277462 ], [ -122.07267, 37.28034 ], [ -122.07398, 37.28111 ], [ -122.075281, 37.283823 ], [ -122.077343, 37.284447 ], [ -122.078101, 37.286131 ], [ -122.077872, 37.287942 ], [ -122.079872, 37.288242 ], [ -122.080972, 37.291842 ], [ -122.080572, 37.294442 ], [ -122.081572, 37.295342 ], [ -122.084279, 37.295376 ], [ -122.087225, 37.297287 ], [ -122.088222, 37.299571 ], [ -122.09091, 37.300659 ], [ -122.091339, 37.300824 ], [ -122.091552, 37.300857 ], [ -122.091814, 37.300868 ], [ -122.095431, 37.301027 ], [ -122.096192, 37.300928 ] ] ] } },
{ "type": "Feature", "properties": { "STATEFP20": "06", "PUMACE20": "07514", "AFFGEOID20": "795P200US0607514", "GEOID20": "0607514", "NAMELSAD20": "San Francisco County (Northwest)--Western Addition & Marina PUMA", "STUSPS20": "CA", "ST_NAME20": "California", "LSAD20": "P0", "ALAND20": 8274134, "AWATER20": 762211, "puma_geoid": "0607514", "display": "Western Addition & Marina (San Francisco Co., Northwest)", "place": "Western Addition & Marina", "NAME": "San Francisco County (Northwest)--Western Addition & Marina PUMA; California", "total_housing_units": 59511, "occupied_units": 50402, "vacant_units": 9109, "vacancy_rate": 0.15306413940279939, "median_gross_rent": 2688, "median_gross_rent_display": "$2,688", "median_home_value": 1582200, "median_home_value_display": "$1,582,200", "home_value_topcoded": false, "county": "San Francisco", "subregion": "Northwest", "city": "Bay Area" }, "geometry": { "type": "Polygon", "coordinates": [ [ [ -122.448481951551003, 37.806023713434499 ], [ -122.446930133156002, 37.806162639147502 ], [ -122.442563100122001, 37.806553595447397 ], [ -122.441030970265999, 37.806690758554403 ], [ -122.435640601789999, 37.8071733284131 ], [ -122.432430184989997, 37.807460739262503 ], [ -122.426572291023007, 37.8079851640911 ], [ -122.425628, 37.806456 ], [ -122.425488, 37.80601 ], [ -122.425209, 37.804133 ], [ -122.425017, 37.803194 ], [ -122.424835, 37.802268 ], [ -122.424601, 37.801261 ], [ -122.424464, 37.800402 ], [ -122.424275, 37.799472 ], [ -122.423894, 37.797604 ], [ -122.423705, 37.796678 ], [ -122.423481, 37.795739 ], [ -122.423283, 37.79481 ], [ -122.423143, 37.793923 ], [ -122.422801, 37.792161 ], [ -122.422611, 37.791277 ], [ -122.42242, 37.790358 ], [ -122.422237, 37.789399 ], [ -122.422145, 37.788943 ], [ -122.422077, 37.788474 ], [ -122.421858, 37.787535 ], [ -122.421675, 37.786605 ], [ -122.421256, 37.784745 ], [ -122.421069, 37.783816 ], [ -122.420906, 37.782883 ], [ -122.420689, 37.781955 ], [ -122.420358, 37.780072 ], [ -122.419943, 37.778238 ], [ -122.419765, 37.777291 ], [ -122.419359, 37.775432 ], [ -122.419334, 37.77521 ], [ -122.422186, 37.772909 ], [ -122.42262, 37.772503 ], [ -122.423665, 37.771781 ], [ -122.424929, 37.770778 ], [ -122.426402, 37.769596 ], [ -122.42822, 37.769441 ], [ -122.429128, 37.769456 ], [ -122.431357, 37.769321 ], [ -122.43157, 37.769307 ], [ -122.433572, 37.769178 ], [ -122.435794, 37.769058 ], [ -122.436588, 37.769001 ], [ -122.438338, 37.769007 ], [ -122.439301, 37.768166 ], [ -122.442009, 37.765907 ], [ -122.442575, 37.765928 ], [ -122.443533, 37.766691 ], [ -122.443866, 37.767536 ], [ -122.443356, 37.768944 ], [ -122.442765, 37.769661 ], [ -122.443312, 37.77047 ], [ -122.440358, 37.770847 ], [ -122.440735, 37.772713 ], [ -122.440922, 37.773635 ], [ -122.441488, 37.776435 ], [ -122.441641, 37.777191 ], [ -122.441866, 37.7783 ], [ -122.440958, 37.779364 ], [ -122.441512, 37.782096 ], [ -122.442793, 37.782885 ], [ -122.44281, 37.782971 ], [ -122.443183, 37.784827 ], [ -122.44337, 37.785759 ], [ -122.443753, 37.787647 ], [ -122.445402, 37.787438 ], [ -122.445589, 37.788364 ], [ -122.445934, 37.790119 ], [ -122.446117, 37.790999 ], [ -122.4463, 37.791879 ], [ -122.446344, 37.792164 ], [ -122.446524, 37.793337 ], [ -122.446652, 37.794195 ], [ -122.446728, 37.794706 ], [ -122.446776, 37.795019 ], [ -122.447015, 37.796579 ], [ -122.447303, 37.798459 ], [ -122.447466, 37.79939 ], [ -122.447826, 37.800918 ], [ -122.44782, 37.801633 ], [ -122.44946, 37.802454 ], [ -122.448481951551003, 37.806023713434499 ] ] ] } },
{ "type": "Feature", "properties": { "STATEFP20": "06", "PUMACE20": "09705", "AFFGEOID20": "795P200US0609705", "GEOID20": "0609705", "NAMELSAD20": "Sonoma County (Central)--Santa Rosa City (West) PUMA", "STUSPS20": "CA", "ST_NAME20": "California", "LSAD20": "P0", "ALAND20": 123331488, "AWATER20": 21574, "puma_geoid": "0609705", "display": "Santa Rosa City (West) (Sonoma Co., Central)", "place": "Santa Rosa City (West)", "NAME": "Sonoma County (Central)--Santa Rosa City (West) PUMA; California", "total_housing_units": 35650, "occupied_units": 34541, "vacant_units": 1109, "vacancy_rate": 0.031107994389901798, "median_gross_rent": 2021, "median_gross_rent_display": "$2,021", "median_home_value": 629500, "median_home_value_display": "$629,500", "home_value_topcoded": false, "county": "Sonoma", "subregion": "Central", "city": "Bay Area" }, "geometry": { "type": "Polygon", "coordinates": [ [ [ -122.846016, 38.483031 ], [ -122.842484, 38.48443 ], [ -122.842372, 38.484576 ], [ -122.840341, 38.484124 ], [ -122.836984, 38.482136 ], [ -122.834968, 38.481813 ], [ -122.828631, 38.483038 ], [ -122.828171, 38.483106 ], [ -122.825555, 38.483192 ], [ -122.819938, 38.483999 ], [ -122.815063, 38.485107 ], [ -122.805441, 38.489319 ], [ -122.796331, 38.49075 ], [ -122.792365, 38.491375 ], [ -122.787525, 38.493221 ], [ -122.784394, 38.494458 ], [ -122.780307, 38.496048 ], [ -122.77921, 38.496349 ], [ -122.778559, 38.496457 ], [ -122.773473, 38.496546 ], [ -122.772543, 38.496555 ], [ -122.770064, 38.496543 ], [ -122.76061, 38.496394 ], [ -122.756431, 38.496173 ], [ -122.746018, 38.488785 ], [ -122.738854, 38.483704 ], [ -122.734972, 38.480929 ], [ -122.73319, 38.478961 ], [ -122.733051, 38.478758 ], [ -122.731206, 38.474639 ], [ -122.730335, 38.472578 ], [ -122.728897, 38.469206 ], [ -122.72688, 38.464346 ], [ -122.726742, 38.463799 ], [ -122.726345, 38.459947 ], [ -122.726149, 38.454086 ], [ -122.72595, 38.449182 ], [ -122.724162, 38.445905 ], [ -122.721733, 38.442383 ], [ -122.718099, 38.437153 ], [ -122.717343, 38.43574 ], [ -122.715536, 38.431305 ], [ -122.715443, 38.431063 ], [ -122.715062, 38.424597 ], [ -122.715465, 38.421922 ], [ -122.71581, 38.420023 ], [ -122.716103, 38.417887 ], [ -122.71613, 38.414558 ], [ -122.716207, 38.401849 ], [ -122.716207, 38.401769 ], [ -122.716247, 38.394427 ], [ -122.716281, 38.388617 ], [ -122.716353, 38.376579 ], [ -122.716141, 38.37507 ], [ -122.714396, 38.371843 ], [ -122.71317, 38.370129 ], [ -122.712739, 38.369254 ], [ -122.712321, 38.367176 ], [ -122.712498, 38.365614 ], [ -122.712532, 38.365373 ], [ -122.712846, 38.363174 ], [ -122.715137, 38.363258 ], [ -122.717241, 38.363265 ], [ -122.721243, 38.363266 ], [ -122.72524, 38.36326 ], [ -122.733235, 38.363255 ], [ -122.737232, 38.363252 ], [ -122.741337, 38.363255 ], [ -122.741347, 38.361328 ], [ -122.74128, 38.352148 ], [ -122.746101, 38.352363 ], [ -122.750559, 38.354357 ], [ -122.751349, 38.354742 ], [ -122.752568, 38.355521 ], [ -122.753433, 38.356348 ], [ -122.754221, 38.3579 ], [ -122.756146, 38.360084 ], [ -122.758908, 38.360953 ], [ -122.761729, 38.362075 ], [ -122.763416, 38.363349 ], [ -122.766479, 38.3655 ], [ -122.768786, 38.366079 ], [ -122.768848, 38.366119 ], [ -122.769695, 38.366622 ], [ -122.775003, 38.365778 ], [ -122.77668, 38.366652 ], [ -122.777136, 38.368082 ], [ -122.775331, 38.370365 ], [ -122.775121, 38.371914 ], [ -122.77596, 38.373622 ], [ -122.777656, 38.375055 ], [ -122.78145, 38.376191 ], [ -122.783416, 38.37792 ], [ -122.78488, 38.3785 ], [ -122.785435, 38.378739 ], [ -122.788713, 38.381148 ], [ -122.792615, 38.381413 ], [ -122.794108, 38.382336 ], [ -122.798058, 38.385166 ], [ -122.797077, 38.386709 ], [ -122.797202, 38.387996 ], [ -122.797306, 38.388274 ], [ -122.797338, 38.388836 ], [ -122.797338, 38.389094 ], [ -122.797275, 38.389261 ], [ -122.797147, 38.390653 ], [ -122.798978, 38.394584 ], [ -122.800392, 38.395801 ], [ -122.804239, 38.396286 ], [ -122.808276, 38.396171 ], [ -122.811418, 38.397008 ], [ -122.81229, 38.397231 ], [ -122.813058, 38.397501 ], [ -122.813972, 38.397984 ], [ -122.815271, 38.399303 ], [ -122.815666, 38.399905 ], [ -122.815612, 38.401193 ], [ -122.816383, 38.401089 ], [ -122.816385, 38.403468 ], [ -122.817443, 38.405467 ], [ -122.818341, 38.409101 ], [ -122.816686, 38.410211 ], [ -122.815076, 38.41218 ], [ -122.819321, 38.414757 ], [ -122.82032, 38.415976 ], [ -122.822478, 38.415482 ], [ -122.824736, 38.416573 ], [ -122.82387, 38.420362 ], [ -122.827683, 38.423066 ], [ -122.829379, 38.425777 ], [ -122.829515, 38.42581 ], [ -122.829715, 38.429902 ], [ -122.830302, 38.430562 ], [ -122.833522, 38.430567 ], [ -122.834654, 38.431401 ], [ -122.83471, 38.433401 ], [ -122.835877, 38.434209 ], [ -122.837888, 38.434192 ], [ -122.838838, 38.434801 ], [ -122.838716, 38.444663 ], [ -122.836006, 38.44735 ], [ -122.834478, 38.451256 ], [ -122.834645, 38.452169 ], [ -122.835354, 38.456029 ], [ -122.8338, 38.461126 ], [ -122.834848, 38.46234 ], [ -122.83666, 38.462569 ], [ -122.840397, 38.467288 ], [ -122.841177, 38.468675 ], [ -122.841497, 38.469212 ], [ -122.841159, 38.470149 ], [ -122.841322, 38.470689 ], [ -122.841134, 38.47159 ], [ -122.841276, 38.471943 ], [ -122.84244, 38.472954 ], [ -122.842819, 38.474423 ], [ -122.842773, 38.475685 ], [ -122.842727, 38.478627 ], [ -122.845309, 38.480622 ], [ -122.845684, 38.482174 ], [ -122.846016, 38.483031 ] ] ] } },
{ "type": "Feature", "properties": { "STATEFP20": "06", "PUMACE20": "08522", "AFFGEOID20": "795P200US0608522", "GEOID20": "0608522", "NAMELSAD20": "Santa Clara County (Northwest)--Mountain View & Los Altos Cities PUMA", "STUSPS20": "CA", "ST_NAME20": "California", "LSAD20": "P0", "ALAND20": 66281620, "AWATER20": 8860135, "puma_geoid": "0608522", "display": "Mountain View & Los Altos (Santa Clara Co., Northwest)", "place": "Mountain View & Los Altos Cities", "NAME": "Santa Clara County (Northwest)--Mountain View & Los Altos Cities PUMA; California", "total_housing_units": 51041, "occupied_units": 46267, "vacant_units": 4774, "vacancy_rate": 0.093532650222370201, "median_gross_rent": 3060, "median_gross_rent_display": "$3,060", "median_home_value": 2000001, "median_home_value_display": "$2,000,000+", "home_value_topcoded": true, "county": "Santa Clara", "subregion": "Northwest", "city": "Bay Area" }, "geometry": { "type": "Polygon", "coordinates": [ [ [ -122.129654, 37.395115 ], [ -122.124828, 37.399206 ], [ -122.124471, 37.401268 ], [ -122.12241, 37.404261 ], [ -122.120053, 37.406258 ], [ -122.119941, 37.406425 ], [ -122.118675, 37.407642 ], [ -122.11788, 37.408495 ], [ -122.118015, 37.409154 ], [ -122.117291, 37.410653 ], [ -122.116508, 37.411303 ], [ -122.115637, 37.412699 ], [ -122.10831, 37.40808 ], [ -122.1081, 37.40829 ], [ -122.10797, 37.40842 ], [ -122.10666, 37.41099 ], [ -122.104569, 37.413502 ], [ -122.103313, 37.416208 ], [ -122.101899, 37.419789 ], [ -122.10155, 37.42185 ], [ -122.101296, 37.425185 ], [ -122.101836, 37.427108 ], [ -122.10146, 37.42821 ], [ -122.105322, 37.43188 ], [ -122.105498, 37.432052 ], [ -122.11057, 37.43688 ], [ -122.113809, 37.439976 ], [ -122.118732, 37.444663 ], [ -122.121105, 37.446846 ], [ -122.12315, 37.44883 ], [ -122.125824, 37.451302 ], [ -122.127856, 37.452737 ], [ -122.125976, 37.453554 ], [ -122.122375, 37.453376 ], [ -122.121772, 37.454241 ], [ -122.123835, 37.461215 ], [ -122.123754, 37.461321 ], [ -122.117693, 37.465238 ], [ -122.115657, 37.465907 ], [ -122.115388465083996, 37.4664027296649 ], [ -122.115161405159995, 37.466279732148401 ], [ -122.109554736025004, 37.463242620332203 ], [ -122.109105, 37.462999 ], [ -122.108817381592999, 37.462988286194602 ], [ -122.102912913514004, 37.462768344354402 ], [ -122.101803, 37.462727 ], [ -122.100750567717995, 37.4617968727893 ], [ -122.096953747810005, 37.458441288232798 ], [ -122.09627, 37.457837 ], [ -122.096024205234002, 37.457655183685503 ], [ -122.089569757660996, 37.452880778243099 ], [ -122.08874, 37.452267 ], [ -122.088386879775001, 37.452233048144301 ], [ -122.085441378309, 37.451949843632903 ], [ -122.084014244778004, 37.451812627386801 ], [ -122.06849, 37.45032 ], [ -122.059911423613002, 37.4473360004136 ], [ -122.060006, 37.443622 ], [ -122.059673, 37.434039 ], [ -122.054472, 37.435739 ], [ -122.049172, 37.426139 ], [ -122.043572, 37.427239 ], [ -122.041089, 37.427007 ], [ -122.040418, 37.426947 ], [ -122.040231, 37.426988 ], [ -122.037305, 37.426717 ], [ -122.037118, 37.426649 ], [ -122.03531, 37.42645 ], [ -122.036924, 37.420102 ], [ -122.03703, 37.419 ], [ -122.037273, 37.401432 ], [ -122.037361, 37.400906 ], [ -122.046872, 37.403006 ], [ -122.047403, 37.401552 ], [ -122.044979, 37.399822 ], [ -122.046541, 37.394933 ], [ -122.044981, 37.394453 ], [ -122.046351, 37.390266 ], [ -122.046597, 37.390507 ], [ -122.047306, 37.389084 ], [ -122.04742, 37.38887 ], [ -122.04743, 37.38803 ], [ -122.04744, 37.38648 ], [ -122.04968, 37.38587 ], [ -122.05218, 37.38615 ], [ -122.05227, 37.38597 ], [ -122.052311, 37.385744 ], [ -122.0524, 37.38556 ], [ -122.052728, 37.384557 ], [ -122.056931, 37.385452 ], [ -122.057086, 37.384994 ], [ -122.057883, 37.383031 ], [ -122.057985, 37.382395 ], [ -122.058328, 37.381414 ], [ -122.059083, 37.379113 ], [ -122.060276, 37.375516 ], [ -122.060329, 37.375354 ], [ -122.058463, 37.374599 ], [ -122.05766, 37.37429 ], [ -122.06167, 37.3684 ], [ -122.0621, 37.368612 ], [ -122.06256, 37.36866 ], [ -122.063778, 37.366687 ], [ -122.06307, 37.36494 ], [ -122.062938, 37.363604 ], [ -122.063006, 37.361318 ], [ -122.063014, 37.35955 ], [ -122.06279, 37.35743 ], [ -122.061746, 37.354444 ], [ -122.061557, 37.354068 ], [ -122.06061, 37.35204 ], [ -122.063079, 37.352054 ], [ -122.064696, 37.348951 ], [ -122.063638, 37.346968 ], [ -122.065192, 37.34315 ], [ -122.062057, 37.338075 ], [ -122.0624, 37.33754 ], [ -122.062837, 37.33752 ], [ -122.0667, 37.33752 ], [ -122.06722, 37.337529 ], [ -122.067796, 37.337892 ], [ -122.06871, 37.33797 ], [ -122.06817, 37.33659 ], [ -122.068181, 37.335453 ], [ -122.068437, 37.33443 ], [ -122.068515, 37.33419 ], [ -122.07321, 37.33345 ], [ -122.075824, 37.333354 ], [ -122.076311, 37.333411 ], [ -122.07745, 37.33363 ], [ -122.07811, 37.33381 ], [ -122.079045, 37.334203 ], [ -122.08246, 37.336393 ], [ -122.083166, 37.336886 ], [ -122.0847, 37.33791 ], [ -122.089656, 37.340627 ], [ -122.091622, 37.341595 ], [ -122.090594, 37.344255 ], [ -122.087504, 37.346509 ], [ -122.085855, 37.348849 ], [ -122.085538, 37.351068 ], [ -122.08758, 37.35264 ], [ -122.09702, 37.35994 ], [ -122.099079, 37.36151 ], [ -122.104676, 37.365836 ], [ -122.106853, 37.365357 ], [ -122.10866, 37.36382 ], [ -122.10792, 37.36306 ], [ -122.10927, 37.36139 ], [ -122.1111, 37.36232 ], [ -122.112843, 37.364332 ], [ -122.11335, 37.364765 ], [ -122.11552, 37.36564 ], [ -122.11633, 37.36475 ], [ -122.117674, 37.36554 ], [ -122.11845, 37.367715 ], [ -122.117646, 37.369977 ], [ -122.12036, 37.37104 ], [ -122.119112, 37.37214 ], [ -122.118744, 37.373172 ], [ -122.119704, 37.373966 ], [ -122.119659, 37.377141 ], [ -122.120476, 37.378629 ], [ -122.123257, 37.381285 ], [ -122.125509, 37.382906 ], [ -122.124109, 37.38489 ], [ -122.123418, 37.386519 ], [ -122.124278, 37.38767 ], [ -122.124955, 37.388403 ], [ -122.126344, 37.388364 ], [ -122.126604, 37.388977 ], [ -122.128339, 37.392209 ], [ -122.128307, 37.394528 ], [ -122.128347, 37.394545 ], [ -122.128367, 37.394584 ], [ -122.128415, 37.394864 ], [ -122.129654, 37.395115 ] ] ] } },
{ "type": "Feature", "properties": { "STATEFP20": "06", "PUMACE20": "08521", "AFFGEOID20": "795P200US0608521", "GEOID20": "0608521", "NAMELSAD20": "Santa Clara County (North)--San Jose City (North Valley/East San Jose) PUMA", "STUSPS20": "CA", "ST_NAME20": "California", "LSAD20": "P0", "ALAND20": 34908367, "AWATER20": 0, "puma_geoid": "0608521", "display": "San Jose City (North Valley/East San Jose) (Santa Clara Co., North)", "place": "San Jose City (North Valley/East San Jose)", "NAME": "Santa Clara County (North)--San Jose City (North Valley/East San Jose) PUMA; California", "total_housing_units": 36970, "occupied_units": 35436, "vacant_units": 1534, "vacancy_rate": 0.041493102515553097, "median_gross_rent": 2436, "median_gross_rent_display": "$2,436", "median_home_value": 937900, "median_home_value_display": "$937,900", "home_value_topcoded": false, "county": "Santa Clara", "subregion": "North", "city": "Bay Area" }, "geometry": { "type": "Polygon", "coordinates": [ [ [ -121.908901, 37.401725 ], [ -121.905633, 37.404322 ], [ -121.902863, 37.404407 ], [ -121.898682, 37.404091 ], [ -121.897746, 37.404132 ], [ -121.895821, 37.403741 ], [ -121.89226, 37.403411 ], [ -121.89058, 37.403313 ], [ -121.890448, 37.404335 ], [ -121.887876, 37.406952 ], [ -121.882117, 37.40332 ], [ -121.877501, 37.405584 ], [ -121.875559, 37.39924 ], [ -121.875412, 37.398811 ], [ -121.874826, 37.397166 ], [ -121.873808, 37.395275 ], [ -121.87203, 37.393108 ], [ -121.862864, 37.38467 ], [ -121.858345, 37.380359 ], [ -121.854757, 37.376782 ], [ -121.851841, 37.37381 ], [ -121.851805, 37.373773 ], [ -121.846104, 37.368075 ], [ -121.843013, 37.370077 ], [ -121.839774, 37.366795 ], [ -121.838688, 37.365776 ], [ -121.83596, 37.362975 ], [ -121.835192, 37.362334 ], [ -121.833063, 37.359587 ], [ -121.831667, 37.357576 ], [ -121.831108, 37.356769 ], [ -121.830816, 37.355345 ], [ -121.83008, 37.354993 ], [ -121.829067, 37.354188 ], [ -121.827118, 37.351127 ], [ -121.827006, 37.350833 ], [ -121.824889, 37.347654 ], [ -121.822848, 37.344718 ], [ -121.821967, 37.343463 ], [ -121.820407, 37.341242 ], [ -121.820054, 37.340738 ], [ -121.81998, 37.340597 ], [ -121.817439, 37.337819 ], [ -121.81411, 37.333091 ], [ -121.813986, 37.332913 ], [ -121.812756, 37.331249 ], [ -121.809591, 37.326624 ], [ -121.808441, 37.323855 ], [ -121.80818, 37.322375 ], [ -121.808001, 37.317739 ], [ -121.8079, 37.312424 ], [ -121.808069, 37.311433 ], [ -121.809315, 37.308844 ], [ -121.810835, 37.30713 ], [ -121.811086, 37.306888 ], [ -121.816774, 37.302981 ], [ -121.81982, 37.306083 ], [ -121.824692, 37.311164 ], [ -121.826807, 37.313338 ], [ -121.831763, 37.318457 ], [ -121.834141, 37.320916 ], [ -121.836283, 37.323114 ], [ -121.836761, 37.323582 ], [ -121.840183, 37.327249 ], [ -121.841773, 37.328955 ], [ -121.842783, 37.330006 ], [ -121.846667, 37.333875 ], [ -121.848591, 37.335812 ], [ -121.851632, 37.33904 ], [ -121.851958, 37.339492 ], [ -121.852087, 37.339677 ], [ -121.854657, 37.342197 ], [ -121.857534, 37.345067 ], [ -121.859173, 37.346813 ], [ -121.861728, 37.349762 ], [ -121.864846, 37.352835 ], [ -121.866232, 37.354069 ], [ -121.870724, 37.357913 ], [ -121.873804, 37.359704 ], [ -121.875901, 37.360611 ], [ -121.877449, 37.36108 ], [ -121.879993, 37.361617 ], [ -121.884697, 37.3622 ], [ -121.885907, 37.362328 ], [ -121.891472, 37.362901 ], [ -121.900293, 37.363662 ], [ -121.90178, 37.364029 ], [ -121.901351, 37.365026 ], [ -121.901014, 37.367246 ], [ -121.90103, 37.367954 ], [ -121.904309, 37.382367 ], [ -121.906507, 37.391399 ], [ -121.908851, 37.401491 ], [ -121.908901, 37.401725 ] ] ] } },
{ "type": "Feature", "properties": { "STATEFP20": "06", "PUMACE20": "00117", "AFFGEOID20": "795P200US0600117", "GEOID20": "0600117", "NAMELSAD20": "Alameda County (South)--Newark, Union City (West) & Fremont (West) Cities PUMA", "STUSPS20": "CA", "ST_NAME20": "California", "LSAD20": "P0", "ALAND20": 131990894, "AWATER20": 12585805, "puma_geoid": "0600117", "display": "Newark, Union City (West) & Fremont (West) (Alameda Co., South)", "place": "Newark, Union City (West) & Fremont (West) Cities", "NAME": "Alameda County (South)--Newark, Union City (West) & Fremont (West) Cities PUMA; California", "total_housing_units": 33700, "occupied_units": 32434, "vacant_units": 1266, "vacancy_rate": 0.037566765578635003, "median_gross_rent": 2931, "median_gross_rent_display": "$2,931", "median_home_value": 1135800, "median_home_value_display": "$1,135,800", "home_value_topcoded": false, "county": "Alameda", "subregion": "South", "city": "Bay Area" }, "geometry": { "type": "Polygon", "coordinates": [ [ [ -122.132079081171, 37.562077759924499 ], [ -122.128803, 37.566851 ], [ -122.126458, 37.568529 ], [ -122.124308, 37.569175 ], [ -122.120875, 37.569042 ], [ -122.110133, 37.565549 ], [ -122.111083, 37.561384 ], [ -122.109633, 37.560443 ], [ -122.107304, 37.56137 ], [ -122.104359, 37.563919 ], [ -122.102304, 37.562194 ], [ -122.10122, 37.562636 ], [ -122.100594, 37.564673 ], [ -122.097071, 37.564271 ], [ -122.094929, 37.562002 ], [ -122.092702, 37.563019 ], [ -122.095488, 37.565037 ], [ -122.095165, 37.566722 ], [ -122.091714, 37.567386 ], [ -122.090625, 37.566317 ], [ -122.090786, 37.564662 ], [ -122.089358, 37.564521 ], [ -122.084326, 37.568039 ], [ -122.083626, 37.569684 ], [ -122.085549, 37.573349 ], [ -122.083137, 37.57529 ], [ -122.085914, 37.574151 ], [ -122.086804, 37.578385 ], [ -122.089995, 37.578484 ], [ -122.091561, 37.579678 ], [ -122.094586, 37.579419 ], [ -122.09676, 37.582982 ], [ -122.091659, 37.585046 ], [ -122.091495, 37.589052 ], [ -122.091968, 37.592561 ], [ -122.091606, 37.592604 ], [ -122.091591, 37.592741 ], [ -122.091329, 37.594051 ], [ -122.090934, 37.594169 ], [ -122.091271, 37.599996 ], [ -122.090719, 37.601356 ], [ -122.087517, 37.608127 ], [ -122.087429, 37.608193 ], [ -122.086833, 37.608629 ], [ -122.085528, 37.609299 ], [ -122.083905, 37.609872 ], [ -122.080259, 37.611531 ], [ -122.077932, 37.613476 ], [ -122.071663, 37.613284 ], [ -122.07145, 37.613278 ], [ -122.071185, 37.613274 ], [ -122.066536, 37.61314 ], [ -122.066413, 37.613137 ], [ -122.06688, 37.611695 ], [ -122.066963, 37.611369 ], [ -122.066975, 37.611063 ], [ -122.067079, 37.610771 ], [ -122.068794, 37.605698 ], [ -122.06566, 37.605143 ], [ -122.061052, 37.598688 ], [ -122.056731, 37.59263 ], [ -122.055099, 37.590335 ], [ -122.050346, 37.583491 ], [ -122.049546, 37.5819 ], [ -122.048354, 37.578599 ], [ -122.045512, 37.570834 ], [ -122.04452, 37.569316 ], [ -122.043128, 37.56773 ], [ -122.041645, 37.56634 ], [ -122.038596, 37.563483 ], [ -122.038571, 37.563462 ], [ -122.038506, 37.563408 ], [ -122.031219, 37.556592 ], [ -122.028684, 37.554125 ], [ -122.022895, 37.546533 ], [ -122.020081, 37.542769 ], [ -122.017348, 37.539133 ], [ -122.014861, 37.536695 ], [ -122.00236, 37.529774 ], [ -121.987975, 37.522531 ], [ -121.987767, 37.522432 ], [ -121.983809, 37.520338 ], [ -121.982543, 37.519422 ], [ -121.972639, 37.511406 ], [ -121.967456, 37.507453 ], [ -121.962883, 37.509343 ], [ -121.960635, 37.510181 ], [ -121.95117, 37.512099 ], [ -121.949872, 37.509548 ], [ -121.949051, 37.502503 ], [ -121.948227, 37.494745 ], [ -121.948597, 37.492799 ], [ -121.936783, 37.483954 ], [ -121.935036, 37.484438 ], [ -121.933276, 37.485968 ], [ -121.932129, 37.487248 ], [ -121.930681, 37.48894 ], [ -121.929543, 37.489847 ], [ -121.926726, 37.48486 ], [ -121.924609, 37.481116 ], [ -121.923997, 37.480069 ], [ -121.921828, 37.476297 ], [ -121.921084, 37.474995 ], [ -121.918295, 37.470188 ], [ -121.916726, 37.467485 ], [ -121.912652, 37.46065 ], [ -121.917097, 37.458473 ], [ -121.917265, 37.458391 ], [ -121.923001, 37.455296 ], [ -121.924593, 37.454441 ], [ -121.925041, 37.454186 ], [ -121.926604, 37.45506 ], [ -121.9279, 37.455352 ], [ -121.927561, 37.456925 ], [ -121.928444, 37.457394 ], [ -121.932069, 37.455277 ], [ -121.932656, 37.456919 ], [ -121.931128, 37.45739 ], [ -121.931471, 37.460911 ], [ -121.934116, 37.460331 ], [ -121.935137, 37.46084 ], [ -121.934987, 37.462464 ], [ -121.936025, 37.462929 ], [ -121.938903, 37.462394 ], [ -121.941085, 37.464948 ], [ -121.943779, 37.465457 ], [ -121.944244, 37.468526 ], [ -121.944914, 37.469163 ], [ -121.947087, 37.467424 ], [ -121.946174, 37.463946 ], [ -121.948126, 37.461845 ], [ -121.951921, 37.461461 ], [ -121.959313, 37.463515 ], [ -121.964157, 37.463151 ], [ -121.974706, 37.46074 ], [ -121.980014, 37.460892 ], [ -121.992669, 37.464639 ], [ -121.992975, 37.464923 ], [ -121.996471, 37.467039 ], [ -122.020872, 37.465139 ], [ -122.025425, 37.46563 ], [ -122.036182, 37.464966 ], [ -122.040872722043005, 37.462863367488197 ], [ -122.049837, 37.466078 ], [ -122.049977852555003, 37.466361860617099 ], [ -122.053431, 37.473321 ], [ -122.053437895459993, 37.473414707015401 ], [ -122.054097494333007, 37.4823784371236 ], [ -122.054342716925007, 37.485710930883201 ], [ -122.054457, 37.487264 ], [ -122.054898714858993, 37.490510033735099 ], [ -122.055541, 37.49523 ], [ -122.082637, 37.501566 ], [ -122.09279, 37.500615 ], [ -122.102527, 37.497237 ], [ -122.10942, 37.500254 ], [ -122.111344, 37.50758 ], [ -122.111424603333006, 37.510201580279897 ], [ -122.111444571633996, 37.510851038560197 ], [ -122.111449111219997, 37.510998686174702 ], [ -122.111981922436001, 37.5283280858282 ], [ -122.111998, 37.528851 ], [ -122.112291103803997, 37.529408459200397 ], [ -122.119422474464997, 37.542971736546001 ], [ -122.122023261663003, 37.547918218752102 ], [ -122.123083273367001, 37.549934273367398 ], [ -122.128688, 37.560594 ], [ -122.129722484116996, 37.5610466361939 ], [ -122.132079081171, 37.562077759924499 ] ] ] } },
{ "type": "Feature", "properties": { "STATEFP20": "06", "PUMACE20": "07511", "AFFGEOID20": "795P200US0607511", "GEOID20": "0607511", "NAMELSAD20": "San Francisco County (Southwest)--Central & Bernal Heights PUMA", "STUSPS20": "CA", "ST_NAME20": "California", "LSAD20": "P0", "ALAND20": 12910278, "AWATER20": 12207, "puma_geoid": "0607511", "display": "Central & Bernal Heights (San Francisco Co., Southwest)", "place": "Central & Bernal Heights", "NAME": "San Francisco County (Southwest)--Central & Bernal Heights PUMA; California", "total_housing_units": 66328, "occupied_units": 58547, "vacant_units": 7781, "vacancy_rate": 0.117310939573031, "median_gross_rent": 2685, "median_gross_rent_display": "$2,685", "median_home_value": 1632200, "median_home_value_display": "$1,632,200", "home_value_topcoded": false, "county": "San Francisco", "subregion": "Southwest", "city": "Bay Area" }, "geometry": { "type": "Polygon", "coordinates": [ [ [ -122.453902, 37.771054 ], [ -122.448958, 37.771669 ], [ -122.445717, 37.77208 ], [ -122.440735, 37.772713 ], [ -122.440358, 37.770847 ], [ -122.443312, 37.77047 ], [ -122.442765, 37.769661 ], [ -122.443356, 37.768944 ], [ -122.443866, 37.767536 ], [ -122.443533, 37.766691 ], [ -122.442575, 37.765928 ], [ -122.442009, 37.765907 ], [ -122.439301, 37.768166 ], [ -122.438338, 37.769007 ], [ -122.436588, 37.769001 ], [ -122.435794, 37.769058 ], [ -122.433572, 37.769178 ], [ -122.43157, 37.769307 ], [ -122.431357, 37.769321 ], [ -122.429128, 37.769456 ], [ -122.42822, 37.769441 ], [ -122.426402, 37.769596 ], [ -122.424929, 37.770778 ], [ -122.423665, 37.771781 ], [ -122.42262, 37.772503 ], [ -122.422186, 37.772909 ], [ -122.419334, 37.77521 ], [ -122.417794, 37.770435 ], [ -122.417805, 37.769719 ], [ -122.417857, 37.769194 ], [ -122.417645, 37.766805 ], [ -122.417487, 37.765183 ], [ -122.417332, 37.763572 ], [ -122.417179, 37.761968 ], [ -122.417026, 37.760367 ], [ -122.416872, 37.758764 ], [ -122.41672, 37.757167 ], [ -122.416567, 37.755568 ], [ -122.416413, 37.753968 ], [ -122.416108, 37.750771 ], [ -122.41587, 37.748267 ], [ -122.413673, 37.748297 ], [ -122.411488, 37.748344 ], [ -122.410551, 37.748367 ], [ -122.40871, 37.748397 ], [ -122.406788, 37.748805 ], [ -122.405239, 37.749125 ], [ -122.403784, 37.749433 ], [ -122.403561, 37.747762 ], [ -122.40459, 37.744126 ], [ -122.407062, 37.73957 ], [ -122.407114, 37.73906 ], [ -122.407009, 37.738002 ], [ -122.408217, 37.737612 ], [ -122.408779, 37.735817 ], [ -122.410418, 37.734457 ], [ -122.413493, 37.732864 ], [ -122.415939, 37.732072 ], [ -122.419244, 37.73206 ], [ -122.4207, 37.731955 ], [ -122.425563, 37.731579 ], [ -122.428038, 37.732016 ], [ -122.426158, 37.733971 ], [ -122.428573, 37.735082 ], [ -122.429391, 37.734636 ], [ -122.432535, 37.733123 ], [ -122.435852, 37.733837 ], [ -122.438408, 37.734341 ], [ -122.439937, 37.734838 ], [ -122.441927, 37.735941 ], [ -122.443744, 37.735739 ], [ -122.443649, 37.736519 ], [ -122.442404, 37.73764 ], [ -122.442552, 37.738097 ], [ -122.442857, 37.739767 ], [ -122.445987, 37.74118 ], [ -122.44711, 37.74258 ], [ -122.449861, 37.743265 ], [ -122.451692, 37.745629 ], [ -122.45084, 37.745904 ], [ -122.449447, 37.74666 ], [ -122.447794, 37.749408 ], [ -122.445803, 37.749296 ], [ -122.446644, 37.749796 ], [ -122.44964, 37.749314 ], [ -122.449423, 37.750412 ], [ -122.44709, 37.751505 ], [ -122.446734, 37.753573 ], [ -122.447943, 37.755532 ], [ -122.445348, 37.755619 ], [ -122.44695, 37.75655 ], [ -122.447119, 37.756875 ], [ -122.447915, 37.757589 ], [ -122.446395, 37.758856 ], [ -122.446343, 37.760411 ], [ -122.446434, 37.761007 ], [ -122.446783, 37.761781 ], [ -122.44912, 37.761648 ], [ -122.451958, 37.761478 ], [ -122.4524, 37.763669 ], [ -122.452569, 37.764509 ], [ -122.452758, 37.765443 ], [ -122.452947, 37.766374 ], [ -122.453352, 37.768246 ], [ -122.453902, 37.771054 ] ] ] } },
{ "type": "Feature", "properties": { "STATEFP20": "06", "PUMACE20": "00115", "AFFGEOID20": "795P200US0600115", "GEOID20": "0600115", "NAMELSAD20": "Alameda County (Northwest)--Castro Valley & Ashland PUMA", "STUSPS20": "CA", "ST_NAME20": "California", "LSAD20": "P0", "ALAND20": 136005569, "AWATER20": 4023941, "puma_geoid": "0600115", "display": "Castro Valley & Ashland (Alameda Co., Northwest)", "place": "Castro Valley & Ashland", "NAME": "Alameda County (Northwest)--Castro Valley & Ashland PUMA; California", "total_housing_units": 36783, "occupied_units": 35382, "vacant_units": 1401, "vacancy_rate": 0.038088247288149399, "median_gross_rent": 2255, "median_gross_rent_display": "$2,255", "median_home_value": 935100, "median_home_value_display": "$935,100", "home_value_topcoded": false, "county": "Alameda", "subregion": "Northwest", "city": "Bay Area" }, "geometry": { "type": "Polygon", "coordinates": [ [ [ -122.179139, 37.805002 ], [ -122.179036, 37.805126 ], [ -122.178297, 37.806025 ], [ -122.177769, 37.806667 ], [ -122.176513, 37.807214 ], [ -122.175418, 37.808227 ], [ -122.174159, 37.81027 ], [ -122.175474, 37.81459 ], [ -122.177873, 37.816323 ], [ -122.172775, 37.815826 ], [ -122.166873, 37.813424 ], [ -122.157392, 37.817952 ], [ -122.15295, 37.815034 ], [ -122.148808, 37.81376 ], [ -122.140317, 37.804701 ], [ -122.138651, 37.804632 ], [ -122.135257, 37.804482 ], [ -122.118093, 37.803246 ], [ -122.113812, 37.802729 ], [ -122.112793, 37.802844 ], [ -122.106541, 37.802395 ], [ -122.078869, 37.800314 ], [ -122.061681, 37.79922 ], [ -122.050108, 37.798435 ], [ -122.045473, 37.798126 ], [ -122.043271, 37.796629 ], [ -122.030472, 37.787727 ], [ -122.021972, 37.784227 ], [ -122.017772, 37.781227 ], [ -122.014072, 37.780227 ], [ -122.005025, 37.771147 ], [ -122.004081, 37.770147 ], [ -121.999202, 37.765184 ], [ -121.997411, 37.76336 ], [ -122.010771, 37.755127 ], [ -122.011291, 37.754172 ], [ -122.011771, 37.747428 ], [ -122.001071, 37.739028 ], [ -121.999498, 37.73843 ], [ -121.995426, 37.738351 ], [ -121.99192, 37.73605 ], [ -121.988097, 37.733149 ], [ -121.980104, 37.731105 ], [ -121.971938, 37.730324 ], [ -121.971263, 37.729556 ], [ -121.97293, 37.728168 ], [ -121.975286, 37.726284 ], [ -122.001277, 37.703728 ], [ -122.016488, 37.702942 ], [ -122.0212, 37.701492 ], [ -122.020384, 37.699987 ], [ -122.025659, 37.697989 ], [ -122.027181, 37.698177 ], [ -122.031887, 37.69991 ], [ -122.036055, 37.701993 ], [ -122.036966, 37.701741 ], [ -122.040171, 37.700201 ], [ -122.044796, 37.696017 ], [ -122.046857, 37.694726 ], [ -122.048737, 37.694016 ], [ -122.051832, 37.693585 ], [ -122.056773, 37.693958 ], [ -122.056963, 37.693962 ], [ -122.058061, 37.693915 ], [ -122.059972, 37.69359 ], [ -122.060137, 37.693204 ], [ -122.059718, 37.692469 ], [ -122.058916, 37.692232 ], [ -122.058884, 37.692192 ], [ -122.058796, 37.692063 ], [ -122.062164, 37.685893 ], [ -122.063217, 37.685948 ], [ -122.065115, 37.685553 ], [ -122.066592, 37.684018 ], [ -122.068051, 37.684787 ], [ -122.068282, 37.684915 ], [ -122.06851, 37.684899 ], [ -122.068634, 37.684728 ], [ -122.068793, 37.683871 ], [ -122.068918, 37.683734 ], [ -122.069257, 37.683778 ], [ -122.070003, 37.684162 ], [ -122.070383, 37.684168 ], [ -122.070553, 37.683892 ], [ -122.070923, 37.68353 ], [ -122.070139, 37.6818 ], [ -122.070107, 37.68169 ], [ -122.070134, 37.681547 ], [ -122.070245, 37.681371 ], [ -122.070369, 37.681294 ], [ -122.070763, 37.68119 ], [ -122.071137, 37.681146 ], [ -122.071395, 37.681176 ], [ -122.072011, 37.680988 ], [ -122.073225, 37.681981 ], [ -122.07558, 37.679256 ], [ -122.076913, 37.678923 ], [ -122.077051, 37.679626 ], [ -122.078725, 37.680345 ], [ -122.079701, 37.678189 ], [ -122.083088, 37.676868 ], [ -122.084346, 37.678926 ], [ -122.085341, 37.680022 ], [ -122.087642, 37.678068 ], [ -122.089137, 37.67642 ], [ -122.09036, 37.675664 ], [ -122.093831, 37.674564 ], [ -122.093896, 37.674538 ], [ -122.09398, 37.674467 ], [ -122.095011, 37.675179 ], [ -122.099839, 37.673222 ], [ -122.098255, 37.670759 ], [ -122.101682, 37.669365 ], [ -122.099186, 37.667197 ], [ -122.098951, 37.667001 ], [ -122.100231, 37.666572 ], [ -122.101184, 37.666442 ], [ -122.103352, 37.666519 ], [ -122.103427, 37.666655 ], [ -122.104876, 37.667949 ], [ -122.108946, 37.671519 ], [ -122.110254, 37.672604 ], [ -122.111599, 37.672032 ], [ -122.117534, 37.676558 ], [ -122.124274, 37.681095 ], [ -122.129, 37.684386 ], [ -122.130022, 37.685112 ], [ -122.130036, 37.685358 ], [ -122.130097, 37.686622 ], [ -122.130104, 37.686737 ], [ -122.130141, 37.690798 ], [ -122.130131, 37.69112 ], [ -122.128406, 37.691072 ], [ -122.128145, 37.69106 ], [ -122.129655, 37.692398 ], [ -122.129883, 37.692596 ], [ -122.130061, 37.692755 ], [ -122.130032, 37.697097 ], [ -122.129535, 37.697456 ], [ -122.128532, 37.698137 ], [ -122.128359, 37.6982 ], [ -122.125252, 37.698258 ], [ -122.12437, 37.698333 ], [ -122.123668, 37.698483 ], [ -122.123695, 37.701926 ], [ -122.124559, 37.702507 ], [ -122.127095, 37.704304 ], [ -122.129285, 37.705855 ], [ -122.126469, 37.708011 ], [ -122.124259, 37.709833 ], [ -122.122551, 37.708533 ], [ -122.120667, 37.711546 ], [ -122.121765, 37.716061 ], [ -122.121384, 37.717184 ], [ -122.119704, 37.71782 ], [ -122.117433, 37.716801 ], [ -122.115751, 37.714237 ], [ -122.11034, 37.712883 ], [ -122.107991, 37.713275 ], [ -122.104695, 37.714756 ], [ -122.105253, 37.715747 ], [ -122.10974, 37.719827 ], [ -122.110039, 37.721676 ], [ -122.112922, 37.722574 ], [ -122.113765, 37.724205 ], [ -122.117056, 37.726381 ], [ -122.119313, 37.729046 ], [ -122.120888, 37.728256 ], [ -122.123229, 37.727038 ], [ -122.12649, 37.727585 ], [ -122.127244, 37.729827 ], [ -122.124462, 37.728588 ], [ -122.122168, 37.729386 ], [ -122.122213, 37.729795 ], [ -122.121082, 37.731899 ], [ -122.119964, 37.732042 ], [ -122.115091, 37.735279 ], [ -122.115234, 37.739153 ], [ -122.114799, 37.74022 ], [ -122.115503, 37.748871 ], [ -122.115813, 37.748726 ], [ -122.116126, 37.750264 ], [ -122.118553, 37.753796 ], [ -122.11883, 37.754204 ], [ -122.121287, 37.757301 ], [ -122.124213, 37.761329 ], [ -122.124562, 37.762106 ], [ -122.12525, 37.763753 ], [ -122.128683, 37.769608 ], [ -122.131808, 37.775339 ], [ -122.13375, 37.777319 ], [ -122.134337, 37.778283 ], [ -122.134634, 37.778216 ], [ -122.143706, 37.787393 ], [ -122.141799, 37.789751 ], [ -122.143244, 37.790349 ], [ -122.143317, 37.793017 ], [ -122.152291, 37.793082 ], [ -122.152262, 37.796471 ], [ -122.15667, 37.796478 ], [ -122.158064, 37.797354 ], [ -122.159697, 37.800057 ], [ -122.162322, 37.800022 ], [ -122.162292, 37.800904 ], [ -122.161732, 37.80115 ], [ -122.161632, 37.801443 ], [ -122.164146, 37.802929 ], [ -122.164802, 37.804473 ], [ -122.164805, 37.804651 ], [ -122.167528, 37.805789 ], [ -122.170248, 37.804699 ], [ -122.170519, 37.802686 ], [ -122.168411, 37.80094 ], [ -122.168388, 37.799128 ], [ -122.170615, 37.800138 ], [ -122.175957, 37.802699 ], [ -122.176953, 37.804711 ], [ -122.178139, 37.803964 ], [ -122.178199, 37.804014 ], [ -122.179157, 37.804981 ], [ -122.179139, 37.805002 ] ] ] } },
{ "type": "Feature", "properties": { "STATEFP20": "06", "PUMACE20": "07510", "AFFGEOID20": "795P200US0607510", "GEOID20": "0607510", "NAMELSAD20": "San Francisco County (Southeast)--South of Market & Mission PUMA", "STUSPS20": "CA", "ST_NAME20": "California", "LSAD20": "P0", "ALAND20": 11899264, "AWATER20": 1697547, "puma_geoid": "0607510", "display": "South of Market & Mission (San Francisco Co., Southeast)", "place": "South of Market & Mission", "NAME": "San Francisco County (Southeast)--South of Market & Mission PUMA; California", "total_housing_units": 56019, "occupied_units": 47824, "vacant_units": 8195, "vacancy_rate": 0.14628965172530739, "median_gross_rent": 3057, "median_gross_rent_display": "$3,057", "median_home_value": 1277500, "median_home_value_display": "$1,277,500", "home_value_topcoded": false, "county": "San Francisco", "subregion": "Southeast", "city": "Bay Area" }, "geometry": { "type": "Polygon", "coordinates": [ [ [ -122.418704, 37.775645 ], [ -122.417615, 37.7766 ], [ -122.416292, 37.777494 ], [ -122.414782, 37.778744 ], [ -122.413365, 37.779862 ], [ -122.412548, 37.780508 ], [ -122.411985, 37.780952 ], [ -122.410336, 37.782245 ], [ -122.408688, 37.783556 ], [ -122.408104, 37.78402 ], [ -122.407451, 37.784604 ], [ -122.406062, 37.785757 ], [ -122.404743, 37.786778 ], [ -122.403456, 37.787776 ], [ -122.402914, 37.788112 ], [ -122.401402, 37.789297 ], [ -122.399195, 37.791058 ], [ -122.397428, 37.792442 ], [ -122.396315, 37.793337 ], [ -122.394748, 37.79448 ], [ -122.392317845600004, 37.793943183693699 ], [ -122.392265621652996, 37.793885507582097 ], [ -122.388476329206995, 37.789700614134901 ], [ -122.387768175003004, 37.788918528843503 ], [ -122.387669, 37.788809 ], [ -122.387669, 37.787390540983502 ], [ -122.387669, 37.787175250950597 ], [ -122.387669, 37.787098 ], [ -122.387669, 37.784762 ], [ -122.387669, 37.783287653846202 ], [ -122.387669, 37.782837557047003 ], [ -122.387669, 37.782791029411797 ], [ -122.387669, 37.776799 ], [ -122.386594091484, 37.773281993988 ], [ -122.385894316499005, 37.770992391856304 ], [ -122.385216, 37.768773 ], [ -122.385706799990004, 37.767253171038703 ], [ -122.386756030236995, 37.764004086793904 ], [ -122.386851, 37.76371 ], [ -122.382285, 37.760855 ], [ -122.381331, 37.755306 ], [ -122.381511727363005, 37.755102630721296 ], [ -122.381986997805996, 37.754567817367501 ], [ -122.382852282095996, 37.753594128385799 ], [ -122.383103, 37.753312 ], [ -122.382266933582997, 37.753153656024097 ], [ -122.38789, 37.752819 ], [ -122.391231, 37.75263 ], [ -122.394587, 37.752427 ], [ -122.396408, 37.751179 ], [ -122.400217, 37.750753 ], [ -122.402605, 37.750558 ], [ -122.402861, 37.749543 ], [ -122.403784, 37.749433 ], [ -122.405239, 37.749125 ], [ -122.406788, 37.748805 ], [ -122.40871, 37.748397 ], [ -122.410551, 37.748367 ], [ -122.411488, 37.748344 ], [ -122.413673, 37.748297 ], [ -122.41587, 37.748267 ], [ -122.416108, 37.750771 ], [ -122.416413, 37.753968 ], [ -122.416567, 37.755568 ], [ -122.41672, 37.757167 ], [ -122.416872, 37.758764 ], [ -122.417026, 37.760367 ], [ -122.417179, 37.761968 ], [ -122.417332, 37.763572 ], [ -122.417487, 37.765183 ], [ -122.417645, 37.766805 ], [ -122.417857, 37.769194 ], [ -122.417805, 37.769719 ], [ -122.417794, 37.770435 ], [ -122.419334, 37.77521 ], [ -122.418704, 37.775645 ] ] ] } },
{ "type": "Feature", "properties": { "STATEFP20": "06", "PUMACE20": "01308", "AFFGEOID20": "795P200US0601308", "GEOID20": "0601308", "NAMELSAD20": "Contra Costa County (Northeast)--Antioch City PUMA", "STUSPS20": "CA", "ST_NAME20": "California", "LSAD20": "P0", "ALAND20": 166900570, "AWATER20": 4045467, "puma_geoid": "0601308", "display": "Antioch (Contra Costa Co., Northeast)", "place": "Antioch City", "NAME": "Contra Costa County (Northeast)--Antioch City PUMA; California", "total_housing_units": 39878, "occupied_units": 39020, "vacant_units": 858, "vacancy_rate": 0.021515622649079601, "median_gross_rent": 2224, "median_gross_rent_display": "$2,224", "median_home_value": 614800, "median_home_value_display": "$614,800", "home_value_topcoded": false, "county": "Contra Costa", "subregion": "Northeast", "city": "Bay Area" }, "geometry": { "type": "Polygon", "coordinates": [ [ [ -121.926086, 37.958495 ], [ -121.923722, 37.960706 ], [ -121.921542, 37.96034 ], [ -121.916346, 37.962215 ], [ -121.915492, 37.96221 ], [ -121.914428, 37.962678 ], [ -121.912656, 37.968079 ], [ -121.910426, 37.969797 ], [ -121.910579, 37.974907 ], [ -121.905578, 37.977389 ], [ -121.901301, 37.978962 ], [ -121.900088, 37.979942 ], [ -121.899437, 37.981004 ], [ -121.898882, 37.982917 ], [ -121.898328, 37.982121 ], [ -121.896409, 37.97657 ], [ -121.894903, 37.973078 ], [ -121.893857, 37.971654 ], [ -121.885419, 37.96614 ], [ -121.884152, 37.964836 ], [ -121.88268, 37.96023 ], [ -121.882539, 37.958384 ], [ -121.875982, 37.957036 ], [ -121.874444, 37.956103 ], [ -121.873075, 37.957076 ], [ -121.869171, 37.957507 ], [ -121.868998, 37.956382 ], [ -121.868471, 37.956312 ], [ -121.865467, 37.956128 ], [ -121.863808, 37.957601 ], [ -121.862947, 37.959289 ], [ -121.862698, 37.962431 ], [ -121.863558, 37.965633 ], [ -121.863577, 37.968522 ], [ -121.861513, 37.974491 ], [ -121.861695, 37.976177 ], [ -121.858388, 37.978791 ], [ -121.857318, 37.980407 ], [ -121.85569, 37.981087 ], [ -121.854651, 37.983216 ], [ -121.853275, 37.986627 ], [ -121.852911, 37.987199 ], [ -121.851162, 37.991847 ], [ -121.847483, 37.995041 ], [ -121.850398, 37.997317 ], [ -121.850749, 37.997984 ], [ -121.850895, 37.997987 ], [ -121.856032, 37.998 ], [ -121.856326, 38.001584 ], [ -121.85663, 38.00525 ], [ -121.856513, 38.006482 ], [ -121.855727, 38.008803 ], [ -121.855551, 38.009245 ], [ -121.854893, 38.009033 ], [ -121.854238, 38.010394 ], [ -121.855877, 38.010797 ], [ -121.8552, 38.012515 ], [ -121.854998, 38.013139 ], [ -121.86023, 38.014913 ], [ -121.858368, 38.016801 ], [ -121.855788, 38.02352 ], [ -121.850366, 38.022332 ], [ -121.848633, 38.026631 ], [ -121.8483, 38.027719 ], [ -121.84778, 38.029061 ], [ -121.847534, 38.029759 ], [ -121.84616, 38.029012 ], [ -121.842294, 38.028341 ], [ -121.840549, 38.028548 ], [ -121.838268, 38.029081 ], [ -121.831302, 38.030059 ], [ -121.830317, 38.029723 ], [ -121.828067, 38.02802 ], [ -121.822671, 38.025322 ], [ -121.816954, 38.021519 ], [ -121.814513, 38.020756 ], [ -121.80931, 38.020321 ], [ -121.80127, 38.021622 ], [ -121.798018, 38.020863 ], [ -121.794862, 38.019462 ], [ -121.788773, 38.018421 ], [ -121.78139, 38.018612 ], [ -121.777485, 38.018917 ], [ -121.770619, 38.021112 ], [ -121.765127, 38.023195 ], [ -121.758251, 38.024129 ], [ -121.75168, 38.024308 ], [ -121.751593, 38.019749 ], [ -121.75142, 38.016955 ], [ -121.750893, 38.016713 ], [ -121.750782, 38.012243 ], [ -121.750763, 38.009082 ], [ -121.750765, 38.009021 ], [ -121.750768, 37.997816 ], [ -121.750497, 37.988554 ], [ -121.743619, 37.983103 ], [ -121.741499, 37.981176 ], [ -121.732478, 37.971348 ], [ -121.732388, 37.971248 ], [ -121.732398, 37.968941 ], [ -121.732399, 37.968778 ], [ -121.732587, 37.961463 ], [ -121.742744, 37.961506 ], [ -121.743681, 37.959843 ], [ -121.744396, 37.956738 ], [ -121.744343, 37.950345 ], [ -121.743199, 37.947356 ], [ -121.741334, 37.943485 ], [ -121.739606, 37.939844 ], [ -121.732829, 37.925347 ], [ -121.738617, 37.925234 ], [ -121.742242, 37.925367 ], [ -121.752443, 37.925271 ], [ -121.755528, 37.925283 ], [ -121.778112, 37.925269 ], [ -121.77816, 37.923256 ], [ -121.778617, 37.920848 ], [ -121.778891, 37.918563 ], [ -121.778706, 37.917962 ], [ -121.777624, 37.91704 ], [ -121.772135, 37.914989 ], [ -121.76611, 37.913838 ], [ -121.765546, 37.913018 ], [ -121.765064, 37.908801 ], [ -121.763461, 37.906926 ], [ -121.764419, 37.904288 ], [ -121.764626, 37.89915 ], [ -121.7667, 37.897255 ], [ -121.766657, 37.89604 ], [ -121.766192, 37.894872 ], [ -121.771873, 37.888446 ], [ -121.775695, 37.886041 ], [ -121.775994, 37.884891 ], [ -121.776044, 37.883807 ], [ -121.777333, 37.882018 ], [ -121.784542, 37.886427 ], [ -121.790447, 37.891026 ], [ -121.791519, 37.891438 ], [ -121.795252, 37.89435 ], [ -121.796049, 37.894608 ], [ -121.799008, 37.8926 ], [ -121.800019, 37.89115 ], [ -121.802664, 37.891633 ], [ -121.805152, 37.890681 ], [ -121.808212, 37.890507 ], [ -121.81019, 37.888819 ], [ -121.813774, 37.887096 ], [ -121.81574, 37.887771 ], [ -121.817885, 37.887535 ], [ -121.819004, 37.884727 ], [ -121.821595, 37.884791 ], [ -121.822818, 37.886261 ], [ -121.82512, 37.886668 ], [ -121.826942, 37.885324 ], [ -121.829627, 37.885633 ], [ -121.831527, 37.884757 ], [ -121.833982, 37.885275 ], [ -121.836745, 37.885167 ], [ -121.840368, 37.886331 ], [ -121.842559, 37.88563 ], [ -121.846929, 37.889254 ], [ -121.847316, 37.890597 ], [ -121.848488, 37.891493 ], [ -121.852864, 37.893291 ], [ -121.856523, 37.89405 ], [ -121.858481, 37.8961 ], [ -121.86117, 37.89949 ], [ -121.865065, 37.900275 ], [ -121.871165, 37.903235 ], [ -121.87416, 37.906039 ], [ -121.875904, 37.907321 ], [ -121.876468, 37.908564 ], [ -121.878704, 37.909554 ], [ -121.879866, 37.910812 ], [ -121.88217, 37.912136 ], [ -121.885433, 37.91257 ], [ -121.887615, 37.914137 ], [ -121.892284, 37.915829 ], [ -121.896905, 37.919283 ], [ -121.903426, 37.92197 ], [ -121.908936, 37.923718 ], [ -121.911711, 37.924293 ], [ -121.912015, 37.924339 ], [ -121.914417, 37.924826 ], [ -121.914408, 37.924975 ], [ -121.914367, 37.934868 ], [ -121.914464, 37.942992 ], [ -121.914514, 37.946371 ], [ -121.914617, 37.955142 ], [ -121.924582, 37.955496 ], [ -121.924779, 37.958065 ], [ -121.926086, 37.958495 ] ] ] } },
{ "type": "Feature", "properties": { "STATEFP20": "06", "PUMACE20": "00122", "AFFGEOID20": "795P200US0600122", "GEOID20": "0600122", "NAMELSAD20": "Alameda County (West)--Hayward City (West) PUMA", "STUSPS20": "CA", "ST_NAME20": "California", "LSAD20": "P0", "ALAND20": 72049563, "AWATER20": 7263314, "puma_geoid": "0600122", "display": "Hayward City (West) (Alameda Co., West)", "place": "Hayward City (West)", "NAME": "Alameda County (West)--Hayward City (West) PUMA; California", "total_housing_units": 29738, "occupied_units": 28666, "vacant_units": 1072, "vacancy_rate": 0.036048153877194102, "median_gross_rent": 2326, "median_gross_rent_display": "$2,326", "median_home_value": 816900, "median_home_value_display": "$816,900", "home_value_topcoded": false, "county": "Alameda", "subregion": "West", "city": "Bay Area" }, "geometry": { "type": "Polygon", "coordinates": [ [ [ -122.162047022153004, 37.667560942307702 ], [ -122.155061, 37.671141 ], [ -122.15232, 37.672564 ], [ -122.15434, 37.674744 ], [ -122.154468, 37.674886 ], [ -122.154719, 37.675163 ], [ -122.151143, 37.676795 ], [ -122.14498, 37.679724 ], [ -122.143805, 37.681719 ], [ -122.140724, 37.684094 ], [ -122.138716, 37.684782 ], [ -122.133815, 37.684514 ], [ -122.131033, 37.685069 ], [ -122.129987, 37.684453 ], [ -122.129, 37.684386 ], [ -122.124274, 37.681095 ], [ -122.117534, 37.676558 ], [ -122.111599, 37.672032 ], [ -122.110254, 37.672604 ], [ -122.108946, 37.671519 ], [ -122.104876, 37.667949 ], [ -122.103427, 37.666655 ], [ -122.103352, 37.666519 ], [ -122.101184, 37.666442 ], [ -122.100231, 37.666572 ], [ -122.092598, 37.659886 ], [ -122.087972, 37.655904 ], [ -122.089584, 37.652959 ], [ -122.091467, 37.649537 ], [ -122.092557, 37.647197 ], [ -122.090297, 37.647153 ], [ -122.085099, 37.648194 ], [ -122.084108, 37.648358 ], [ -122.083491, 37.648448 ], [ -122.081976, 37.648688 ], [ -122.079978, 37.648911 ], [ -122.072298, 37.642174 ], [ -122.071918, 37.641841 ], [ -122.063341, 37.63434 ], [ -122.063605, 37.634227 ], [ -122.065046, 37.633582 ], [ -122.069088, 37.631791 ], [ -122.071678, 37.631553 ], [ -122.073242, 37.631424 ], [ -122.072286, 37.63082 ], [ -122.071867, 37.624553 ], [ -122.072016, 37.622221 ], [ -122.073833, 37.617648 ], [ -122.074259, 37.617576 ], [ -122.074536, 37.617585 ], [ -122.072446, 37.614664 ], [ -122.07145, 37.613278 ], [ -122.071663, 37.613284 ], [ -122.077932, 37.613476 ], [ -122.080259, 37.611531 ], [ -122.083905, 37.609872 ], [ -122.085528, 37.609299 ], [ -122.086833, 37.608629 ], [ -122.087429, 37.608193 ], [ -122.087517, 37.608127 ], [ -122.090719, 37.601356 ], [ -122.091271, 37.599996 ], [ -122.090934, 37.594169 ], [ -122.091329, 37.594051 ], [ -122.091591, 37.592741 ], [ -122.091606, 37.592604 ], [ -122.091968, 37.592561 ], [ -122.091495, 37.589052 ], [ -122.091659, 37.585046 ], [ -122.09676, 37.582982 ], [ -122.094586, 37.579419 ], [ -122.091561, 37.579678 ], [ -122.089995, 37.578484 ], [ -122.086804, 37.578385 ], [ -122.085914, 37.574151 ], [ -122.083137, 37.57529 ], [ -122.085549, 37.573349 ], [ -122.083626, 37.569684 ], [ -122.084326, 37.568039 ], [ -122.089358, 37.564521 ], [ -122.090786, 37.564662 ], [ -122.090625, 37.566317 ], [ -122.091714, 37.567386 ], [ -122.095165, 37.566722 ], [ -122.095488, 37.565037 ], [ -122.092702, 37.563019 ], [ -122.094929, 37.562002 ], [ -122.097071, 37.564271 ], [ -122.100594, 37.564673 ], [ -122.10122, 37.562636 ], [ -122.102304, 37.562194 ], [ -122.104359, 37.563919 ], [ -122.107304, 37.56137 ], [ -122.109633, 37.560443 ], [ -122.111083, 37.561384 ], [ -122.110133, 37.565549 ], [ -122.120875, 37.569042 ], [ -122.124308, 37.569175 ], [ -122.126458, 37.568529 ], [ -122.128803, 37.566851 ], [ -122.132079081171, 37.562077759924499 ], [ -122.132396742885007, 37.562216752091402 ], [ -122.133924, 37.562885 ], [ -122.136184, 37.568187 ], [ -122.144396, 37.581866 ], [ -122.147014, 37.588411 ], [ -122.14688, 37.599454 ], [ -122.146704905986994, 37.602126540738297 ], [ -122.146550443793004, 37.604484168491901 ], [ -122.14636, 37.607391 ], [ -122.150614991235003, 37.618502475324398 ], [ -122.150820077790996, 37.619038037931901 ], [ -122.151396, 37.620542 ], [ -122.152062559803994, 37.629466054582402 ], [ -122.152986959334001, 37.641842126192898 ], [ -122.152993, 37.641923 ], [ -122.155982020083997, 37.6511319860914 ], [ -122.156173463445995, 37.651721811253303 ], [ -122.160105627598995, 37.6638365659161 ], [ -122.160369, 37.664648 ], [ -122.161327300818002, 37.666311550741703 ], [ -122.162047022153004, 37.667560942307702 ] ] ] } },
{ "type": "Feature", "properties": { "STATEFP20": "06", "PUMACE20": "08512", "AFFGEOID20": "795P200US0608512", "GEOID20": "0608512", "NAMELSAD20": "Santa Clara County (Central)--San Jose City (Southwest/Almaden Valley) PUMA", "STUSPS20": "CA", "ST_NAME20": "California", "LSAD20": "P0", "ALAND20": 98354841, "AWATER20": 1976475, "puma_geoid": "0608512", "display": "San Jose City (Southwest/Almaden Valley) (Santa Clara Co., Central)", "place": "San Jose City (Southwest/Almaden Valley)", "NAME": "Santa Clara County (Central)--San Jose City (Southwest/Almaden Valley) PUMA; California", "total_housing_units": 39579, "occupied_units": 38607, "vacant_units": 972, "vacancy_rate": 0.024558477980747302, "median_gross_rent": 3082, "median_gross_rent_display": "$3,082", "median_home_value": 1346900, "median_home_value_display": "$1,346,900", "home_value_topcoded": false, "county": "Santa Clara", "subregion": "Central", "city": "Bay Area" }, "geometry": { "type": "Polygon", "coordinates": [ [ [ -121.912442, 37.2169 ], [ -121.908939, 37.218167 ], [ -121.909199, 37.220178 ], [ -121.906982, 37.221925 ], [ -121.90667, 37.222188 ], [ -121.905542, 37.224378 ], [ -121.905747, 37.225356 ], [ -121.903732, 37.226181 ], [ -121.903918, 37.226543 ], [ -121.90414, 37.22756 ], [ -121.904565, 37.229018 ], [ -121.903477, 37.233844 ], [ -121.903468, 37.234168 ], [ -121.903523, 37.236363 ], [ -121.903557, 37.236911 ], [ -121.903561, 37.237189 ], [ -121.903476, 37.239058 ], [ -121.903796, 37.240136 ], [ -121.901641, 37.241115 ], [ -121.891973, 37.245519 ], [ -121.889996, 37.246264 ], [ -121.888526, 37.246059 ], [ -121.887697, 37.245919 ], [ -121.887093, 37.245813 ], [ -121.884577, 37.247267 ], [ -121.882424, 37.248421 ], [ -121.880496, 37.249359 ], [ -121.877446, 37.250589 ], [ -121.875315, 37.250817 ], [ -121.874507, 37.250839 ], [ -121.870167, 37.250475 ], [ -121.86655, 37.25041 ], [ -121.858876, 37.250358 ], [ -121.854426, 37.250315 ], [ -121.849651, 37.250502 ], [ -121.846752, 37.250573 ], [ -121.84181, 37.250617 ], [ -121.839743, 37.250541 ], [ -121.83651, 37.250723 ], [ -121.829988, 37.247493 ], [ -121.829969, 37.248048 ], [ -121.830838, 37.251288 ], [ -121.825074, 37.251398 ], [ -121.821818, 37.251426 ], [ -121.817494, 37.251459 ], [ -121.812841, 37.251494 ], [ -121.809802, 37.25125 ], [ -121.808862, 37.251543 ], [ -121.80723, 37.251705 ], [ -121.804024, 37.251476 ], [ -121.803656, 37.253115 ], [ -121.802085, 37.254839 ], [ -121.802898, 37.25533 ], [ -121.80249, 37.255625 ], [ -121.792408, 37.249631 ], [ -121.786095, 37.245854 ], [ -121.777991, 37.240985 ], [ -121.773072, 37.238033 ], [ -121.768882, 37.235536 ], [ -121.768706, 37.235438 ], [ -121.751149, 37.226434 ], [ -121.747773, 37.223945 ], [ -121.746942, 37.222715 ], [ -121.748378, 37.222133 ], [ -121.751064, 37.221645 ], [ -121.756217, 37.220208 ], [ -121.758865, 37.218744 ], [ -121.758672, 37.217763 ], [ -121.758941, 37.217544 ], [ -121.759881, 37.217316 ], [ -121.761311, 37.216586 ], [ -121.762803, 37.217724 ], [ -121.764792, 37.215917 ], [ -121.765077, 37.21539 ], [ -121.765885, 37.214519 ], [ -121.768031, 37.217012 ], [ -121.770862, 37.217377 ], [ -121.770934, 37.21633 ], [ -121.772762, 37.213142 ], [ -121.775662, 37.212243 ], [ -121.778225, 37.208188 ], [ -121.779561, 37.207244 ], [ -121.779761, 37.205144 ], [ -121.778574, 37.202815 ], [ -121.778474, 37.202212 ], [ -121.778209, 37.201086 ], [ -121.777691, 37.200061 ], [ -121.777062, 37.19865 ], [ -121.777127, 37.198367 ], [ -121.77692, 37.197973 ], [ -121.77692, 37.197722 ], [ -121.777138, 37.197326 ], [ -121.777461, 37.19712 ], [ -121.778861, 37.196606 ], [ -121.779669, 37.196428 ], [ -121.779534, 37.195722 ], [ -121.774473, 37.193175 ], [ -121.769663, 37.191876 ], [ -121.768661, 37.192145 ], [ -121.767125, 37.192067 ], [ -121.764561, 37.190187 ], [ -121.762964, 37.190831 ], [ -121.763827, 37.188953 ], [ -121.759783, 37.186176 ], [ -121.759358, 37.184823 ], [ -121.760328, 37.18279 ], [ -121.76169, 37.182238 ], [ -121.761182, 37.181659 ], [ -121.761627, 37.180841 ], [ -121.765438, 37.180332 ], [ -121.763847, 37.177507 ], [ -121.764046, 37.177535 ], [ -121.764479, 37.178057 ], [ -121.764918, 37.178382 ], [ -121.765926, 37.179646 ], [ -121.766157, 37.179649 ], [ -121.76686, 37.179278 ], [ -121.766968, 37.178355 ], [ -121.767417, 37.178196 ], [ -121.767819, 37.178731 ], [ -121.768158, 37.179092 ], [ -121.770084, 37.179819 ], [ -121.770342, 37.179565 ], [ -121.770898, 37.17968 ], [ -121.770829, 37.180213 ], [ -121.771625, 37.180368 ], [ -121.772263, 37.181137 ], [ -121.772785, 37.181121 ], [ -121.773259, 37.181346 ], [ -121.773767, 37.181407 ], [ -121.773403, 37.181753 ], [ -121.772984, 37.181901 ], [ -121.773093, 37.183247 ], [ -121.774494, 37.182978 ], [ -121.776732, 37.183891 ], [ -121.776218, 37.182528 ], [ -121.77838, 37.183326 ], [ -121.782041, 37.182656 ], [ -121.784301, 37.180773 ], [ -121.782666, 37.181206 ], [ -121.782447, 37.179536 ], [ -121.779818, 37.179162 ], [ -121.781823, 37.17858 ], [ -121.784947, 37.178998 ], [ -121.785339, 37.178839 ], [ -121.785751, 37.178323 ], [ -121.785662, 37.178026 ], [ -121.785312, 37.177592 ], [ -121.785449, 37.177158 ], [ -121.78512, 37.176383 ], [ -121.785257, 37.175608 ], [ -121.784969, 37.175218 ], [ -121.784695, 37.17518 ], [ -121.784777, 37.174812 ], [ -121.785169, 37.17468 ], [ -121.785484, 37.174345 ], [ -121.785533, 37.174064 ], [ -121.785938, 37.173949 ], [ -121.786398, 37.173554 ], [ -121.786583, 37.173257 ], [ -121.78725, 37.172713 ], [ -121.787408, 37.172653 ], [ -121.787779, 37.172158 ], [ -121.791115, 37.172604 ], [ -121.794823, 37.171869 ], [ -121.796643, 37.172134 ], [ -121.798627, 37.171048 ], [ -121.799777, 37.168192 ], [ -121.802647, 37.166432 ], [ -121.803008, 37.165005 ], [ -121.801999, 37.164282 ], [ -121.800915, 37.160216 ], [ -121.798725, 37.157053 ], [ -121.79975, 37.15641 ], [ -121.799347, 37.155432 ], [ -121.801953, 37.156389 ], [ -121.802866, 37.154459 ], [ -121.804999, 37.15308 ], [ -121.807921, 37.152672 ], [ -121.809618, 37.153138 ], [ -121.811235, 37.152877 ], [ -121.812849, 37.153933 ], [ -121.813414, 37.152338 ], [ -121.814766, 37.151767 ], [ -121.814497, 37.150202 ], [ -121.815771, 37.148874 ], [ -121.815577, 37.14645 ], [ -121.816816, 37.143991 ], [ -121.817205, 37.142667 ], [ -121.823771, 37.13855 ], [ -121.820767, 37.143976 ], [ -121.822998, 37.145228 ], [ -121.822882, 37.147052 ], [ -121.821049, 37.150107 ], [ -121.822882, 37.152651 ], [ -121.826672, 37.156612 ], [ -121.829329, 37.158513 ], [ -121.830236, 37.161199 ], [ -121.831135, 37.162013 ], [ -121.831363, 37.162445 ], [ -121.837018, 37.162602 ], [ -121.839967, 37.162843 ], [ -121.842752, 37.16087 ], [ -121.844602, 37.161687 ], [ -121.845318, 37.162315 ], [ -121.85215, 37.165504 ], [ -121.854303, 37.165313 ], [ -121.85849, 37.167407 ], [ -121.859284, 37.168617 ], [ -121.860725, 37.169588 ], [ -121.863627, 37.175296 ], [ -121.863326, 37.176123 ], [ -121.86593, 37.17846 ], [ -121.86365, 37.17993 ], [ -121.86665, 37.18185 ], [ -121.8696, 37.18271 ], [ -121.873524, 37.181133 ], [ -121.871306, 37.184527 ], [ -121.873274, 37.19289 ], [ -121.87296, 37.195114 ], [ -121.878279, 37.198594 ], [ -121.880084, 37.198476 ], [ -121.88384, 37.201823 ], [ -121.889094, 37.203259 ], [ -121.893395, 37.204004 ], [ -121.896, 37.20503 ], [ -121.897038, 37.206555 ], [ -121.899149, 37.206764 ], [ -121.89985, 37.20675 ], [ -121.904995, 37.21098 ], [ -121.90552, 37.21101 ], [ -121.90601, 37.21091 ], [ -121.90671, 37.21059 ], [ -121.90696, 37.21061 ], [ -121.90859, 37.21177 ], [ -121.90924, 37.21203 ], [ -121.90937, 37.21218 ], [ -121.909428, 37.212653 ], [ -121.910917, 37.212848 ], [ -121.91105, 37.21312 ], [ -121.912428, 37.213567 ], [ -121.912993, 37.216069 ], [ -121.912442, 37.2169 ] ] ] } },
{ "type": "Feature", "properties": { "STATEFP20": "06", "PUMACE20": "00114", "AFFGEOID20": "795P200US0600114", "GEOID20": "0600114", "NAMELSAD20": "Alameda County (West)--San Leandro, Alameda, Emeryville & Piedmont Cities PUMA", "STUSPS20": "CA", "ST_NAME20": "California", "LSAD20": "P0", "ALAND20": 71443183, "AWATER20": 157068700, "puma_geoid": "0600114", "display": "San Leandro, Alameda, Emeryville & Piedmont (Alameda Co., West)", "place": "San Leandro, Alameda, Emeryville & Piedmont Cities", "NAME": "Alameda County (West)--San Leandro, Alameda, Emeryville & Piedmont Cities PUMA; California", "total_housing_units": 77294, "occupied_units": 72509, "vacant_units": 4785, "vacancy_rate": 0.061906486920071398, "median_gross_rent": 2361, "median_gross_rent_display": "$2,361", "median_home_value": 947700, "median_home_value_display": "$947,700", "home_value_topcoded": false, "county": "Alameda", "subregion": "West", "city": "Bay Area" }, "geometry": { "type": "MultiPolygon", "coordinates": [ [ [ [ -122.209726, 37.711087 ], [ -122.202097, 37.713021 ], [ -122.197028, 37.715829 ], [ -122.194265, 37.715912 ], [ -122.194714, 37.717538 ], [ -122.193401, 37.717829 ], [ -122.192905, 37.716726 ], [ -122.189138, 37.717812 ], [ -122.196747, 37.724133 ], [ -122.197746, 37.725171 ], [ -122.198055, 37.726227 ], [ -122.196137, 37.726007 ], [ -122.191927, 37.727288 ], [ -122.190299, 37.728858 ], [ -122.186459, 37.727589 ], [ -122.18442, 37.726116 ], [ -122.183312, 37.725566 ], [ -122.181916, 37.725372 ], [ -122.180226, 37.725738 ], [ -122.175802, 37.725231 ], [ -122.174341, 37.72665 ], [ -122.170401, 37.727756 ], [ -122.17043, 37.727836 ], [ -122.17404, 37.73119 ], [ -122.170497, 37.731869 ], [ -122.170097, 37.732056 ], [ -122.171556, 37.734996 ], [ -122.165472, 37.737689 ], [ -122.16416, 37.73594 ], [ -122.160502, 37.737607 ], [ -122.160074, 37.737691 ], [ -122.155119, 37.739082 ], [ -122.148725, 37.740859 ], [ -122.14767, 37.741138 ], [ -122.146051, 37.742802 ], [ -122.144044, 37.740307 ], [ -122.141134, 37.737767 ], [ -122.140772, 37.737282 ], [ -122.140243, 37.736051 ], [ -122.139886, 37.73447 ], [ -122.138977, 37.730932 ], [ -122.138752, 37.730947 ], [ -122.136693, 37.731867 ], [ -122.134438, 37.734305 ], [ -122.132624, 37.733911 ], [ -122.130491, 37.73277 ], [ -122.132345, 37.731726 ], [ -122.131227, 37.730427 ], [ -122.127244, 37.729827 ], [ -122.12649, 37.727585 ], [ -122.123229, 37.727038 ], [ -122.120888, 37.728256 ], [ -122.119313, 37.729046 ], [ -122.117056, 37.726381 ], [ -122.113765, 37.724205 ], [ -122.112922, 37.722574 ], [ -122.110039, 37.721676 ], [ -122.10974, 37.719827 ], [ -122.105253, 37.715747 ], [ -122.104695, 37.714756 ], [ -122.107991, 37.713275 ], [ -122.11034, 37.712883 ], [ -122.115751, 37.714237 ], [ -122.117433, 37.716801 ], [ -122.119704, 37.71782 ], [ -122.121384, 37.717184 ], [ -122.121765, 37.716061 ], [ -122.120667, 37.711546 ], [ -122.122551, 37.708533 ], [ -122.124259, 37.709833 ], [ -122.126469, 37.708011 ], [ -122.129285, 37.705855 ], [ -122.127095, 37.704304 ], [ -122.124559, 37.702507 ], [ -122.123695, 37.701926 ], [ -122.123668, 37.698483 ], [ -122.12437, 37.698333 ], [ -122.125252, 37.698258 ], [ -122.128359, 37.6982 ], [ -122.128532, 37.698137 ], [ -122.129535, 37.697456 ], [ -122.130032, 37.697097 ], [ -122.130061, 37.692755 ], [ -122.129883, 37.692596 ], [ -122.129655, 37.692398 ], [ -122.128145, 37.69106 ], [ -122.128406, 37.691072 ], [ -122.130131, 37.69112 ], [ -122.130141, 37.690798 ], [ -122.130104, 37.686737 ], [ -122.130097, 37.686622 ], [ -122.130036, 37.685358 ], [ -122.130022, 37.685112 ], [ -122.129, 37.684386 ], [ -122.129987, 37.684453 ], [ -122.131033, 37.685069 ], [ -122.133815, 37.684514 ], [ -122.138716, 37.684782 ], [ -122.140724, 37.684094 ], [ -122.143805, 37.681719 ], [ -122.14498, 37.679724 ], [ -122.151143, 37.676795 ], [ -122.154719, 37.675163 ], [ -122.154468, 37.674886 ], [ -122.15434, 37.674744 ], [ -122.15232, 37.672564 ], [ -122.155061, 37.671141 ], [ -122.162047022153004, 37.667560942307702 ], [ -122.164743164729998, 37.672241278479 ], [ -122.167587, 37.677178 ], [ -122.177669, 37.682841 ], [ -122.184063819189006, 37.690976149866401 ], [ -122.184092, 37.691012 ], [ -122.187263, 37.690304 ], [ -122.189363325543994, 37.691906693865903 ], [ -122.191940275109999, 37.693873084873204 ], [ -122.192992496833995, 37.6946760029291 ], [ -122.193144119579998, 37.694791701586098 ], [ -122.194092, 37.695515 ], [ -122.194248645824999, 37.695714789624603 ], [ -122.201546, 37.705022 ], [ -122.204161, 37.711603 ], [ -122.209187112470005, 37.710012817523598 ], [ -122.209726, 37.711087 ] ] ], [ [ [ -122.249295, 37.823722 ], [ -122.248118, 37.824815 ], [ -122.24768, 37.826241 ], [ -122.245476, 37.827538 ], [ -122.243358, 37.829833 ], [ -122.243288, 37.830063 ], [ -122.241087, 37.830439 ], [ -122.237048, 37.830823 ], [ -122.237127, 37.831032 ], [ -122.231385, 37.831458 ], [ -122.230793, 37.832716 ], [ -122.22701, 37.832664 ], [ -122.225391, 37.831283 ], [ -122.225156, 37.831085 ], [ -122.224456, 37.830256 ], [ -122.222369, 37.827658 ], [ -122.222161, 37.82724 ], [ -122.221614, 37.826802 ], [ -122.221724, 37.826732 ], [ -122.221116, 37.825912 ], [ -122.219642, 37.824511 ], [ -122.214439, 37.821273 ], [ -122.214391, 37.821245 ], [ -122.214332, 37.821209 ], [ -122.214119, 37.821089 ], [ -122.212238, 37.819907 ], [ -122.21215, 37.819852 ], [ -122.211458, 37.819419 ], [ -122.210251, 37.818655 ], [ -122.210178, 37.818613 ], [ -122.212469, 37.816722 ], [ -122.212751, 37.816127 ], [ -122.212968, 37.814913 ], [ -122.213204, 37.814506 ], [ -122.214183, 37.813047 ], [ -122.214677, 37.812688 ], [ -122.215174, 37.812276 ], [ -122.216677, 37.812829 ], [ -122.217935, 37.812891 ], [ -122.219885, 37.813333 ], [ -122.220433, 37.813439 ], [ -122.221714, 37.813669 ], [ -122.224011, 37.81435 ], [ -122.225227, 37.814358 ], [ -122.225234, 37.814605 ], [ -122.225988, 37.814782 ], [ -122.227109, 37.815045 ], [ -122.232245, 37.816194 ], [ -122.233296, 37.816492 ], [ -122.233938, 37.816644 ], [ -122.234659, 37.816799 ], [ -122.234903, 37.816864 ], [ -122.23507, 37.816849 ], [ -122.235137, 37.816892 ], [ -122.235251, 37.817008 ], [ -122.235694, 37.816952 ], [ -122.238181, 37.817381 ], [ -122.239021, 37.817592 ], [ -122.23931, 37.817841 ], [ -122.241278, 37.818153 ], [ -122.241683, 37.818437 ], [ -122.24185, 37.818475 ], [ -122.243662, 37.818847 ], [ -122.243672, 37.818857 ], [ -122.243742, 37.818931 ], [ -122.244023, 37.818993 ], [ -122.244206, 37.819034 ], [ -122.244722, 37.819119 ], [ -122.245164, 37.819354 ], [ -122.247573, 37.821569 ], [ -122.24939, 37.822846 ], [ -122.249295, 37.823722 ] ] ], [ [ [ -122.315392876399997, 37.838476819369703 ], [ -122.314195, 37.842311 ], [ -122.31329, 37.842200188611201 ], [ -122.299233, 37.840479 ], [ -122.300952657435005, 37.845742002081103 ], [ -122.301134, 37.846297 ], [ -122.301161573409999, 37.847362399484197 ], [ -122.301029, 37.847391 ], [ -122.298817, 37.847917 ], [ -122.295046, 37.848706 ], [ -122.292324, 37.849264 ], [ -122.291373, 37.849482 ], [ -122.288739, 37.849991 ], [ -122.287866, 37.846907 ], [ -122.287499, 37.845772 ], [ -122.286714, 37.843345 ], [ -122.285576, 37.839778 ], [ -122.284494, 37.83672 ], [ -122.281963, 37.837181 ], [ -122.281649, 37.836692 ], [ -122.27622, 37.836818 ], [ -122.275638, 37.836447 ], [ -122.275896, 37.835661 ], [ -122.27641, 37.834279 ], [ -122.277204, 37.832216 ], [ -122.277556, 37.831276 ], [ -122.278343, 37.828522 ], [ -122.277873, 37.826951 ], [ -122.278707, 37.827151 ], [ -122.28089, 37.827675 ], [ -122.28095, 37.827689 ], [ -122.282384, 37.828033 ], [ -122.2874, 37.829215 ], [ -122.287998, 37.829379 ], [ -122.288138, 37.829414 ], [ -122.288904, 37.829599 ], [ -122.290059, 37.829874 ], [ -122.290863, 37.830067 ], [ -122.291029, 37.830107 ], [ -122.293304, 37.830653 ], [ -122.293391, 37.830674 ], [ -122.294033, 37.830608 ], [ -122.297115883456001, 37.831217674031201 ], [ -122.297393852697994, 37.8327544969626 ], [ -122.297631155957006, 37.834066487773399 ], [ -122.298044, 37.836349 ], [ -122.303128700100999, 37.836480748623103 ], [ -122.303799676929998, 37.836498134166398 ], [ -122.315913, 37.836812 ], [ -122.315392876399997, 37.838476819369703 ] ] ], [ [ [ -122.333001177211003, 37.799054386056 ], [ -122.328507, 37.797493 ], [ -122.315064, 37.794579 ], [ -122.312606, 37.794048 ], [ -122.305802, 37.792572 ], [ -122.30104, 37.791954 ], [ -122.294801, 37.792163 ], [ -122.285971, 37.793616 ], [ -122.284396, 37.793597 ], [ -122.278243, 37.793129 ], [ -122.276005, 37.792175 ], [ -122.274709, 37.791511 ], [ -122.274225, 37.791259 ], [ -122.268544, 37.787934 ], [ -122.260056, 37.784489 ], [ -122.256889, 37.785677 ], [ -122.253958, 37.786779 ], [ -122.251332, 37.786881 ], [ -122.246591, 37.784679 ], [ -122.245219, 37.783033 ], [ -122.244817, 37.779123 ], [ -122.243536, 37.776278 ], [ -122.240498, 37.773732 ], [ -122.236566, 37.771731 ], [ -122.236488, 37.771696 ], [ -122.230205, 37.768977 ], [ -122.226583, 37.766934 ], [ -122.224904, 37.764563 ], [ -122.224213, 37.762813 ], [ -122.223647, 37.756926 ], [ -122.223481, 37.754702 ], [ -122.223377, 37.748036 ], [ -122.2265, 37.74808 ], [ -122.226508, 37.747884 ], [ -122.2266, 37.745501 ], [ -122.226492, 37.745037 ], [ -122.226443, 37.734387 ], [ -122.226768, 37.727657 ], [ -122.228343, 37.727729 ], [ -122.236181, 37.719851 ], [ -122.245039, 37.725798 ], [ -122.248462433745004, 37.7278688915301 ], [ -122.248487328517001, 37.7278947076043 ], [ -122.255314302982001, 37.734974333879897 ], [ -122.255989, 37.735674 ], [ -122.258774956593001, 37.7378794789986 ], [ -122.260966, 37.739614 ], [ -122.261061974770001, 37.740119987603897 ], [ -122.261431144195001, 37.742066281948098 ], [ -122.261679, 37.743373 ], [ -122.261134771404997, 37.743617450927097 ], [ -122.252226, 37.747619 ], [ -122.250733697558005, 37.7481667372438 ], [ -122.248490684266997, 37.748990016683102 ], [ -122.244938, 37.750294 ], [ -122.243947, 37.751779 ], [ -122.250561707781003, 37.754080827455397 ], [ -122.257007371748003, 37.756323829985703 ], [ -122.261136523461005, 37.757760718068099 ], [ -122.262113702855999, 37.7581007630762 ], [ -122.264503275633999, 37.758932301582497 ], [ -122.271905, 37.761508 ], [ -122.274989, 37.765736 ], [ -122.275370001547998, 37.765943081076898 ], [ -122.278824881868005, 37.7678208696098 ], [ -122.279401, 37.768134 ], [ -122.279871788424003, 37.7675851959415 ], [ -122.282570938258004, 37.764438762625197 ], [ -122.28307, 37.763857 ], [ -122.283648489767003, 37.763930114408403 ], [ -122.289012, 37.764608 ], [ -122.288942973445998, 37.765812032811397 ], [ -122.288884556151004, 37.766831007902198 ], [ -122.288775, 37.768742 ], [ -122.290816354224006, 37.769404359189402 ], [ -122.291510624606005, 37.769629629435101 ], [ -122.29987, 37.772342 ], [ -122.303170312038006, 37.774236157747097 ], [ -122.30643, 37.776107 ], [ -122.308883341794996, 37.776241212066502 ], [ -122.315387, 37.776597 ], [ -122.317767, 37.77968 ], [ -122.328024583922002, 37.781372824816799 ], [ -122.331615467305994, 37.787069568243503 ], [ -122.33094, 37.795137 ], [ -122.331647703951006, 37.796482032138201 ], [ -122.333001177211003, 37.799054386056 ] ] ] ] } },
{ "type": "Feature", "properties": { "STATEFP20": "06", "PUMACE20": "08518", "AFFGEOID20": "795P200US0608518", "GEOID20": "0608518", "NAMELSAD20": "Santa Clara County (Northwest)--San Jose (Berryessa) & Milpitas Cities PUMA", "STUSPS20": "CA", "ST_NAME20": "California", "LSAD20": "P0", "ALAND20": 54690063, "AWATER20": 119350, "puma_geoid": "0608518", "display": "San Jose (Berryessa) & Milpitas (Santa Clara Co., Northwest)", "place": "San Jose (Berryessa) & Milpitas Cities", "NAME": "Santa Clara County (Northwest)--San Jose (Berryessa) & Milpitas Cities PUMA; California", "total_housing_units": 34270, "occupied_units": 32885, "vacant_units": 1385, "vacancy_rate": 0.040414356580099203, "median_gross_rent": 3129, "median_gross_rent_display": "$3,129", "median_home_value": 1191700, "median_home_value_display": "$1,191,700", "home_value_topcoded": false, "county": "Santa Clara", "subregion": "Northwest", "city": "Bay Area" }, "geometry": { "type": "Polygon", "coordinates": [ [ [ -121.923001, 37.455296 ], [ -121.917265, 37.458391 ], [ -121.917097, 37.458473 ], [ -121.912652, 37.46065 ], [ -121.911332, 37.462236 ], [ -121.903917, 37.46454 ], [ -121.898842, 37.465954 ], [ -121.898306, 37.466661 ], [ -121.894992, 37.467544 ], [ -121.891386, 37.46785 ], [ -121.890759, 37.468038 ], [ -121.889352, 37.470102 ], [ -121.885966, 37.471375 ], [ -121.882603, 37.470554 ], [ -121.880251, 37.471548 ], [ -121.877236, 37.475227 ], [ -121.874612, 37.475767 ], [ -121.874009, 37.477407 ], [ -121.871047, 37.479241 ], [ -121.870115, 37.480729 ], [ -121.869934, 37.48168 ], [ -121.865267, 37.484637 ], [ -121.863422, 37.484617 ], [ -121.855762, 37.484537 ], [ -121.85529, 37.48307 ], [ -121.85209, 37.48048 ], [ -121.85108, 37.47652 ], [ -121.84806, 37.47145 ], [ -121.84683, 37.46849 ], [ -121.8466, 37.4663 ], [ -121.84491, 37.46556 ], [ -121.84494, 37.4625 ], [ -121.84351, 37.46187 ], [ -121.84328, 37.46031 ], [ -121.84219, 37.45986 ], [ -121.84223, 37.45844 ], [ -121.8434, 37.45692 ], [ -121.84076, 37.45483 ], [ -121.84138, 37.45415 ], [ -121.84106, 37.45227 ], [ -121.83987, 37.45175 ], [ -121.84045, 37.45054 ], [ -121.84212, 37.45011 ], [ -121.84041, 37.44802 ], [ -121.83915, 37.44764 ], [ -121.84062, 37.44439 ], [ -121.83744, 37.44314 ], [ -121.83603, 37.44211 ], [ -121.83477, 37.43848 ], [ -121.83247, 37.43834 ], [ -121.82898, 37.43972 ], [ -121.82521, 37.439846 ], [ -121.82158, 37.43885 ], [ -121.81937, 37.43791 ], [ -121.819092, 37.437454 ], [ -121.8199, 37.43548 ], [ -121.82108, 37.4351 ], [ -121.824576, 37.432529 ], [ -121.823473, 37.431895 ], [ -121.825657, 37.431592 ], [ -121.827992, 37.432109 ], [ -121.830893, 37.431817 ], [ -121.832766, 37.429883 ], [ -121.832918, 37.429163 ], [ -121.830657, 37.426438 ], [ -121.830237, 37.425213 ], [ -121.831159, 37.423153 ], [ -121.832117, 37.423065 ], [ -121.832689, 37.423158 ], [ -121.833929, 37.422878 ], [ -121.834225, 37.422653 ], [ -121.835368, 37.42229 ], [ -121.836147, 37.421784 ], [ -121.837387, 37.421581 ], [ -121.8378, 37.421339 ], [ -121.838931, 37.421339 ], [ -121.841719, 37.420948 ], [ -121.843273, 37.419494 ], [ -121.845037, 37.419452 ], [ -121.847022, 37.41854 ], [ -121.84828, 37.419927 ], [ -121.849737, 37.420342 ], [ -121.850578, 37.421572 ], [ -121.851198, 37.42199 ], [ -121.852528, 37.421846 ], [ -121.852996, 37.421901 ], [ -121.853616, 37.421384 ], [ -121.85445, 37.420961 ], [ -121.85447, 37.420263 ], [ -121.854931, 37.419598 ], [ -121.854983, 37.41918 ], [ -121.855134, 37.418345 ], [ -121.854145, 37.417013 ], [ -121.853168, 37.416367 ], [ -121.852459, 37.415374 ], [ -121.851493, 37.413156 ], [ -121.848481, 37.409935 ], [ -121.846415, 37.407557 ], [ -121.849752, 37.405577 ], [ -121.84918, 37.404309 ], [ -121.846925, 37.399793 ], [ -121.857009, 37.395186 ], [ -121.859413, 37.394099 ], [ -121.856207, 37.389684 ], [ -121.858442, 37.388594 ], [ -121.860561, 37.386558 ], [ -121.861778, 37.38579 ], [ -121.862864, 37.38467 ], [ -121.87203, 37.393108 ], [ -121.873808, 37.395275 ], [ -121.874826, 37.397166 ], [ -121.875412, 37.398811 ], [ -121.875559, 37.39924 ], [ -121.877501, 37.405584 ], [ -121.882117, 37.40332 ], [ -121.887876, 37.406952 ], [ -121.890448, 37.404335 ], [ -121.89058, 37.403313 ], [ -121.89226, 37.403411 ], [ -121.895821, 37.403741 ], [ -121.897746, 37.404132 ], [ -121.898682, 37.404091 ], [ -121.902863, 37.404407 ], [ -121.905633, 37.404322 ], [ -121.908901, 37.401725 ], [ -121.91104, 37.410113 ], [ -121.912926, 37.415552 ], [ -121.916383, 37.425772 ], [ -121.918201, 37.430066 ], [ -121.919058, 37.435517 ], [ -121.919898, 37.440032 ], [ -121.922671, 37.453645 ], [ -121.923001, 37.455296 ] ] ] } },
{ "type": "Feature", "properties": { "STATEFP20": "06", "PUMACE20": "07507", "AFFGEOID20": "795P200US0607507", "GEOID20": "0607507", "NAMELSAD20": "San Francisco County (South Central)--Bayview & Hunters Point PUMA", "STUSPS20": "CA", "ST_NAME20": "California", "LSAD20": "P0", "ALAND20": 22569935, "AWATER20": 3467272, "puma_geoid": "0607507", "display": "Bayview & Hunters Point (San Francisco Co., South Central)", "place": "Bayview & Hunters Point", "NAME": "San Francisco County (South Central)--Bayview & Hunters Point PUMA; California", "total_housing_units": 35489, "occupied_units": 33464, "vacant_units": 2025, "vacancy_rate": 0.057059934064076098, "median_gross_rent": 1761, "median_gross_rent_display": "$1,761", "median_home_value": 1077300, "median_home_value_display": "$1,077,300", "home_value_topcoded": false, "county": "San Francisco", "subregion": "South Central", "city": "Bay Area" }, "geometry": { "type": "Polygon", "coordinates": [ [ [ -122.452665, 37.708806 ], [ -122.449309, 37.709946 ], [ -122.448377, 37.710373 ], [ -122.446091, 37.711592 ], [ -122.444571, 37.712783 ], [ -122.443706, 37.713592 ], [ -122.441896, 37.715308 ], [ -122.440999, 37.716488 ], [ -122.440418, 37.717245 ], [ -122.440141, 37.717692 ], [ -122.43715, 37.721575 ], [ -122.435977, 37.72313 ], [ -122.435385, 37.723909 ], [ -122.434798, 37.724683 ], [ -122.433982, 37.725762 ], [ -122.433624, 37.726236 ], [ -122.432447, 37.727637 ], [ -122.431801, 37.728249 ], [ -122.431294, 37.72873 ], [ -122.430199, 37.729872 ], [ -122.429304, 37.730742 ], [ -122.428038, 37.732016 ], [ -122.425563, 37.731579 ], [ -122.4207, 37.731955 ], [ -122.419244, 37.73206 ], [ -122.415939, 37.732072 ], [ -122.413493, 37.732864 ], [ -122.410418, 37.734457 ], [ -122.408779, 37.735817 ], [ -122.408217, 37.737612 ], [ -122.407009, 37.738002 ], [ -122.407114, 37.73906 ], [ -122.407062, 37.73957 ], [ -122.40459, 37.744126 ], [ -122.403561, 37.747762 ], [ -122.403784, 37.749433 ], [ -122.402861, 37.749543 ], [ -122.402605, 37.750558 ], [ -122.400217, 37.750753 ], [ -122.396408, 37.751179 ], [ -122.394587, 37.752427 ], [ -122.391231, 37.75263 ], [ -122.38789, 37.752819 ], [ -122.382266933582997, 37.753153656024097 ], [ -122.376561, 37.752073 ], [ -122.376241, 37.748523 ], [ -122.372992392797002, 37.745313639265902 ], [ -122.367798, 37.740182 ], [ -122.368075982459999, 37.739985043817498 ], [ -122.368244, 37.739866 ], [ -122.368276941711002, 37.739864281097297 ], [ -122.37384, 37.739574 ], [ -122.375784470392006, 37.735823949958302 ], [ -122.37587, 37.735659 ], [ -122.375178, 37.734699 ], [ -122.374982, 37.733862 ], [ -122.374609, 37.73288 ], [ -122.373327, 37.733186 ], [ -122.372024, 37.734213 ], [ -122.370077, 37.732788 ], [ -122.369771405991997, 37.732698967780699 ], [ -122.367386, 37.732004 ], [ -122.366161, 37.732844 ], [ -122.364671, 37.731859 ], [ -122.359279, 37.728593 ], [ -122.363647, 37.722072 ], [ -122.362872, 37.718115 ], [ -122.364775, 37.716388 ], [ -122.379289, 37.724302 ], [ -122.379932902700006, 37.723719941983703 ], [ -122.381656297486003, 37.722162073458499 ], [ -122.381900548816006, 37.7219412816453 ], [ -122.383235, 37.720735 ], [ -122.383042056708007, 37.720609029858501 ], [ -122.377476879317001, 37.716975598622703 ], [ -122.376128860246993, 37.716095494674398 ], [ -122.375978, 37.715997 ], [ -122.380064, 37.710869 ], [ -122.379594971355004, 37.710382640042397 ], [ -122.378765, 37.709522 ], [ -122.37939, 37.708663 ], [ -122.381875580843996, 37.708886230058503 ], [ -122.387358890797998, 37.709378686220198 ], [ -122.390947634626997, 37.709700991365501 ], [ -122.391549, 37.709755 ], [ -122.393378981140003, 37.708267569990298 ], [ -122.395107, 37.708339 ], [ -122.404682, 37.708331 ], [ -122.405292, 37.708262 ], [ -122.405365, 37.708255 ], [ -122.406481, 37.708323 ], [ -122.41238, 37.708303 ], [ -122.415182, 37.708231 ], [ -122.416222, 37.708328 ], [ -122.420082, 37.708231 ], [ -122.42389, 37.708236 ], [ -122.425352, 37.708617 ], [ -122.427164, 37.708388 ], [ -122.428082, 37.708431 ], [ -122.430027, 37.708281 ], [ -122.431341, 37.708231 ], [ -122.433382, 37.708232 ], [ -122.434589, 37.708132 ], [ -122.441258, 37.708311 ], [ -122.442079, 37.708231 ], [ -122.444482, 37.708332 ], [ -122.445875, 37.708233 ], [ -122.449751, 37.708213 ], [ -122.4523, 37.708138 ], [ -122.45247, 37.708148 ], [ -122.454356, 37.708232 ], [ -122.452665, 37.708806 ] ] ] } },
{ "type": "Feature", "properties": { "STATEFP20": "06", "PUMACE20": "08516", "AFFGEOID20": "795P200US0608516", "GEOID20": "0608516", "NAMELSAD20": "Santa Clara County (Northwest)--Sunnyvale City PUMA", "STUSPS20": "CA", "ST_NAME20": "California", "LSAD20": "P0", "ALAND20": 44076243, "AWATER20": 0, "puma_geoid": "0608516", "display": "Sunnyvale (Santa Clara Co., Northwest)", "place": "Sunnyvale City", "NAME": "Santa Clara County (Northwest)--Sunnyvale City PUMA; California", "total_housing_units": 64697, "occupied_units": 61300, "vacant_units": 3397, "vacancy_rate": 0.0525062985918976, "median_gross_rent": 3050, "median_gross_rent_display": "$3,050", "median_home_value": 1783300, "median_home_value_display": "$1,783,300", "home_value_topcoded": false, "county": "Santa Clara", "subregion": "Northwest", "city": "Bay Area" }, "geometry": { "type": "Polygon", "coordinates": [ [ [ -122.063638, 37.346968 ], [ -122.064696, 37.348951 ], [ -122.063079, 37.352054 ], [ -122.06061, 37.35204 ], [ -122.061557, 37.354068 ], [ -122.061746, 37.354444 ], [ -122.06279, 37.35743 ], [ -122.063014, 37.35955 ], [ -122.063006, 37.361318 ], [ -122.062938, 37.363604 ], [ -122.06307, 37.36494 ], [ -122.063778, 37.366687 ], [ -122.06256, 37.36866 ], [ -122.0621, 37.368612 ], [ -122.06167, 37.3684 ], [ -122.05766, 37.37429 ], [ -122.058463, 37.374599 ], [ -122.060329, 37.375354 ], [ -122.060276, 37.375516 ], [ -122.059083, 37.379113 ], [ -122.058328, 37.381414 ], [ -122.057985, 37.382395 ], [ -122.057883, 37.383031 ], [ -122.057086, 37.384994 ], [ -122.056931, 37.385452 ], [ -122.052728, 37.384557 ], [ -122.0524, 37.38556 ], [ -122.052311, 37.385744 ], [ -122.05227, 37.38597 ], [ -122.05218, 37.38615 ], [ -122.04968, 37.38587 ], [ -122.04744, 37.38648 ], [ -122.04743, 37.38803 ], [ -122.04742, 37.38887 ], [ -122.047306, 37.389084 ], [ -122.046597, 37.390507 ], [ -122.046351, 37.390266 ], [ -122.044981, 37.394453 ], [ -122.046541, 37.394933 ], [ -122.044979, 37.399822 ], [ -122.047403, 37.401552 ], [ -122.046872, 37.403006 ], [ -122.037361, 37.400906 ], [ -122.035937, 37.400637 ], [ -122.035491, 37.400811 ], [ -122.032916, 37.401676 ], [ -122.02713, 37.40313 ], [ -122.020378, 37.40444 ], [ -122.00964, 37.40689 ], [ -122.006109, 37.407689 ], [ -122.00479, 37.407976 ], [ -122.004686, 37.407999 ], [ -121.995782, 37.409928 ], [ -121.989179, 37.4114 ], [ -121.987577, 37.411822 ], [ -121.986838, 37.412059 ], [ -121.98674, 37.404564 ], [ -121.986991, 37.40364 ], [ -121.987117, 37.402817 ], [ -121.987077, 37.400074 ], [ -121.987023, 37.395973 ], [ -121.987007, 37.39335 ], [ -121.986976, 37.388448 ], [ -121.98697, 37.37778 ], [ -121.986969, 37.37758 ], [ -121.986896, 37.37407 ], [ -121.986926, 37.371817 ], [ -121.987271, 37.370929 ], [ -121.987296, 37.370442 ], [ -121.99297, 37.37041 ], [ -121.9963, 37.37054 ], [ -121.99629, 37.37022 ], [ -121.996311, 37.369476 ], [ -121.996016, 37.366888 ], [ -121.995834, 37.36442 ], [ -121.99581, 37.36183 ], [ -121.995839, 37.360666 ], [ -121.99594, 37.35843 ], [ -121.99633, 37.35218 ], [ -121.9963, 37.35157 ], [ -121.99571, 37.34834 ], [ -121.99564, 37.34547 ], [ -121.995608, 37.341463 ], [ -121.99557, 37.3396 ], [ -121.99554, 37.33787 ], [ -121.99578, 37.33787 ], [ -122.002386, 37.337801 ], [ -122.00537, 37.33777 ], [ -122.0071, 37.33777 ], [ -122.008334, 37.33769 ], [ -122.01416, 37.33774 ], [ -122.016433, 37.337726 ], [ -122.01833, 37.33771 ], [ -122.019621, 37.337704 ], [ -122.022146, 37.337694 ], [ -122.022228, 37.337694 ], [ -122.022368, 37.337694 ], [ -122.022471, 37.337693 ], [ -122.030437, 37.337631 ], [ -122.03239, 37.33761 ], [ -122.03673, 37.33757 ], [ -122.03976, 37.33758 ], [ -122.040302, 37.33758 ], [ -122.04151, 37.33757 ], [ -122.04312, 37.33756 ], [ -122.043708, 37.337554 ], [ -122.043972, 37.337552 ], [ -122.044867, 37.337544 ], [ -122.05006, 37.33754 ], [ -122.050534, 37.33754 ], [ -122.050999, 37.33754 ], [ -122.05495, 37.33752 ], [ -122.05789, 37.33752 ], [ -122.058978, 37.337524 ], [ -122.05948, 37.33753 ], [ -122.059584, 37.33753 ], [ -122.05973, 37.33753 ], [ -122.0624, 37.33754 ], [ -122.062057, 37.338075 ], [ -122.065192, 37.34315 ], [ -122.063638, 37.346968 ] ] ] } },
{ "type": "Feature", "properties": { "STATEFP20": "06", "PUMACE20": "00101", "AFFGEOID20": "795P200US0600101", "GEOID20": "0600101", "NAMELSAD20": "Alameda County (North)--Berkeley & Albany Cities PUMA", "STUSPS20": "CA", "ST_NAME20": "California", "LSAD20": "P0", "ALAND20": 31654341, "AWATER20": 8608712, "puma_geoid": "0600101", "display": "Berkeley & Albany (Alameda Co., North)", "place": "Berkeley & Albany Cities", "NAME": "Alameda County (North)--Berkeley & Albany Cities PUMA; California", "total_housing_units": 60112, "occupied_units": 54435, "vacant_units": 5677, "vacancy_rate": 0.094440377961139202, "median_gross_rent": 2181, "median_gross_rent_display": "$2,181", "median_home_value": 1313300, "median_home_value_display": "$1,313,300", "home_value_topcoded": false, "county": "Alameda", "subregion": "North", "city": "Bay Area" }, "geometry": { "type": "Polygon", "coordinates": [ [ [ -122.326912, 37.889647548398003 ], [ -122.326912, 37.892492 ], [ -122.315439, 37.892231 ], [ -122.311101, 37.89043 ], [ -122.309976926733, 37.892217725001998 ], [ -122.309497, 37.892981 ], [ -122.311399, 37.895794 ], [ -122.312530481444, 37.896760786920602 ], [ -122.311359, 37.89749 ], [ -122.309477, 37.897703 ], [ -122.309261, 37.897728 ], [ -122.308859, 37.897773 ], [ -122.305407, 37.898163 ], [ -122.30218, 37.898525 ], [ -122.301579, 37.898229 ], [ -122.301437, 37.89816 ], [ -122.299648, 37.898098 ], [ -122.296207, 37.898925 ], [ -122.293908, 37.898368 ], [ -122.292655, 37.898338 ], [ -122.291979, 37.898225 ], [ -122.289884, 37.897553 ], [ -122.288169, 37.897835 ], [ -122.287151, 37.898368 ], [ -122.286693, 37.898513 ], [ -122.285895, 37.898801 ], [ -122.283643, 37.899998 ], [ -122.278779, 37.900739 ], [ -122.277282, 37.901721 ], [ -122.27787, 37.90315 ], [ -122.274463, 37.904214 ], [ -122.27108, 37.905824 ], [ -122.270237, 37.904363 ], [ -122.269584, 37.904348 ], [ -122.267643, 37.904246 ], [ -122.267076, 37.904465 ], [ -122.263881, 37.903675 ], [ -122.261248, 37.90113 ], [ -122.260703, 37.899639 ], [ -122.258761, 37.899091 ], [ -122.257113, 37.899856 ], [ -122.256048, 37.898335 ], [ -122.256305, 37.896795 ], [ -122.255701, 37.895904 ], [ -122.255156, 37.896258 ], [ -122.25363, 37.896138 ], [ -122.252679, 37.894987 ], [ -122.252867, 37.893732 ], [ -122.251052, 37.893819 ], [ -122.249145, 37.891128 ], [ -122.250286, 37.889828 ], [ -122.249262, 37.886972 ], [ -122.24691, 37.885355 ], [ -122.246827, 37.884073 ], [ -122.246439, 37.881203 ], [ -122.246333, 37.880231 ], [ -122.245495, 37.872812 ], [ -122.245156, 37.869737 ], [ -122.244991, 37.868353 ], [ -122.244928, 37.867684 ], [ -122.244779, 37.866706 ], [ -122.245338, 37.865986 ], [ -122.244733, 37.865788 ], [ -122.245525, 37.864036 ], [ -122.244404, 37.862663 ], [ -122.244166, 37.861497 ], [ -122.244274, 37.861427 ], [ -122.244235, 37.861066 ], [ -122.244065, 37.860776 ], [ -122.244505, 37.859129 ], [ -122.242347, 37.85761 ], [ -122.241614, 37.857066 ], [ -122.234761, 37.85779 ], [ -122.234305, 37.853607 ], [ -122.234191, 37.852544 ], [ -122.241914, 37.851909 ], [ -122.242526, 37.851871 ], [ -122.243991, 37.851777 ], [ -122.244781, 37.851733 ], [ -122.245537, 37.851691 ], [ -122.246109, 37.851603 ], [ -122.246588, 37.851575 ], [ -122.246618, 37.851619 ], [ -122.247253, 37.851576 ], [ -122.24738, 37.851648 ], [ -122.247501, 37.851571 ], [ -122.249473, 37.851448 ], [ -122.249629, 37.851411 ], [ -122.249981, 37.851294 ], [ -122.25096, 37.851159 ], [ -122.252503, 37.850826 ], [ -122.25331, 37.853466 ], [ -122.253346, 37.85383 ], [ -122.256197, 37.853449 ], [ -122.257251, 37.853176 ], [ -122.259753, 37.852854 ], [ -122.260223, 37.852793 ], [ -122.261829, 37.85258 ], [ -122.262221, 37.852527 ], [ -122.26225, 37.852696 ], [ -122.263429, 37.85255 ], [ -122.263569, 37.852547 ], [ -122.263644, 37.852422 ], [ -122.263608, 37.852296 ], [ -122.266128, 37.852009 ], [ -122.267067, 37.85189 ], [ -122.268965, 37.851616 ], [ -122.268374, 37.848768 ], [ -122.269409, 37.848107 ], [ -122.269226, 37.847201 ], [ -122.269144, 37.84674 ], [ -122.271236, 37.846465 ], [ -122.2758, 37.845867 ], [ -122.276173, 37.847662 ], [ -122.276188, 37.847734 ], [ -122.27746, 37.847564 ], [ -122.277766, 37.847525 ], [ -122.277841, 37.847515 ], [ -122.278944, 37.847367 ], [ -122.281899, 37.846975 ], [ -122.282705, 37.849036 ], [ -122.283459, 37.850307 ], [ -122.286006, 37.850173 ], [ -122.286247, 37.850505 ], [ -122.288739, 37.849991 ], [ -122.291373, 37.849482 ], [ -122.292324, 37.849264 ], [ -122.295046, 37.848706 ], [ -122.298817, 37.847917 ], [ -122.301029, 37.847391 ], [ -122.301161573409999, 37.847362399484197 ], [ -122.301314154590997, 37.853257931188303 ], [ -122.301372, 37.855493 ], [ -122.305406260357998, 37.859793706493299 ], [ -122.306320869535, 37.8607687218067 ], [ -122.308352, 37.862934 ], [ -122.315565567451003, 37.859470782386701 ], [ -122.316409860630003, 37.859065439118098 ], [ -122.316944, 37.858809 ], [ -122.317867877140998, 37.862741453432498 ], [ -122.318124715222993, 37.863834676496801 ], [ -122.318646851584006, 37.866057133176902 ], [ -122.318722, 37.866377 ], [ -122.319245175744996, 37.867015628529202 ], [ -122.325193, 37.874276 ], [ -122.324613735211003, 37.874367458192602 ], [ -122.318663, 37.875307 ], [ -122.316615089001004, 37.873386827403202 ], [ -122.313164, 37.870151 ], [ -122.308787798821996, 37.870835309450598 ], [ -122.308502, 37.87088 ], [ -122.309605933043997, 37.874216556041397 ], [ -122.311445, 37.879775 ], [ -122.312700881823005, 37.881146119917602 ], [ -122.312820832862002, 37.881277077508898 ], [ -122.315622491710002, 37.884335812953999 ], [ -122.316153, 37.884915 ], [ -122.324561090711001, 37.8878823315764 ], [ -122.326912, 37.888712 ], [ -122.326912, 37.889647548398003 ] ] ] } },
{ "type": "Feature", "properties": { "STATEFP20": "06", "PUMACE20": "08505", "AFFGEOID20": "795P200US0608505", "GEOID20": "0608505", "NAMELSAD20": "Santa Clara County (North Central)--San Jose City (East Central) & Alum Rock PUMA", "STUSPS20": "CA", "ST_NAME20": "California", "LSAD20": "P0", "ALAND20": 74243370, "AWATER20": 248252, "puma_geoid": "0608505", "display": "San Jose City (East Central) & Alum Rock (Santa Clara Co., North Central)", "place": "San Jose City (East Central) & Alum Rock", "NAME": "Santa Clara County (North Central)--San Jose City (East Central) & Alum Rock PUMA; California", "total_housing_units": 29708, "occupied_units": 28490, "vacant_units": 1218, "vacancy_rate": 0.040999057492931097, "median_gross_rent": 2659, "median_gross_rent_display": "$2,659", "median_home_value": 1106800, "median_home_value_display": "$1,106,800", "home_value_topcoded": false, "county": "Santa Clara", "subregion": "North Central", "city": "Bay Area" }, "geometry": { "type": "Polygon", "coordinates": [ [ [ -121.861778, 37.38579 ], [ -121.860561, 37.386558 ], [ -121.858442, 37.388594 ], [ -121.856207, 37.389684 ], [ -121.859413, 37.394099 ], [ -121.857009, 37.395186 ], [ -121.846925, 37.399793 ], [ -121.84918, 37.404309 ], [ -121.849752, 37.405577 ], [ -121.846415, 37.407557 ], [ -121.848481, 37.409935 ], [ -121.851493, 37.413156 ], [ -121.852459, 37.415374 ], [ -121.853168, 37.416367 ], [ -121.854145, 37.417013 ], [ -121.855134, 37.418345 ], [ -121.854983, 37.41918 ], [ -121.854931, 37.419598 ], [ -121.85447, 37.420263 ], [ -121.85445, 37.420961 ], [ -121.853616, 37.421384 ], [ -121.852996, 37.421901 ], [ -121.852528, 37.421846 ], [ -121.851198, 37.42199 ], [ -121.850578, 37.421572 ], [ -121.849737, 37.420342 ], [ -121.84828, 37.419927 ], [ -121.847022, 37.41854 ], [ -121.845037, 37.419452 ], [ -121.843273, 37.419494 ], [ -121.841719, 37.420948 ], [ -121.838931, 37.421339 ], [ -121.8378, 37.421339 ], [ -121.837387, 37.421581 ], [ -121.836147, 37.421784 ], [ -121.835368, 37.42229 ], [ -121.834225, 37.422653 ], [ -121.833929, 37.422878 ], [ -121.832689, 37.423158 ], [ -121.832117, 37.423065 ], [ -121.831159, 37.423153 ], [ -121.830237, 37.425213 ], [ -121.830657, 37.426438 ], [ -121.832918, 37.429163 ], [ -121.832766, 37.429883 ], [ -121.830893, 37.431817 ], [ -121.827992, 37.432109 ], [ -121.825657, 37.431592 ], [ -121.823473, 37.431895 ], [ -121.824576, 37.432529 ], [ -121.82108, 37.4351 ], [ -121.8199, 37.43548 ], [ -121.81696, 37.43398 ], [ -121.81304, 37.43338 ], [ -121.81227, 37.43356 ], [ -121.81166, 37.43391 ], [ -121.81067, 37.43416 ], [ -121.80878, 37.43418 ], [ -121.808338, 37.434374 ], [ -121.806237, 37.431954 ], [ -121.791456, 37.415283 ], [ -121.790175, 37.413824 ], [ -121.782526, 37.40501 ], [ -121.781884, 37.404648 ], [ -121.785088, 37.403729 ], [ -121.786436, 37.404212 ], [ -121.787443, 37.404603 ], [ -121.78864, 37.404893 ], [ -121.789014, 37.405354 ], [ -121.789119, 37.405224 ], [ -121.790252, 37.405318 ], [ -121.790927, 37.405235 ], [ -121.791664, 37.404889 ], [ -121.791809, 37.40445 ], [ -121.791782, 37.403959 ], [ -121.791975, 37.403516 ], [ -121.789517, 37.401472 ], [ -121.786555, 37.401059 ], [ -121.78648, 37.398823 ], [ -121.784767, 37.395823 ], [ -121.784058, 37.395433 ], [ -121.78377, 37.391525 ], [ -121.782821, 37.388048 ], [ -121.783049, 37.387076 ], [ -121.779256, 37.384432 ], [ -121.777349, 37.385173 ], [ -121.775063, 37.384881 ], [ -121.774519, 37.383969 ], [ -121.771952, 37.38299 ], [ -121.771581, 37.381836 ], [ -121.768202, 37.377753 ], [ -121.766531, 37.375225 ], [ -121.765369, 37.374939 ], [ -121.764808, 37.373596 ], [ -121.762613, 37.372227 ], [ -121.761823, 37.370035 ], [ -121.760137, 37.370001 ], [ -121.756126, 37.366153 ], [ -121.754103, 37.365454 ], [ -121.753946, 37.363751 ], [ -121.750568, 37.361949 ], [ -121.745891, 37.360707 ], [ -121.7448, 37.359399 ], [ -121.742485, 37.355514 ], [ -121.741031, 37.353779 ], [ -121.732563, 37.339345 ], [ -121.733521, 37.336743 ], [ -121.733161, 37.333741 ], [ -121.735605, 37.332571 ], [ -121.739551, 37.331849 ], [ -121.74192, 37.332055 ], [ -121.743266, 37.331651 ], [ -121.742853, 37.3289 ], [ -121.744552, 37.330412 ], [ -121.745513, 37.329407 ], [ -121.747585, 37.328343 ], [ -121.7479, 37.330697 ], [ -121.75152, 37.331271 ], [ -121.753639, 37.333204 ], [ -121.752732, 37.333275 ], [ -121.759224, 37.336416 ], [ -121.759404, 37.336493 ], [ -121.762487, 37.336368 ], [ -121.763241, 37.336124 ], [ -121.764518, 37.335462 ], [ -121.764607, 37.335325 ], [ -121.765592, 37.33399 ], [ -121.766625, 37.333617 ], [ -121.768247, 37.333023 ], [ -121.769934, 37.332514 ], [ -121.770673, 37.332241 ], [ -121.76875, 37.330763 ], [ -121.767672, 37.331439 ], [ -121.766818, 37.331589 ], [ -121.76618, 37.332132 ], [ -121.764953, 37.332348 ], [ -121.765703, 37.330813 ], [ -121.766232, 37.330538 ], [ -121.766114, 37.329579 ], [ -121.766101, 37.328732 ], [ -121.766361, 37.327736 ], [ -121.77001, 37.325878 ], [ -121.770599, 37.325765 ], [ -121.782141, 37.324967 ], [ -121.787046, 37.324839 ], [ -121.795889, 37.324761 ], [ -121.796957, 37.324918 ], [ -121.800474, 37.325583 ], [ -121.807759, 37.324034 ], [ -121.808441, 37.323855 ], [ -121.809591, 37.326624 ], [ -121.812756, 37.331249 ], [ -121.813986, 37.332913 ], [ -121.81411, 37.333091 ], [ -121.817439, 37.337819 ], [ -121.81998, 37.340597 ], [ -121.820054, 37.340738 ], [ -121.820407, 37.341242 ], [ -121.821967, 37.343463 ], [ -121.822848, 37.344718 ], [ -121.824889, 37.347654 ], [ -121.827006, 37.350833 ], [ -121.827118, 37.351127 ], [ -121.829067, 37.354188 ], [ -121.83008, 37.354993 ], [ -121.830816, 37.355345 ], [ -121.831108, 37.356769 ], [ -121.831667, 37.357576 ], [ -121.833063, 37.359587 ], [ -121.835192, 37.362334 ], [ -121.83596, 37.362975 ], [ -121.838688, 37.365776 ], [ -121.839774, 37.366795 ], [ -121.843013, 37.370077 ], [ -121.846104, 37.368075 ], [ -121.851805, 37.373773 ], [ -121.851841, 37.37381 ], [ -121.854757, 37.376782 ], [ -121.858345, 37.380359 ], [ -121.862864, 37.38467 ], [ -121.861778, 37.38579 ] ] ] } },
{ "type": "Feature", "properties": { "STATEFP20": "06", "PUMACE20": "01301", "AFFGEOID20": "795P200US0601301", "GEOID20": "0601301", "NAMELSAD20": "Contra Costa County (Far Southwest)--Richmond (Southwest) & San Pablo Cities PUMA", "STUSPS20": "CA", "ST_NAME20": "California", "LSAD20": "P0", "ALAND20": 52884338, "AWATER20": 19406513, "puma_geoid": "0601301", "display": "Richmond (Southwest) & San Pablo (Contra Costa Co., Far Southwest)", "place": "Richmond (Southwest) & San Pablo Cities", "NAME": "Contra Costa County (Far Southwest)--Richmond (Southwest) & San Pablo Cities PUMA; California", "total_housing_units": 44811, "occupied_units": 42955, "vacant_units": 1856, "vacancy_rate": 0.041418401731717597, "median_gross_rent": 1849, "median_gross_rent_display": "$1,849", "median_home_value": 603800, "median_home_value_display": "$603,800", "home_value_topcoded": false, "county": "Contra Costa", "subregion": "Far Southwest", "city": "Bay Area" }, "geometry": { "type": "Polygon", "coordinates": [ [ [ -122.42976, 37.965405 ], [ -122.429036840701997, 37.965364788509703 ], [ -122.424067341395997, 37.965088458005603 ], [ -122.418719396704006, 37.964791083931999 ], [ -122.418592, 37.964784 ], [ -122.418475525366006, 37.964754616715403 ], [ -122.417300609148, 37.964458218295597 ], [ -122.417050445976997, 37.964395109141499 ], [ -122.41265, 37.963285 ], [ -122.412235836047003, 37.961986137120199 ], [ -122.411761, 37.960497 ], [ -122.411035289688996, 37.959862594272103 ], [ -122.410031106139996, 37.958984751163896 ], [ -122.409879254380996, 37.958852004496002 ], [ -122.408383, 37.957544 ], [ -122.404068026139996, 37.955423147410897 ], [ -122.402906, 37.954852 ], [ -122.398785195730994, 37.957681976873097 ], [ -122.397235713593005, 37.958746089199103 ], [ -122.395538, 37.959912 ], [ -122.397168234055002, 37.9615057444678 ], [ -122.40148, 37.965721 ], [ -122.401133710422997, 37.967766 ], [ -122.401004, 37.968532 ], [ -122.395514516343994, 37.969440165668203 ], [ -122.388290177491001, 37.970635341195198 ], [ -122.381752, 37.971717 ], [ -122.381622803786996, 37.9717758175562 ], [ -122.381422, 37.971432 ], [ -122.378329, 37.968229 ], [ -122.377946, 37.968561 ], [ -122.375621, 37.96774 ], [ -122.369405, 37.967758 ], [ -122.365226, 37.968604 ], [ -122.363696, 37.968773 ], [ -122.362722, 37.968602 ], [ -122.359969, 37.967827 ], [ -122.358893, 37.967636 ], [ -122.358663, 37.967594 ], [ -122.356387, 37.967181 ], [ -122.353258, 37.978731 ], [ -122.352953, 37.979904 ], [ -122.346711, 37.980761 ], [ -122.346711, 37.981555 ], [ -122.338327, 37.981558 ], [ -122.340632, 37.978874 ], [ -122.341378, 37.977724 ], [ -122.342057, 37.976118 ], [ -122.342828, 37.9737 ], [ -122.343162, 37.972053 ], [ -122.342011, 37.972008 ], [ -122.340078, 37.972277 ], [ -122.337008, 37.969324 ], [ -122.337016, 37.967774 ], [ -122.334537, 37.966838 ], [ -122.33398, 37.966364 ], [ -122.332547, 37.966332 ], [ -122.332535, 37.966706 ], [ -122.328633, 37.967812 ], [ -122.326563, 37.969453 ], [ -122.322189, 37.969607 ], [ -122.322865, 37.967577 ], [ -122.323266, 37.966756 ], [ -122.322552, 37.966332 ], [ -122.321165, 37.965992 ], [ -122.319177, 37.965492 ], [ -122.31859, 37.964814 ], [ -122.318392, 37.964227 ], [ -122.314793, 37.964818 ], [ -122.31424, 37.963124 ], [ -122.315403, 37.961456 ], [ -122.317386, 37.961198 ], [ -122.318418, 37.960299 ], [ -122.320523, 37.960169 ], [ -122.319936, 37.959216 ], [ -122.318826, 37.958421 ], [ -122.318611, 37.957735 ], [ -122.318435, 37.956686 ], [ -122.318421, 37.955721 ], [ -122.318503, 37.955592 ], [ -122.318555, 37.955426 ], [ -122.318528, 37.955256 ], [ -122.318486, 37.955177 ], [ -122.318391, 37.955073 ], [ -122.318284, 37.954923 ], [ -122.318749, 37.954037 ], [ -122.32382, 37.954105 ], [ -122.324403, 37.953845 ], [ -122.322077, 37.951996 ], [ -122.322481, 37.951287 ], [ -122.322742, 37.951001 ], [ -122.323295, 37.949748 ], [ -122.320385, 37.945044 ], [ -122.319814, 37.945329 ], [ -122.319615, 37.945398 ], [ -122.318183, 37.943252 ], [ -122.316843, 37.943243 ], [ -122.318122, 37.940976 ], [ -122.317152, 37.93894 ], [ -122.317313, 37.938316 ], [ -122.320323, 37.938342 ], [ -122.320284, 37.934764 ], [ -122.32038, 37.93112 ], [ -122.321063, 37.931112 ], [ -122.322505, 37.931101 ], [ -122.323166, 37.930887 ], [ -122.320698, 37.927298 ], [ -122.3207, 37.925442 ], [ -122.320783, 37.920976 ], [ -122.32069, 37.919237 ], [ -122.317537, 37.919103 ], [ -122.314852, 37.919083 ], [ -122.314549, 37.918682 ], [ -122.313338, 37.916975 ], [ -122.313164, 37.91673 ], [ -122.311943, 37.915996 ], [ -122.311577, 37.915739 ], [ -122.310242, 37.913811 ], [ -122.308489, 37.911273 ], [ -122.306071, 37.907747 ], [ -122.305392, 37.90673 ], [ -122.304319, 37.904412 ], [ -122.304271, 37.904302 ], [ -122.303279, 37.902224 ], [ -122.301437, 37.89816 ], [ -122.301579, 37.898229 ], [ -122.30218, 37.898525 ], [ -122.305407, 37.898163 ], [ -122.308859, 37.897773 ], [ -122.309261, 37.897728 ], [ -122.309477, 37.897703 ], [ -122.311359, 37.89749 ], [ -122.312530481444, 37.896760786920602 ], [ -122.313147550967003, 37.8972880379388 ], [ -122.314786, 37.898688 ], [ -122.319005, 37.897857 ], [ -122.322332, 37.895419 ], [ -122.32542, 37.897778 ], [ -122.324771, 37.901867 ], [ -122.321645, 37.905089 ], [ -122.325112, 37.908074 ], [ -122.332972402034997, 37.909732848666799 ], [ -122.335693, 37.910307 ], [ -122.335822132610005, 37.910262829486904 ], [ -122.336383562002993, 37.910070789502903 ], [ -122.343008522497996, 37.907804685657098 ], [ -122.343399912478006, 37.907670808581301 ], [ -122.344674, 37.907235 ], [ -122.35228, 37.90761 ], [ -122.352735748702003, 37.9086813901461 ], [ -122.353118, 37.90958 ], [ -122.354382937389005, 37.909571358536802 ], [ -122.360437, 37.90953 ], [ -122.361822779841006, 37.917284282240999 ], [ -122.361849, 37.917431 ], [ -122.361996, 37.917456063121797 ], [ -122.364764, 37.917928 ], [ -122.365285703216003, 37.916374387944302 ], [ -122.36549, 37.915766 ], [ -122.363534, 37.905611 ], [ -122.367783758336998, 37.904726378310798 ], [ -122.36829, 37.904621 ], [ -122.372287083087002, 37.905628363593401 ], [ -122.373237545872996, 37.905867903674597 ], [ -122.378662, 37.907235 ], [ -122.378944831511006, 37.907270168533202 ], [ -122.380256016548998, 37.9074332071364 ], [ -122.385908, 37.908136 ], [ -122.390546, 37.90911 ], [ -122.390492079184, 37.909309594268002 ], [ -122.390310658196995, 37.909981145482597 ], [ -122.387456, 37.920548 ], [ -122.390422394807999, 37.9224907246154 ], [ -122.39049, 37.922535 ], [ -122.390606050989007, 37.922867825478797 ], [ -122.391497, 37.925423 ], [ -122.391686621027006, 37.9255437990263 ], [ -122.397677, 37.92936 ], [ -122.400373351133993, 37.928662770775297 ], [ -122.400632944652003, 37.928595644433699 ], [ -122.401289, 37.928426 ], [ -122.401955, 37.931422 ], [ -122.402829298876, 37.931523375825599 ], [ -122.410036, 37.932359 ], [ -122.413725, 37.937262 ], [ -122.412469676849, 37.9383660241594 ], [ -122.410987, 37.93967 ], [ -122.413981545099006, 37.945119296793102 ], [ -122.414077, 37.945293 ], [ -122.422633, 37.947168 ], [ -122.421526956053, 37.9484140032204 ], [ -122.419306, 37.950916 ], [ -122.420732, 37.954852 ], [ -122.420841248640997, 37.954904632409601 ], [ -122.424210085336995, 37.956527627368096 ], [ -122.42501, 37.956913 ], [ -122.428126673329999, 37.960720289342497 ], [ -122.428998294546005, 37.961785050969503 ], [ -122.429244701382004, 37.962086058493497 ], [ -122.430087, 37.963115 ], [ -122.42976, 37.965405 ] ] ] } },
{ "type": "Feature", "properties": { "STATEFP20": "06", "PUMACE20": "00123", "AFFGEOID20": "795P200US0600123", "GEOID20": "0600123", "NAMELSAD20": "Alameda County (Northwest)--Oakland City (San Antonio/Fruitvale) PUMA", "STUSPS20": "CA", "ST_NAME20": "California", "LSAD20": "P0", "ALAND20": 14985193, "AWATER20": 677597, "puma_geoid": "0600123", "display": "Oakland City (San Antonio/Fruitvale) (Alameda Co., Northwest)", "place": "Oakland City (San Antonio/Fruitvale)", "NAME": "Alameda County (Northwest)--Oakland City (San Antonio/Fruitvale) PUMA; California", "total_housing_units": 39666, "occupied_units": 36746, "vacant_units": 2920, "vacancy_rate": 0.073614682599707507, "median_gross_rent": 1755, "median_gross_rent_display": "$1,755", "median_home_value": 753800, "median_home_value_display": "$753,800", "home_value_topcoded": false, "county": "Alameda", "subregion": "Northwest", "city": "Bay Area" }, "geometry": { "type": "Polygon", "coordinates": [ [ [ -122.262963, 37.791175 ], [ -122.261327, 37.793807 ], [ -122.260806, 37.79528 ], [ -122.259577, 37.79632 ], [ -122.259551, 37.798132 ], [ -122.259554, 37.798301 ], [ -122.257805, 37.799704 ], [ -122.254505, 37.800561 ], [ -122.254468, 37.801838 ], [ -122.254073, 37.802521 ], [ -122.253447, 37.803608 ], [ -122.250597, 37.805237 ], [ -122.249578, 37.807558 ], [ -122.249148, 37.808391 ], [ -122.246702, 37.809703 ], [ -122.246504, 37.809841 ], [ -122.241982, 37.808552 ], [ -122.235416, 37.805624 ], [ -122.233397, 37.804375 ], [ -122.23117, 37.802605 ], [ -122.228499, 37.80097 ], [ -122.22417, 37.799977 ], [ -122.220981, 37.799362 ], [ -122.218581, 37.798803 ], [ -122.216974, 37.798404 ], [ -122.216221, 37.800294 ], [ -122.214117, 37.799805 ], [ -122.208794, 37.798478 ], [ -122.208027, 37.7986 ], [ -122.203371, 37.796096 ], [ -122.20095, 37.794015 ], [ -122.200653, 37.793713 ], [ -122.198304, 37.791118 ], [ -122.194846, 37.787285 ], [ -122.195775, 37.786829 ], [ -122.196226, 37.786591 ], [ -122.200124, 37.784571 ], [ -122.200715, 37.784273 ], [ -122.20414, 37.782517 ], [ -122.204379, 37.782306 ], [ -122.20469, 37.781988 ], [ -122.206385, 37.780182 ], [ -122.20681, 37.779734 ], [ -122.211133, 37.775171 ], [ -122.211734, 37.774681 ], [ -122.214794, 37.772376 ], [ -122.21714, 37.770585 ], [ -122.219932, 37.76846 ], [ -122.220257, 37.768207 ], [ -122.223756, 37.765579 ], [ -122.224904, 37.764563 ], [ -122.226583, 37.766934 ], [ -122.230205, 37.768977 ], [ -122.236488, 37.771696 ], [ -122.236566, 37.771731 ], [ -122.240498, 37.773732 ], [ -122.243536, 37.776278 ], [ -122.244817, 37.779123 ], [ -122.245219, 37.783033 ], [ -122.246591, 37.784679 ], [ -122.251332, 37.786881 ], [ -122.253958, 37.786779 ], [ -122.256889, 37.785677 ], [ -122.260056, 37.784489 ], [ -122.268544, 37.787934 ], [ -122.262963, 37.791175 ] ] ] } },
{ "type": "Feature", "properties": { "STATEFP20": "06", "PUMACE20": "08519", "AFFGEOID20": "795P200US0608519", "GEOID20": "0608519", "NAMELSAD20": "Santa Clara County (Central)--San Jose City (North) PUMA", "STUSPS20": "CA", "ST_NAME20": "California", "LSAD20": "P0", "ALAND20": 116764104, "AWATER20": 5655714, "puma_geoid": "0608519", "display": "San Jose City (North) (Santa Clara Co., Central)", "place": "San Jose City (North)", "NAME": "Santa Clara County (Central)--San Jose City (North) PUMA; California", "total_housing_units": 69773, "occupied_units": 64476, "vacant_units": 5297, "vacancy_rate": 0.075917618563054401, "median_gross_rent": 2706, "median_gross_rent_display": "$2,706", "median_home_value": 1094800, "median_home_value_display": "$1,094,800", "home_value_topcoded": false, "county": "Santa Clara", "subregion": "Central", "city": "Bay Area" }, "geometry": { "type": "Polygon", "coordinates": [ [ [ -122.059911423613002, 37.4473360004136 ], [ -122.058336, 37.446788 ], [ -122.045995496044995, 37.449034795412501 ], [ -122.045901, 37.449052 ], [ -122.045662964269994, 37.4492335747765 ], [ -122.039169141390005, 37.454187093461599 ], [ -122.038599, 37.454622 ], [ -122.038599, 37.455480658227799 ], [ -122.038599, 37.462048 ], [ -122.040872722043005, 37.462863367488197 ], [ -122.036182, 37.464966 ], [ -122.025425, 37.46563 ], [ -122.020872, 37.465139 ], [ -121.996471, 37.467039 ], [ -121.992975, 37.464923 ], [ -121.992669, 37.464639 ], [ -121.980014, 37.460892 ], [ -121.974706, 37.46074 ], [ -121.964157, 37.463151 ], [ -121.959313, 37.463515 ], [ -121.951921, 37.461461 ], [ -121.948126, 37.461845 ], [ -121.946174, 37.463946 ], [ -121.947087, 37.467424 ], [ -121.944914, 37.469163 ], [ -121.944244, 37.468526 ], [ -121.943779, 37.465457 ], [ -121.941085, 37.464948 ], [ -121.938903, 37.462394 ], [ -121.936025, 37.462929 ], [ -121.934987, 37.462464 ], [ -121.935137, 37.46084 ], [ -121.934116, 37.460331 ], [ -121.931471, 37.460911 ], [ -121.931128, 37.45739 ], [ -121.932656, 37.456919 ], [ -121.932069, 37.455277 ], [ -121.928444, 37.457394 ], [ -121.927561, 37.456925 ], [ -121.9279, 37.455352 ], [ -121.926604, 37.45506 ], [ -121.925041, 37.454186 ], [ -121.924593, 37.454441 ], [ -121.923001, 37.455296 ], [ -121.922671, 37.453645 ], [ -121.919898, 37.440032 ], [ -121.919058, 37.435517 ], [ -121.918201, 37.430066 ], [ -121.916383, 37.425772 ], [ -121.912926, 37.415552 ], [ -121.91104, 37.410113 ], [ -121.908901, 37.401725 ], [ -121.908851, 37.401491 ], [ -121.906507, 37.391399 ], [ -121.904309, 37.382367 ], [ -121.90103, 37.367954 ], [ -121.901014, 37.367246 ], [ -121.901351, 37.365026 ], [ -121.90178, 37.364029 ], [ -121.900293, 37.363662 ], [ -121.891472, 37.362901 ], [ -121.885907, 37.362328 ], [ -121.884697, 37.3622 ], [ -121.879993, 37.361617 ], [ -121.877449, 37.36108 ], [ -121.875901, 37.360611 ], [ -121.873804, 37.359704 ], [ -121.870724, 37.357913 ], [ -121.866232, 37.354069 ], [ -121.864846, 37.352835 ], [ -121.861728, 37.349762 ], [ -121.859173, 37.346813 ], [ -121.857534, 37.345067 ], [ -121.854657, 37.342197 ], [ -121.852087, 37.339677 ], [ -121.851958, 37.339492 ], [ -121.857157, 37.336268 ], [ -121.86516, 37.331385 ], [ -121.868261, 37.329513 ], [ -121.867889, 37.328572 ], [ -121.874099, 37.325643 ], [ -121.87994, 37.322875 ], [ -121.880289, 37.322706 ], [ -121.878607, 37.321015 ], [ -121.882211, 37.318925 ], [ -121.885952, 37.316811 ], [ -121.887901, 37.315414 ], [ -121.888061, 37.315323 ], [ -121.888203, 37.315243 ], [ -121.889437, 37.314749 ], [ -121.893278, 37.312504 ], [ -121.893838, 37.312173 ], [ -121.894795, 37.311736 ], [ -121.895796, 37.311048 ], [ -121.896243, 37.310714 ], [ -121.901078, 37.308468 ], [ -121.903625, 37.311995 ], [ -121.903923, 37.312416 ], [ -121.904144, 37.312624 ], [ -121.906909, 37.311664 ], [ -121.90692, 37.311062 ], [ -121.912938, 37.310999 ], [ -121.913856, 37.310788 ], [ -121.914908, 37.313338 ], [ -121.917817, 37.310706 ], [ -121.921973, 37.306913 ], [ -121.928011, 37.301428 ], [ -121.931674, 37.29803 ], [ -121.931669, 37.297222 ], [ -121.931672, 37.29623 ], [ -121.931686, 37.294397 ], [ -121.93582, 37.29436 ], [ -121.937587, 37.29436 ], [ -121.93832, 37.294389 ], [ -121.940213, 37.29812 ], [ -121.940466, 37.299292 ], [ -121.940488, 37.299743 ], [ -121.940521, 37.303145 ], [ -121.940597, 37.305111 ], [ -121.940497, 37.309745 ], [ -121.940174, 37.317242 ], [ -121.940552, 37.32328 ], [ -121.940752, 37.327177 ], [ -121.94074, 37.329164 ], [ -121.940482, 37.330246 ], [ -121.939334, 37.332076 ], [ -121.936354, 37.334351 ], [ -121.933151, 37.336833 ], [ -121.932158, 37.337661 ], [ -121.930351, 37.33912 ], [ -121.925904, 37.342544 ], [ -121.924272, 37.344283 ], [ -121.921909, 37.346027 ], [ -121.923773, 37.346992 ], [ -121.932135, 37.351219 ], [ -121.932111, 37.356424 ], [ -121.93471, 37.35678 ], [ -121.933153, 37.358649 ], [ -121.939674, 37.364885 ], [ -121.94154, 37.36654 ], [ -121.941259, 37.368357 ], [ -121.941264, 37.36987 ], [ -121.9433, 37.37207 ], [ -121.94356, 37.37322 ], [ -121.94575, 37.37352 ], [ -121.945774, 37.373635 ], [ -121.946188, 37.37512 ], [ -121.94752, 37.37775 ], [ -121.941725, 37.376648 ], [ -121.941617, 37.376823 ], [ -121.940542, 37.378549 ], [ -121.938415, 37.380203 ], [ -121.937901, 37.380569 ], [ -121.938121, 37.381717 ], [ -121.935639, 37.38548 ], [ -121.936345, 37.38747 ], [ -121.939621, 37.390611 ], [ -121.940655, 37.395672 ], [ -121.941679, 37.397793 ], [ -121.942102, 37.400553 ], [ -121.942878, 37.400913 ], [ -121.944568, 37.401018 ], [ -121.947445, 37.40154 ], [ -121.952143, 37.404871 ], [ -121.955039, 37.407872 ], [ -121.960081, 37.409856 ], [ -121.960601, 37.410129 ], [ -121.962142, 37.411633 ], [ -121.964482, 37.414303 ], [ -121.967558, 37.417807 ], [ -121.968023, 37.419005 ], [ -121.97065, 37.418673 ], [ -121.97763, 37.41581 ], [ -121.98632, 37.412231 ], [ -121.986838, 37.412059 ], [ -121.987577, 37.411822 ], [ -121.989179, 37.4114 ], [ -121.995782, 37.409928 ], [ -122.004686, 37.407999 ], [ -122.00479, 37.407976 ], [ -122.006109, 37.407689 ], [ -122.00964, 37.40689 ], [ -122.020378, 37.40444 ], [ -122.02713, 37.40313 ], [ -122.032916, 37.401676 ], [ -122.035491, 37.400811 ], [ -122.035937, 37.400637 ], [ -122.037361, 37.400906 ], [ -122.037273, 37.401432 ], [ -122.03703, 37.419 ], [ -122.036924, 37.420102 ], [ -122.03531, 37.42645 ], [ -122.037118, 37.426649 ], [ -122.037305, 37.426717 ], [ -122.040231, 37.426988 ], [ -122.040418, 37.426947 ], [ -122.041089, 37.427007 ], [ -122.043572, 37.427239 ], [ -122.049172, 37.426139 ], [ -122.054472, 37.435739 ], [ -122.059673, 37.434039 ], [ -122.060006, 37.443622 ], [ -122.059911423613002, 37.4473360004136 ] ] ] } },
{ "type": "Feature", "properties": { "STATEFP20": "06", "PUMACE20": "07508", "AFFGEOID20": "795P200US0607508", "GEOID20": "0607508", "NAMELSAD20": "San Francisco County (Northwest)--Richmond, Western Addition & Presidio PUMA", "STUSPS20": "CA", "ST_NAME20": "California", "LSAD20": "P0", "ALAND20": 21829597, "AWATER20": 344380527, "puma_geoid": "0607508", "display": "Richmond, Western Addition & Presidio (San Francisco Co., Northwest)", "place": "Richmond, Western Addition & Presidio", "NAME": "San Francisco County (Northwest)--Richmond, Western Addition & Presidio PUMA; California", "total_housing_units": 45429, "occupied_units": 41264, "vacant_units": 4165, "vacancy_rate": 0.091681525017059506, "median_gross_rent": 2602, "median_gross_rent_display": "$2,602", "median_home_value": 1680700, "median_home_value_display": "$1,680,700", "home_value_topcoded": false, "county": "San Francisco", "subregion": "Northwest", "city": "Bay Area" }, "geometry": { "type": "MultiPolygon", "coordinates": [ [ [ [ -122.514483, 37.780829 ], [ -122.509842514520997, 37.784614539391598 ], [ -122.50531, 37.788312 ], [ -122.498360771891001, 37.788097824867997 ], [ -122.494730868635003, 37.787985951290501 ], [ -122.493756799536996, 37.787955930491897 ], [ -122.492883, 37.787929 ], [ -122.490642538293002, 37.788781006564498 ], [ -122.489180882837005, 37.7893368473718 ], [ -122.486240966034003, 37.790454843902403 ], [ -122.485783, 37.790629 ], [ -122.485757214250995, 37.790679114676799 ], [ -122.485182257329001, 37.791796545078803 ], [ -122.482752289876998, 37.796519193684503 ], [ -122.480296, 37.801293 ], [ -122.478171, 37.808353 ], [ -122.477189297281996, 37.809122921251401 ], [ -122.476785, 37.80944 ], [ -122.470701, 37.80855 ], [ -122.469451129825003, 37.807844912554501 ], [ -122.466363078418993, 37.806102854603303 ], [ -122.463793, 37.804653 ], [ -122.448481951551003, 37.806023713434499 ], [ -122.44946, 37.802454 ], [ -122.44782, 37.801633 ], [ -122.447826, 37.800918 ], [ -122.447466, 37.79939 ], [ -122.447303, 37.798459 ], [ -122.447015, 37.796579 ], [ -122.446776, 37.795019 ], [ -122.446728, 37.794706 ], [ -122.446652, 37.794195 ], [ -122.446524, 37.793337 ], [ -122.446344, 37.792164 ], [ -122.4463, 37.791879 ], [ -122.446117, 37.790999 ], [ -122.445934, 37.790119 ], [ -122.445589, 37.788364 ], [ -122.445402, 37.787438 ], [ -122.443753, 37.787647 ], [ -122.44337, 37.785759 ], [ -122.443183, 37.784827 ], [ -122.44281, 37.782971 ], [ -122.442793, 37.782885 ], [ -122.441512, 37.782096 ], [ -122.440958, 37.779364 ], [ -122.441866, 37.7783 ], [ -122.441641, 37.777191 ], [ -122.441488, 37.776435 ], [ -122.440922, 37.773635 ], [ -122.440735, 37.772713 ], [ -122.445717, 37.77208 ], [ -122.448958, 37.771669 ], [ -122.453902, 37.771054 ], [ -122.453352, 37.768246 ], [ -122.452947, 37.766374 ], [ -122.456913, 37.765874 ], [ -122.45779, 37.766015 ], [ -122.458554, 37.76629 ], [ -122.461097, 37.76621 ], [ -122.464312, 37.766072 ], [ -122.47073, 37.765779 ], [ -122.477261, 37.765486 ], [ -122.484763, 37.76516 ], [ -122.486906, 37.765054 ], [ -122.493336, 37.764774 ], [ -122.496085, 37.764675 ], [ -122.502979, 37.764344 ], [ -122.509411, 37.764088 ], [ -122.50987, 37.76409 ], [ -122.510435, 37.76406 ], [ -122.512070759186997, 37.763659302400796 ], [ -122.513067688424002, 37.770783033171398 ], [ -122.513128, 37.771214 ], [ -122.514060822741996, 37.777833255099402 ], [ -122.514483, 37.780829 ] ] ], [ [ [ -123.013916, 37.700355 ], [ -123.007786, 37.698943 ], [ -123.007548, 37.70214 ], [ -123.003507, 37.704396 ], [ -123.000893, 37.701011 ], [ -122.998754, 37.697438 ], [ -123.002794, 37.692736 ], [ -123.005884, 37.693489 ], [ -123.007548, 37.695934 ], [ -123.012777, 37.696498 ], [ -123.013916, 37.700355 ] ] ] ] } },
{ "type": "Feature", "properties": { "STATEFP20": "06", "PUMACE20": "08517", "AFFGEOID20": "795P200US0608517", "GEOID20": "0608517", "NAMELSAD20": "Santa Clara County (Northwest)--Santa Clara City PUMA", "STUSPS20": "CA", "ST_NAME20": "California", "LSAD20": "P0", "ALAND20": 46987570, "AWATER20": 0, "puma_geoid": "0608517", "display": "Santa Clara (Santa Clara Co., Northwest)", "place": "Santa Clara City", "NAME": "Santa Clara County (Northwest)--Santa Clara City PUMA; California", "total_housing_units": 50447, "occupied_units": 47559, "vacant_units": 2888, "vacancy_rate": 0.057248201082324, "median_gross_rent": 2992, "median_gross_rent_display": "$2,992", "median_home_value": 1502100, "median_home_value_display": "$1,502,100", "home_value_topcoded": false, "county": "Santa Clara", "subregion": "Northwest", "city": "Bay Area" }, "geometry": { "type": "Polygon", "coordinates": [ [ [ -121.99633, 37.35218 ], [ -121.99594, 37.35843 ], [ -121.995839, 37.360666 ], [ -121.99581, 37.36183 ], [ -121.995834, 37.36442 ], [ -121.996016, 37.366888 ], [ -121.996311, 37.369476 ], [ -121.99629, 37.37022 ], [ -121.9963, 37.37054 ], [ -121.99297, 37.37041 ], [ -121.987296, 37.370442 ], [ -121.987271, 37.370929 ], [ -121.986926, 37.371817 ], [ -121.986896, 37.37407 ], [ -121.986969, 37.37758 ], [ -121.98697, 37.37778 ], [ -121.986976, 37.388448 ], [ -121.987007, 37.39335 ], [ -121.987023, 37.395973 ], [ -121.987077, 37.400074 ], [ -121.987117, 37.402817 ], [ -121.986991, 37.40364 ], [ -121.98674, 37.404564 ], [ -121.986838, 37.412059 ], [ -121.98632, 37.412231 ], [ -121.97763, 37.41581 ], [ -121.97065, 37.418673 ], [ -121.968023, 37.419005 ], [ -121.967558, 37.417807 ], [ -121.964482, 37.414303 ], [ -121.962142, 37.411633 ], [ -121.960601, 37.410129 ], [ -121.960081, 37.409856 ], [ -121.955039, 37.407872 ], [ -121.952143, 37.404871 ], [ -121.947445, 37.40154 ], [ -121.944568, 37.401018 ], [ -121.942878, 37.400913 ], [ -121.942102, 37.400553 ], [ -121.941679, 37.397793 ], [ -121.940655, 37.395672 ], [ -121.939621, 37.390611 ], [ -121.936345, 37.38747 ], [ -121.935639, 37.38548 ], [ -121.938121, 37.381717 ], [ -121.937901, 37.380569 ], [ -121.938415, 37.380203 ], [ -121.940542, 37.378549 ], [ -121.941617, 37.376823 ], [ -121.941725, 37.376648 ], [ -121.94752, 37.37775 ], [ -121.946188, 37.37512 ], [ -121.945774, 37.373635 ], [ -121.94575, 37.37352 ], [ -121.94356, 37.37322 ], [ -121.9433, 37.37207 ], [ -121.941264, 37.36987 ], [ -121.941259, 37.368357 ], [ -121.94154, 37.36654 ], [ -121.939674, 37.364885 ], [ -121.933153, 37.358649 ], [ -121.93471, 37.35678 ], [ -121.932111, 37.356424 ], [ -121.932135, 37.351219 ], [ -121.923773, 37.346992 ], [ -121.921909, 37.346027 ], [ -121.924272, 37.344283 ], [ -121.925904, 37.342544 ], [ -121.930351, 37.33912 ], [ -121.932158, 37.337661 ], [ -121.933151, 37.336833 ], [ -121.936354, 37.334351 ], [ -121.939334, 37.332076 ], [ -121.940482, 37.330246 ], [ -121.94074, 37.329164 ], [ -121.940752, 37.327177 ], [ -121.940552, 37.32328 ], [ -121.943329, 37.323358 ], [ -121.94667, 37.323366 ], [ -121.946809, 37.323366 ], [ -121.947089, 37.323381 ], [ -121.947846, 37.323283 ], [ -121.95018, 37.32322 ], [ -121.9552, 37.32319 ], [ -121.9575, 37.32319 ], [ -121.95978, 37.32318 ], [ -121.96417, 37.32314 ], [ -121.96605, 37.32314 ], [ -121.96836, 37.32312 ], [ -121.97001, 37.32311 ], [ -121.972738, 37.32308 ], [ -121.97548, 37.32306 ], [ -121.98238, 37.32304 ], [ -121.98382, 37.32302 ], [ -121.98728, 37.323 ], [ -121.99204, 37.32297 ], [ -121.992518, 37.322962 ], [ -121.995691, 37.32294 ], [ -121.99568, 37.3231 ], [ -121.996, 37.32489 ], [ -121.995417, 37.330497 ], [ -121.99539, 37.33128 ], [ -121.995594, 37.337205 ], [ -121.99554, 37.33787 ], [ -121.99557, 37.3396 ], [ -121.995608, 37.341463 ], [ -121.99564, 37.34547 ], [ -121.99571, 37.34834 ], [ -121.9963, 37.35157 ], [ -121.99633, 37.35218 ] ] ] } },
{ "type": "Feature", "properties": { "STATEFP20": "06", "PUMACE20": "00113", "AFFGEOID20": "795P200US0600113", "GEOID20": "0600113", "NAMELSAD20": "Alameda County (West)--Oakland City (Elmhurst/Central/East Oakland) PUMA", "STUSPS20": "CA", "ST_NAME20": "California", "LSAD20": "P0", "ALAND20": 41854481, "AWATER20": 4598695, "puma_geoid": "0600113", "display": "Oakland City (Elmhurst/Central/East Oakland) (Alameda Co., West)", "place": "Oakland City (Elmhurst/Central/East Oakland)", "NAME": "Alameda County (West)--Oakland City (Elmhurst/Central/East Oakland) PUMA; California", "total_housing_units": 41662, "occupied_units": 39393, "vacant_units": 2269, "vacancy_rate": 0.054462099755172501, "median_gross_rent": 1731, "median_gross_rent_display": "$1,731", "median_home_value": 656000, "median_home_value_display": "$656,000", "home_value_topcoded": false, "county": "Alameda", "subregion": "West", "city": "Bay Area" }, "geometry": { "type": "Polygon", "coordinates": [ [ [ -122.250214566731003, 37.726403475629503 ], [ -122.248369, 37.727772 ], [ -122.248462433745004, 37.7278688915301 ], [ -122.245039, 37.725798 ], [ -122.236181, 37.719851 ], [ -122.228343, 37.727729 ], [ -122.226768, 37.727657 ], [ -122.226443, 37.734387 ], [ -122.226492, 37.745037 ], [ -122.2266, 37.745501 ], [ -122.226508, 37.747884 ], [ -122.2265, 37.74808 ], [ -122.223377, 37.748036 ], [ -122.223481, 37.754702 ], [ -122.223647, 37.756926 ], [ -122.224213, 37.762813 ], [ -122.224904, 37.764563 ], [ -122.223756, 37.765579 ], [ -122.220257, 37.768207 ], [ -122.219932, 37.76846 ], [ -122.21714, 37.770585 ], [ -122.214794, 37.772376 ], [ -122.211734, 37.774681 ], [ -122.211133, 37.775171 ], [ -122.20681, 37.779734 ], [ -122.206385, 37.780182 ], [ -122.20469, 37.781988 ], [ -122.204379, 37.782306 ], [ -122.20414, 37.782517 ], [ -122.200715, 37.784273 ], [ -122.200124, 37.784571 ], [ -122.196226, 37.786591 ], [ -122.195775, 37.786829 ], [ -122.192183, 37.785265 ], [ -122.188586, 37.784446 ], [ -122.187784, 37.784355 ], [ -122.183689, 37.784167 ], [ -122.180701, 37.78407 ], [ -122.179451, 37.784019 ], [ -122.178401, 37.783822 ], [ -122.177329, 37.783424 ], [ -122.173619, 37.781129 ], [ -122.165991, 37.777292 ], [ -122.164035, 37.776422 ], [ -122.158068, 37.773348 ], [ -122.156288, 37.772002 ], [ -122.155169, 37.770856 ], [ -122.148141, 37.760488 ], [ -122.147737, 37.758759 ], [ -122.148211, 37.75686 ], [ -122.151206, 37.75364 ], [ -122.151677, 37.751124 ], [ -122.148647, 37.745129 ], [ -122.145883, 37.742969 ], [ -122.146051, 37.742802 ], [ -122.14767, 37.741138 ], [ -122.148725, 37.740859 ], [ -122.155119, 37.739082 ], [ -122.160074, 37.737691 ], [ -122.160502, 37.737607 ], [ -122.16416, 37.73594 ], [ -122.165472, 37.737689 ], [ -122.171556, 37.734996 ], [ -122.170097, 37.732056 ], [ -122.170497, 37.731869 ], [ -122.17404, 37.73119 ], [ -122.17043, 37.727836 ], [ -122.170401, 37.727756 ], [ -122.174341, 37.72665 ], [ -122.175802, 37.725231 ], [ -122.180226, 37.725738 ], [ -122.181916, 37.725372 ], [ -122.183312, 37.725566 ], [ -122.18442, 37.726116 ], [ -122.186459, 37.727589 ], [ -122.190299, 37.728858 ], [ -122.191927, 37.727288 ], [ -122.196137, 37.726007 ], [ -122.198055, 37.726227 ], [ -122.197746, 37.725171 ], [ -122.196747, 37.724133 ], [ -122.189138, 37.717812 ], [ -122.192905, 37.716726 ], [ -122.193401, 37.717829 ], [ -122.194714, 37.717538 ], [ -122.194265, 37.715912 ], [ -122.197028, 37.715829 ], [ -122.202097, 37.713021 ], [ -122.209726, 37.711087 ], [ -122.209187112470005, 37.710012817523598 ], [ -122.211578239822998, 37.7092563026549 ], [ -122.21248, 37.708971 ], [ -122.211767, 37.702013 ], [ -122.214744, 37.699247 ], [ -122.226503, 37.706526 ], [ -122.227129556354996, 37.706975761478901 ], [ -122.252172, 37.724952 ], [ -122.250214566731003, 37.726403475629503 ] ] ] } },
{ "type": "Feature", "properties": { "STATEFP20": "06", "PUMACE20": "08101", "AFFGEOID20": "795P200US0608101", "GEOID20": "0608101", "NAMELSAD20": "San Mateo County (North Central)--Daly City, Pacifica Cities & Colma Town PUMA", "STUSPS20": "CA", "ST_NAME20": "California", "LSAD20": "P0", "ALAND20": 65597200, "AWATER20": 6077857, "puma_geoid": "0608101", "display": "Daly City, Pacifica Cities & Colma (San Mateo Co., North Central)", "place": "Daly City, Pacifica Cities & Colma Town", "NAME": "San Mateo County (North Central)--Daly City, Pacifica Cities & Colma Town PUMA; California", "total_housing_units": 49911, "occupied_units": 46189, "vacant_units": 3722, "vacancy_rate": 0.074572739476267705, "median_gross_rent": 2651, "median_gross_rent_display": "$2,651", "median_home_value": 1134200, "median_home_value_display": "$1,134,200", "home_value_topcoded": false, "county": "San Mateo", "subregion": "North Central", "city": "Bay Area" }, "geometry": { "type": "Polygon", "coordinates": [ [ [ -122.520852, 37.594178 ], [ -122.515326, 37.595564 ], [ -122.514724, 37.598285 ], [ -122.514290175257003, 37.598149199857801 ], [ -122.507648, 37.59607 ], [ -122.507464202175996, 37.596174696077902 ], [ -122.502021450897999, 37.599275030445199 ], [ -122.501386, 37.599637 ], [ -122.501258817324, 37.600235835042703 ], [ -122.500429, 37.604143 ], [ -122.501021606543006, 37.604936750543999 ], [ -122.501967398711997, 37.606203565864497 ], [ -122.502126, 37.606416 ], [ -122.50233, 37.608285 ], [ -122.498432110595999, 37.608267970386102 ], [ -122.49821, 37.608267 ], [ -122.497006194107001, 37.611537733847399 ], [ -122.496786, 37.612136 ], [ -122.498192, 37.614116 ], [ -122.498189815082, 37.614207534426903 ], [ -122.498061927574994, 37.619565221643597 ], [ -122.498032, 37.620819 ], [ -122.495886, 37.622768 ], [ -122.495285573884004, 37.629858095613798 ], [ -122.495273297536002, 37.630003060133802 ], [ -122.495033226836995, 37.632837920512202 ], [ -122.494579555792001, 37.638195067718698 ], [ -122.494085, 37.644035 ], [ -122.494284930418999, 37.647175663175602 ], [ -122.495378215781997, 37.664349843544599 ], [ -122.495430755076995, 37.665175171821502 ], [ -122.495723093587003, 37.669767453458498 ], [ -122.496589966892003, 37.683384976386897 ], [ -122.496784, 37.686433 ], [ -122.500529185540003, 37.700835302326198 ], [ -122.500599868563, 37.701107117504002 ], [ -122.502426880724002, 37.708132986105802 ], [ -122.498302, 37.708132 ], [ -122.498093, 37.708132 ], [ -122.486376, 37.708156 ], [ -122.486127, 37.708145 ], [ -122.485788, 37.708116 ], [ -122.471329, 37.708233 ], [ -122.468939, 37.708232 ], [ -122.464896, 37.708186 ], [ -122.45905, 37.708231 ], [ -122.458509, 37.708231 ], [ -122.454356, 37.708232 ], [ -122.45247, 37.708148 ], [ -122.4523, 37.708138 ], [ -122.449751, 37.708213 ], [ -122.445875, 37.708233 ], [ -122.444482, 37.708332 ], [ -122.442079, 37.708231 ], [ -122.441605, 37.707348 ], [ -122.441575, 37.707264 ], [ -122.440331, 37.706515 ], [ -122.439483, 37.707826 ], [ -122.437356, 37.706222 ], [ -122.440056, 37.704687 ], [ -122.442106, 37.704101 ], [ -122.442472, 37.702675 ], [ -122.442367, 37.701698 ], [ -122.443312, 37.701636 ], [ -122.446148, 37.702455 ], [ -122.446857, 37.702833 ], [ -122.449047, 37.701651 ], [ -122.448911, 37.701436 ], [ -122.449445, 37.701145 ], [ -122.450729, 37.697698 ], [ -122.452198, 37.695998 ], [ -122.453368, 37.694878 ], [ -122.455203, 37.694203 ], [ -122.455864, 37.693765 ], [ -122.45477, 37.692338 ], [ -122.453907, 37.692781 ], [ -122.434905, 37.684538 ], [ -122.434779, 37.684483 ], [ -122.431237, 37.682942 ], [ -122.429383, 37.682133 ], [ -122.430448, 37.678936 ], [ -122.432611, 37.671894 ], [ -122.433481, 37.670243 ], [ -122.433785, 37.670399 ], [ -122.435921, 37.671534 ], [ -122.436628, 37.671488 ], [ -122.444615, 37.665485 ], [ -122.445127, 37.66584 ], [ -122.445701, 37.66537 ], [ -122.44719, 37.666344 ], [ -122.448501, 37.667499 ], [ -122.449911, 37.669521 ], [ -122.450522, 37.670038 ], [ -122.451864, 37.669184 ], [ -122.453381, 37.670722 ], [ -122.45342, 37.670787 ], [ -122.459982, 37.666647 ], [ -122.460068, 37.666835 ], [ -122.461806, 37.665697 ], [ -122.460875, 37.664535 ], [ -122.460525, 37.664057 ], [ -122.463414, 37.662349 ], [ -122.463833, 37.661069 ], [ -122.457616, 37.656732 ], [ -122.457209, 37.65548 ], [ -122.456121, 37.653992 ], [ -122.453794, 37.655921 ], [ -122.452999, 37.654619 ], [ -122.450764, 37.649228 ], [ -122.450394, 37.648505 ], [ -122.452222, 37.649347 ], [ -122.454728, 37.649958 ], [ -122.455649, 37.650555 ], [ -122.456786, 37.649986 ], [ -122.458997, 37.64983 ], [ -122.460758, 37.649949 ], [ -122.466853, 37.650255 ], [ -122.467582, 37.650421 ], [ -122.469055, 37.650391 ], [ -122.47076, 37.649406 ], [ -122.471864, 37.64914 ], [ -122.468508, 37.643657 ], [ -122.464132, 37.638791 ], [ -122.468078, 37.637605 ], [ -122.468567, 37.638242 ], [ -122.469596, 37.637867 ], [ -122.470518, 37.636307 ], [ -122.471408, 37.634514 ], [ -122.472535, 37.633773 ], [ -122.47272, 37.633802 ], [ -122.472706, 37.632108 ], [ -122.472396, 37.631489 ], [ -122.471837, 37.631148 ], [ -122.46886, 37.627232 ], [ -122.46868, 37.626846 ], [ -122.462785, 37.619335 ], [ -122.461185, 37.619135 ], [ -122.453017, 37.618274 ], [ -122.451861, 37.617437 ], [ -122.45095, 37.617537 ], [ -122.451445, 37.617128 ], [ -122.450068, 37.615586 ], [ -122.450593, 37.61569 ], [ -122.444059, 37.594072 ], [ -122.443921, 37.593616 ], [ -122.451162, 37.590175 ], [ -122.462785, 37.584837 ], [ -122.462851, 37.584507 ], [ -122.459763, 37.584472 ], [ -122.459658, 37.578139 ], [ -122.450982, 37.578041 ], [ -122.450871, 37.570543 ], [ -122.459386, 37.570737 ], [ -122.459407, 37.570084 ], [ -122.459486, 37.566364 ], [ -122.459486, 37.566037 ], [ -122.459786, 37.566037 ], [ -122.467624, 37.566287 ], [ -122.467639, 37.563507 ], [ -122.477695, 37.563548 ], [ -122.477887, 37.562138 ], [ -122.480068, 37.562139 ], [ -122.482398, 37.563249 ], [ -122.485426, 37.565514 ], [ -122.492571, 37.566594 ], [ -122.493813, 37.5692 ], [ -122.493809, 37.569343 ], [ -122.494425, 37.570291 ], [ -122.496587, 37.570338 ], [ -122.497582, 37.570514 ], [ -122.498535, 37.571347 ], [ -122.500361, 37.572344 ], [ -122.501916, 37.572194 ], [ -122.509125, 37.574061 ], [ -122.510795, 37.576395 ], [ -122.512234, 37.57686 ], [ -122.512662, 37.577593 ], [ -122.512941, 37.578577 ], [ -122.51401, 37.579148 ], [ -122.513198, 37.579878 ], [ -122.514216, 37.579908 ], [ -122.513423, 37.58085 ], [ -122.51233, 37.581419 ], [ -122.512285, 37.582317 ], [ -122.513063, 37.582991 ], [ -122.512764, 37.583335 ], [ -122.513976, 37.583993 ], [ -122.514268, 37.584659 ], [ -122.513174, 37.585262 ], [ -122.513994, 37.585186 ], [ -122.517417749817, 37.586797587065803 ], [ -122.517187, 37.590637 ], [ -122.520852, 37.594178 ] ] ] } },
{ "type": "Feature", "properties": { "STATEFP20": "06", "PUMACE20": "00111", "AFFGEOID20": "795P200US0600111", "GEOID20": "0600111", "NAMELSAD20": "Alameda County (Northwest)--Oakland City (Downtown/West Oakland/North Oakland) PUMA", "STUSPS20": "CA", "ST_NAME20": "California", "LSAD20": "P0", "ALAND20": 27157494, "AWATER20": 8557137, "puma_geoid": "0600111", "display": "Oakland City (Downtown/West Oakland/North Oakland) (Alameda Co., Northwest)", "place": "Oakland City (Downtown/West Oakland/North Oakland)", "NAME": "Alameda County (Northwest)--Oakland City (Downtown/West Oakland/North Oakland) PUMA; California", "total_housing_units": 55208, "occupied_units": 48736, "vacant_units": 6472, "vacancy_rate": 0.1172293870453557, "median_gross_rent": 2043, "median_gross_rent_display": "$2,043", "median_home_value": 929700, "median_home_value_display": "$929,700", "home_value_topcoded": false, "county": "Alameda", "subregion": "Northwest", "city": "Bay Area" }, "geometry": { "type": "Polygon", "coordinates": [ [ [ -122.342253, 37.805558 ], [ -122.333852963018003, 37.810328784404199 ], [ -122.333018, 37.810803 ], [ -122.328660769126998, 37.810517286923101 ], [ -122.322785, 37.810132 ], [ -122.321896312126995, 37.811124306061799 ], [ -122.317296, 37.816261 ], [ -122.319057007843995, 37.818869180387203 ], [ -122.319198, 37.819078 ], [ -122.319427754398006, 37.819108891693197 ], [ -122.329389314606999, 37.820448276120302 ], [ -122.330369, 37.82058 ], [ -122.326826695243, 37.822258626712603 ], [ -122.316579917496995, 37.827114367825097 ], [ -122.316108, 37.827338 ], [ -122.306125, 37.826024 ], [ -122.305494983718006, 37.826185761832697 ], [ -122.298471648507004, 37.827989060586198 ], [ -122.296618, 37.828465 ], [ -122.297115883456001, 37.831217674031201 ], [ -122.294033, 37.830608 ], [ -122.293391, 37.830674 ], [ -122.293304, 37.830653 ], [ -122.291029, 37.830107 ], [ -122.290863, 37.830067 ], [ -122.290059, 37.829874 ], [ -122.288904, 37.829599 ], [ -122.288138, 37.829414 ], [ -122.287998, 37.829379 ], [ -122.2874, 37.829215 ], [ -122.282384, 37.828033 ], [ -122.28095, 37.827689 ], [ -122.28089, 37.827675 ], [ -122.278707, 37.827151 ], [ -122.277873, 37.826951 ], [ -122.278343, 37.828522 ], [ -122.277556, 37.831276 ], [ -122.277204, 37.832216 ], [ -122.27641, 37.834279 ], [ -122.275896, 37.835661 ], [ -122.275638, 37.836447 ], [ -122.27622, 37.836818 ], [ -122.281649, 37.836692 ], [ -122.281963, 37.837181 ], [ -122.284494, 37.83672 ], [ -122.285576, 37.839778 ], [ -122.286714, 37.843345 ], [ -122.287499, 37.845772 ], [ -122.287866, 37.846907 ], [ -122.288739, 37.849991 ], [ -122.286247, 37.850505 ], [ -122.286006, 37.850173 ], [ -122.283459, 37.850307 ], [ -122.282705, 37.849036 ], [ -122.281899, 37.846975 ], [ -122.278944, 37.847367 ], [ -122.277841, 37.847515 ], [ -122.277766, 37.847525 ], [ -122.27746, 37.847564 ], [ -122.276188, 37.847734 ], [ -122.276173, 37.847662 ], [ -122.2758, 37.845867 ], [ -122.271236, 37.846465 ], [ -122.269144, 37.84674 ], [ -122.269226, 37.847201 ], [ -122.269409, 37.848107 ], [ -122.268374, 37.848768 ], [ -122.268965, 37.851616 ], [ -122.267067, 37.85189 ], [ -122.266128, 37.852009 ], [ -122.263608, 37.852296 ], [ -122.263644, 37.852422 ], [ -122.263569, 37.852547 ], [ -122.263429, 37.85255 ], [ -122.26225, 37.852696 ], [ -122.262221, 37.852527 ], [ -122.261829, 37.85258 ], [ -122.260223, 37.852793 ], [ -122.259753, 37.852854 ], [ -122.257251, 37.853176 ], [ -122.256197, 37.853449 ], [ -122.253346, 37.85383 ], [ -122.25331, 37.853466 ], [ -122.252503, 37.850826 ], [ -122.25096, 37.851159 ], [ -122.249981, 37.851294 ], [ -122.249629, 37.851411 ], [ -122.249473, 37.851448 ], [ -122.247501, 37.851571 ], [ -122.24738, 37.851648 ], [ -122.247253, 37.851576 ], [ -122.246618, 37.851619 ], [ -122.246588, 37.851575 ], [ -122.246109, 37.851603 ], [ -122.245537, 37.851691 ], [ -122.244781, 37.851733 ], [ -122.243991, 37.851777 ], [ -122.242526, 37.851871 ], [ -122.241914, 37.851909 ], [ -122.242427, 37.850833 ], [ -122.244044, 37.850257 ], [ -122.243323, 37.849072 ], [ -122.243716, 37.848513 ], [ -122.247313, 37.846563 ], [ -122.251857, 37.844746 ], [ -122.254366, 37.843773 ], [ -122.257923, 37.842606 ], [ -122.258584, 37.842397 ], [ -122.26186, 37.841353 ], [ -122.264164, 37.839997 ], [ -122.265631, 37.837636 ], [ -122.266494, 37.833405 ], [ -122.266895, 37.831339 ], [ -122.267828, 37.827044 ], [ -122.268563, 37.824462 ], [ -122.261996, 37.823012 ], [ -122.260006, 37.822421 ], [ -122.25868, 37.824515 ], [ -122.258083, 37.824297 ], [ -122.255661, 37.822603 ], [ -122.254566, 37.821528 ], [ -122.254132, 37.819833 ], [ -122.254479, 37.819625 ], [ -122.253679, 37.819001 ], [ -122.251451, 37.816157 ], [ -122.25019, 37.813009 ], [ -122.248008, 37.811513 ], [ -122.248598, 37.810505 ], [ -122.246504, 37.809841 ], [ -122.246702, 37.809703 ], [ -122.249148, 37.808391 ], [ -122.249578, 37.807558 ], [ -122.250597, 37.805237 ], [ -122.253447, 37.803608 ], [ -122.254073, 37.802521 ], [ -122.254468, 37.801838 ], [ -122.254505, 37.800561 ], [ -122.257805, 37.799704 ], [ -122.259554, 37.798301 ], [ -122.259551, 37.798132 ], [ -122.259577, 37.79632 ], [ -122.260806, 37.79528 ], [ -122.261327, 37.793807 ], [ -122.262963, 37.791175 ], [ -122.268544, 37.787934 ], [ -122.274225, 37.791259 ], [ -122.274709, 37.791511 ], [ -122.276005, 37.792175 ], [ -122.278243, 37.793129 ], [ -122.284396, 37.793597 ], [ -122.285971, 37.793616 ], [ -122.294801, 37.792163 ], [ -122.30104, 37.791954 ], [ -122.305802, 37.792572 ], [ -122.312606, 37.794048 ], [ -122.315064, 37.794579 ], [ -122.328507, 37.797493 ], [ -122.333001177211003, 37.799054386056 ], [ -122.334168, 37.801272 ], [ -122.340649729296999, 37.8038198440141 ], [ -122.34151, 37.804158 ], [ -122.342253, 37.805558 ] ] ] } },
{ "type": "Feature", "properties": { "STATEFP20": "06", "PUMACE20": "07512", "AFFGEOID20": "795P200US0607512", "GEOID20": "0607512", "NAMELSAD20": "San Francisco County (Southwest)--Outer Sunset & Inner Sunset PUMA", "STUSPS20": "CA", "ST_NAME20": "California", "LSAD20": "P0", "ALAND20": 14175863, "AWATER20": 1335437, "puma_geoid": "0607512", "display": "Outer Sunset & Inner Sunset (San Francisco Co., Southwest)", "place": "Outer Sunset & Inner Sunset", "NAME": "San Francisco County (Southwest)--Outer Sunset & Inner Sunset PUMA; California", "total_housing_units": 41009, "occupied_units": 38041, "vacant_units": 2968, "vacancy_rate": 0.072374356848496593, "median_gross_rent": 2778, "median_gross_rent_display": "$2,778", "median_home_value": 1478800, "median_home_value_display": "$1,478,800", "home_value_topcoded": false, "county": "San Francisco", "subregion": "Southwest", "city": "Bay Area" }, "geometry": { "type": "Polygon", "coordinates": [ [ [ -122.510435, 37.76406 ], [ -122.50987, 37.76409 ], [ -122.509411, 37.764088 ], [ -122.502979, 37.764344 ], [ -122.496085, 37.764675 ], [ -122.493336, 37.764774 ], [ -122.486906, 37.765054 ], [ -122.484763, 37.76516 ], [ -122.477261, 37.765486 ], [ -122.47073, 37.765779 ], [ -122.464312, 37.766072 ], [ -122.461097, 37.76621 ], [ -122.458554, 37.76629 ], [ -122.45779, 37.766015 ], [ -122.456913, 37.765874 ], [ -122.452947, 37.766374 ], [ -122.452758, 37.765443 ], [ -122.452569, 37.764509 ], [ -122.4524, 37.763669 ], [ -122.451958, 37.761478 ], [ -122.44912, 37.761648 ], [ -122.446783, 37.761781 ], [ -122.446434, 37.761007 ], [ -122.446343, 37.760411 ], [ -122.446395, 37.758856 ], [ -122.447915, 37.757589 ], [ -122.447119, 37.756875 ], [ -122.44695, 37.75655 ], [ -122.445348, 37.755619 ], [ -122.447943, 37.755532 ], [ -122.446734, 37.753573 ], [ -122.44709, 37.751505 ], [ -122.449423, 37.750412 ], [ -122.44964, 37.749314 ], [ -122.446644, 37.749796 ], [ -122.445803, 37.749296 ], [ -122.447794, 37.749408 ], [ -122.449447, 37.74666 ], [ -122.45084, 37.745904 ], [ -122.451692, 37.745629 ], [ -122.453645, 37.745696 ], [ -122.458743, 37.746876 ], [ -122.459174, 37.747286 ], [ -122.461381, 37.745569 ], [ -122.463686, 37.743749 ], [ -122.465807, 37.743574 ], [ -122.466043, 37.743555 ], [ -122.468073, 37.743384 ], [ -122.470235, 37.743289 ], [ -122.475726, 37.743049 ], [ -122.485335, 37.742626 ], [ -122.494504, 37.742222 ], [ -122.494404, 37.740352 ], [ -122.494253, 37.738493 ], [ -122.494126, 37.736631 ], [ -122.493942, 37.733981 ], [ -122.496564, 37.733856 ], [ -122.497487, 37.733925 ], [ -122.499139, 37.734404 ], [ -122.501041, 37.7353 ], [ -122.502031, 37.735515 ], [ -122.506135, 37.735571 ], [ -122.506796, 37.735559 ], [ -122.508121548602006, 37.735439533220202 ], [ -122.509459485920999, 37.744999996385197 ], [ -122.509993368972999, 37.748814950332601 ], [ -122.510142331409995, 37.749879387260499 ], [ -122.512070759186997, 37.763659302400796 ], [ -122.510435, 37.76406 ] ] ] } },
{ "type": "Feature", "properties": { "STATEFP20": "06", "PUMACE20": "00118", "AFFGEOID20": "795P200US0600118", "GEOID20": "0600118", "NAMELSAD20": "Alameda County (South)--Fremont (Northeast) & Union City (East) Cities PUMA", "STUSPS20": "CA", "ST_NAME20": "California", "LSAD20": "P0", "ALAND20": 81518672, "AWATER20": 11692, "puma_geoid": "0600118", "display": "Fremont (Northeast) & Union City (East) (Alameda Co., South)", "place": "Fremont (Northeast) & Union City (East) Cities", "NAME": "Alameda County (South)--Fremont (Northeast) & Union City (East) Cities PUMA; California", "total_housing_units": 44003, "occupied_units": 42181, "vacant_units": 1822, "vacancy_rate": 0.041406267754471197, "median_gross_rent": 2784, "median_gross_rent_display": "$2,784", "median_home_value": 1163300, "median_home_value_display": "$1,163,300", "home_value_topcoded": false, "county": "Alameda", "subregion": "South", "city": "Bay Area" }, "geometry": { "type": "Polygon", "coordinates": [ [ [ -122.06566, 37.605143 ], [ -122.059375, 37.603907 ], [ -122.05869, 37.606028 ], [ -122.051683, 37.606006 ], [ -122.043831, 37.60604 ], [ -122.043298, 37.612266 ], [ -122.041447, 37.61164 ], [ -122.034819, 37.605962 ], [ -122.030938, 37.605927 ], [ -122.0345, 37.60906 ], [ -122.031032, 37.609043 ], [ -122.02324, 37.609048 ], [ -122.020037, 37.606243 ], [ -122.016575, 37.608476 ], [ -122.016883, 37.609275 ], [ -122.01676, 37.61306 ], [ -122.01787, 37.616604 ], [ -122.020624, 37.619 ], [ -122.021874, 37.619292 ], [ -122.023806, 37.622188 ], [ -122.02393, 37.623089 ], [ -122.026606, 37.622972 ], [ -122.026644, 37.623132 ], [ -122.028028, 37.622776 ], [ -122.029623, 37.625082 ], [ -122.030028, 37.628855 ], [ -122.025508, 37.628203 ], [ -122.022853, 37.632251 ], [ -122.020541, 37.633372 ], [ -122.018815, 37.633242 ], [ -122.017206, 37.632394 ], [ -122.014024, 37.631686 ], [ -122.012169, 37.630683 ], [ -122.008161, 37.628588 ], [ -122.006593, 37.627058 ], [ -122.005805, 37.627406 ], [ -122.005086, 37.627481 ], [ -122.002287, 37.627205 ], [ -121.999106, 37.629031 ], [ -121.998892, 37.630418 ], [ -121.996149, 37.631511 ], [ -121.991341, 37.630825 ], [ -121.990386, 37.633408 ], [ -121.988837, 37.633927 ], [ -121.986594, 37.634155 ], [ -121.983154, 37.634586 ], [ -121.980585, 37.636557 ], [ -121.978277, 37.639418 ], [ -121.9689, 37.643085 ], [ -121.967026, 37.643206 ], [ -121.963518, 37.640816 ], [ -121.962072, 37.638588 ], [ -121.960163, 37.636838 ], [ -121.958615, 37.636122 ], [ -121.954435, 37.635446 ], [ -121.951916, 37.633211 ], [ -121.951556, 37.63286 ], [ -121.950784, 37.63197 ], [ -121.949695, 37.631429 ], [ -121.948676, 37.630436 ], [ -121.947365, 37.629913 ], [ -121.94599, 37.628967 ], [ -121.945842, 37.628454 ], [ -121.943857, 37.626413 ], [ -121.943915, 37.625494 ], [ -121.94333, 37.624533 ], [ -121.943606, 37.621337 ], [ -121.943818, 37.619711 ], [ -121.943459, 37.618415 ], [ -121.945101, 37.616631 ], [ -121.944162, 37.615075 ], [ -121.942287, 37.6148 ], [ -121.941008, 37.613827 ], [ -121.941364, 37.611252 ], [ -121.942293, 37.610751 ], [ -121.942251, 37.610592 ], [ -121.942269, 37.610457 ], [ -121.942517, 37.610283 ], [ -121.942792, 37.610193 ], [ -121.943774, 37.610129 ], [ -121.943787, 37.610127 ], [ -121.944282, 37.609952 ], [ -121.945128, 37.609522 ], [ -121.945399, 37.60914 ], [ -121.945194, 37.608518 ], [ -121.945473, 37.607809 ], [ -121.945548, 37.607201 ], [ -121.948285, 37.60338 ], [ -121.947815, 37.601225 ], [ -121.945875, 37.598069 ], [ -121.947011, 37.597896 ], [ -121.946658, 37.597716 ], [ -121.946024, 37.59751 ], [ -121.942647, 37.597925 ], [ -121.939608, 37.598827 ], [ -121.938382, 37.598148 ], [ -121.938009, 37.597675 ], [ -121.937951, 37.597293 ], [ -121.938133, 37.59506 ], [ -121.937445, 37.59265 ], [ -121.937238, 37.592238 ], [ -121.936294, 37.591154 ], [ -121.934868, 37.591002 ], [ -121.932767, 37.591732 ], [ -121.930267, 37.586225 ], [ -121.928118, 37.585947 ], [ -121.928374, 37.584376 ], [ -121.925614, 37.582349 ], [ -121.92713, 37.581245 ], [ -121.92604, 37.579789 ], [ -121.929942, 37.578509 ], [ -121.931325, 37.57629 ], [ -121.93331, 37.577127 ], [ -121.933251, 37.575865 ], [ -121.932403, 37.575041 ], [ -121.932979, 37.574203 ], [ -121.932369, 37.573576 ], [ -121.931739, 37.572744 ], [ -121.931812, 37.572552 ], [ -121.933064, 37.571255 ], [ -121.935672, 37.57005 ], [ -121.94278, 37.570627 ], [ -121.947592, 37.569869 ], [ -121.948528, 37.56994 ], [ -121.9527, 37.570649 ], [ -121.957967, 37.568677 ], [ -121.958592, 37.567424 ], [ -121.959055, 37.567125 ], [ -121.961473, 37.565571 ], [ -121.962097, 37.565087 ], [ -121.96222, 37.565012 ], [ -121.966533, 37.562069 ], [ -121.96796, 37.561234 ], [ -121.96879, 37.560743 ], [ -121.971102, 37.559296 ], [ -121.972862, 37.558069 ], [ -121.973599, 37.557234 ], [ -121.976036, 37.554114 ], [ -121.977734, 37.55192 ], [ -121.982594, 37.54556 ], [ -121.985194, 37.542626 ], [ -121.985519, 37.542647 ], [ -121.991011, 37.545522 ], [ -121.993279, 37.542744 ], [ -121.996816, 37.538418 ], [ -121.997893, 37.53711 ], [ -121.998519, 37.536371 ], [ -122.000848, 37.533483 ], [ -122.001341, 37.532891 ], [ -122.001627, 37.53175 ], [ -122.001739, 37.530865 ], [ -122.00236, 37.529774 ], [ -122.014861, 37.536695 ], [ -122.017348, 37.539133 ], [ -122.020081, 37.542769 ], [ -122.022895, 37.546533 ], [ -122.028684, 37.554125 ], [ -122.031219, 37.556592 ], [ -122.038506, 37.563408 ], [ -122.038571, 37.563462 ], [ -122.038596, 37.563483 ], [ -122.041645, 37.56634 ], [ -122.043128, 37.56773 ], [ -122.04452, 37.569316 ], [ -122.045512, 37.570834 ], [ -122.048354, 37.578599 ], [ -122.049546, 37.5819 ], [ -122.050346, 37.583491 ], [ -122.055099, 37.590335 ], [ -122.056731, 37.59263 ], [ -122.061052, 37.598688 ], [ -122.06566, 37.605143 ] ] ] } },
{ "type": "Feature", "properties": { "STATEFP20": "06", "PUMACE20": "08511", "AFFGEOID20": "795P200US0608511", "GEOID20": "0608511", "NAMELSAD20": "Santa Clara County (Central)--San Jose City (South Central/Branham) & Cambrian Park PUMA", "STUSPS20": "CA", "ST_NAME20": "California", "LSAD20": "P0", "ALAND20": 33207461, "AWATER20": 126060, "puma_geoid": "0608511", "display": "San Jose City (South Central/Branham) & Cambrian Park (Santa Clara Co., Central)", "place": "San Jose City (South Central/Branham) & Cambrian Park", "NAME": "Santa Clara County (Central)--San Jose City (South Central/Branham) & Cambrian Park PUMA; California", "total_housing_units": 38543, "occupied_units": 36799, "vacant_units": 1744, "vacancy_rate": 0.045248164387826501, "median_gross_rent": 2697, "median_gross_rent_display": "$2,697", "median_home_value": 1272200, "median_home_value_display": "$1,272,200", "home_value_topcoded": false, "county": "Santa Clara", "subregion": "Central", "city": "Bay Area" }, "geometry": { "type": "Polygon", "coordinates": [ [ [ -121.955344, 37.256264 ], [ -121.953844, 37.258209 ], [ -121.953424, 37.258809 ], [ -121.9503, 37.26299 ], [ -121.949021, 37.265192 ], [ -121.947843, 37.268308 ], [ -121.94724, 37.27076 ], [ -121.946158, 37.269971 ], [ -121.94209, 37.267002 ], [ -121.941018, 37.266156 ], [ -121.937627, 37.263502 ], [ -121.936482, 37.262746 ], [ -121.935319, 37.26221 ], [ -121.934018, 37.261871 ], [ -121.933826, 37.261838 ], [ -121.931411, 37.261742 ], [ -121.928529, 37.26174 ], [ -121.928158, 37.261741 ], [ -121.925904, 37.261743 ], [ -121.922321, 37.261749 ], [ -121.920907, 37.261882 ], [ -121.914916, 37.264811 ], [ -121.908271, 37.266815 ], [ -121.907917, 37.266985 ], [ -121.904661, 37.267944 ], [ -121.904403, 37.268014 ], [ -121.90376, 37.26819 ], [ -121.89586, 37.270369 ], [ -121.89496, 37.270796 ], [ -121.894021, 37.271258 ], [ -121.885885, 37.273403 ], [ -121.877855, 37.275517 ], [ -121.876789, 37.2757 ], [ -121.875302, 37.275738 ], [ -121.870401, 37.275277 ], [ -121.863677, 37.274487 ], [ -121.862939, 37.27445 ], [ -121.860301, 37.274321 ], [ -121.857225, 37.274471 ], [ -121.852166, 37.274555 ], [ -121.84984, 37.274576 ], [ -121.845142, 37.275005 ], [ -121.841897, 37.276928 ], [ -121.837354, 37.27989 ], [ -121.83524, 37.277823 ], [ -121.833828, 37.276491 ], [ -121.831173, 37.273889 ], [ -121.831086, 37.273821 ], [ -121.82905, 37.272403 ], [ -121.822106, 37.26743 ], [ -121.819009, 37.265462 ], [ -121.813525, 37.262196 ], [ -121.810299, 37.260202 ], [ -121.805743, 37.257491 ], [ -121.80249, 37.255625 ], [ -121.802898, 37.25533 ], [ -121.802085, 37.254839 ], [ -121.803656, 37.253115 ], [ -121.804024, 37.251476 ], [ -121.80723, 37.251705 ], [ -121.808862, 37.251543 ], [ -121.809802, 37.25125 ], [ -121.812841, 37.251494 ], [ -121.817494, 37.251459 ], [ -121.821818, 37.251426 ], [ -121.825074, 37.251398 ], [ -121.830838, 37.251288 ], [ -121.829969, 37.248048 ], [ -121.829988, 37.247493 ], [ -121.83651, 37.250723 ], [ -121.839743, 37.250541 ], [ -121.84181, 37.250617 ], [ -121.846752, 37.250573 ], [ -121.849651, 37.250502 ], [ -121.854426, 37.250315 ], [ -121.858876, 37.250358 ], [ -121.86655, 37.25041 ], [ -121.870167, 37.250475 ], [ -121.874507, 37.250839 ], [ -121.875315, 37.250817 ], [ -121.877446, 37.250589 ], [ -121.880496, 37.249359 ], [ -121.882424, 37.248421 ], [ -121.884577, 37.247267 ], [ -121.887093, 37.245813 ], [ -121.887697, 37.245919 ], [ -121.888526, 37.246059 ], [ -121.889996, 37.246264 ], [ -121.891973, 37.245519 ], [ -121.901641, 37.241115 ], [ -121.903796, 37.240136 ], [ -121.903476, 37.239058 ], [ -121.903561, 37.237189 ], [ -121.903557, 37.236911 ], [ -121.903523, 37.236363 ], [ -121.911221, 37.23631 ], [ -121.916686, 37.236227 ], [ -121.922611, 37.236187 ], [ -121.92271, 37.240221 ], [ -121.922666, 37.24263 ], [ -121.922654, 37.243488 ], [ -121.925161, 37.243474 ], [ -121.925673, 37.243466 ], [ -121.927624, 37.243451 ], [ -121.931241, 37.243419 ], [ -121.93114, 37.24023 ], [ -121.93321, 37.24017 ], [ -121.933314, 37.243419 ], [ -121.933807, 37.243417 ], [ -121.936383, 37.243402 ], [ -121.937551, 37.243404 ], [ -121.940332, 37.243395 ], [ -121.941067, 37.24334 ], [ -121.94543, 37.243372 ], [ -121.946165, 37.243564 ], [ -121.94623, 37.243588 ], [ -121.9469, 37.24372 ], [ -121.94914, 37.24335 ], [ -121.950034, 37.246505 ], [ -121.950944, 37.249809 ], [ -121.951923, 37.252979 ], [ -121.95247, 37.25321 ], [ -121.951968, 37.253842 ], [ -121.9515, 37.25441 ], [ -121.9513, 37.25466 ], [ -121.952463, 37.25489 ], [ -121.95461, 37.25543 ], [ -121.95568, 37.2558 ], [ -121.955344, 37.256264 ] ] ] } },
{ "type": "Feature", "properties": { "STATEFP20": "06", "PUMACE20": "01313", "AFFGEOID20": "795P200US0601313", "GEOID20": "0601313", "NAMELSAD20": "Contra Costa County (Central)--Concord (South), Walnut Creek (East) & Clayton Cities PUMA", "STUSPS20": "CA", "ST_NAME20": "California", "LSAD20": "P0", "ALAND20": 207058237, "AWATER20": 36215, "puma_geoid": "0601313", "display": "Concord (South), Walnut Creek (East) & Clayton (Contra Costa Co., Central)", "place": "Concord (South), Walnut Creek (East) & Clayton Cities", "NAME": "Contra Costa County (Central)--Concord (South), Walnut Creek (East) & Clayton Cities PUMA; California", "total_housing_units": 72044, "occupied_units": 70003, "vacant_units": 2041, "vacancy_rate": 0.028329909499750099, "median_gross_rent": 2480, "median_gross_rent_display": "$2,480", "median_home_value": 943100, "median_home_value_display": "$943,100", "home_value_topcoded": false, "county": "Contra Costa", "subregion": "Central", "city": "Bay Area" }, "geometry": { "type": "Polygon", "coordinates": [ [ [ -122.070878, 37.898116 ], [ -122.070221, 37.90097 ], [ -122.070141, 37.901477 ], [ -122.069401, 37.905327 ], [ -122.067572, 37.910979 ], [ -122.066246, 37.914628 ], [ -122.064084, 37.917261 ], [ -122.062949, 37.918664 ], [ -122.061507, 37.921901 ], [ -122.060888, 37.923758 ], [ -122.060479, 37.926458 ], [ -122.060084, 37.931695 ], [ -122.060052, 37.933319 ], [ -122.060178, 37.938032 ], [ -122.059948, 37.940673 ], [ -122.05802, 37.945398 ], [ -122.055976, 37.949964 ], [ -122.05429, 37.953663 ], [ -122.053898, 37.953071 ], [ -122.053803, 37.951622 ], [ -122.051637, 37.947546 ], [ -122.050952, 37.948018 ], [ -122.050853, 37.948085 ], [ -122.049816, 37.948787 ], [ -122.047867, 37.950155 ], [ -122.044281, 37.952629 ], [ -122.043257, 37.953351 ], [ -122.042677, 37.953761 ], [ -122.041429, 37.954643 ], [ -122.038965, 37.956369 ], [ -122.035681, 37.958653 ], [ -122.033643, 37.960066 ], [ -122.03317, 37.960433 ], [ -122.030172, 37.962521 ], [ -122.03081, 37.964167 ], [ -122.031391, 37.966795 ], [ -122.031229, 37.968387 ], [ -122.031971, 37.9687 ], [ -122.0319, 37.969403 ], [ -122.032589, 37.971862 ], [ -122.033103, 37.973295 ], [ -122.033786, 37.97424 ], [ -122.031579, 37.975287 ], [ -122.03091, 37.974403 ], [ -122.028664, 37.975462 ], [ -122.028856, 37.97679 ], [ -122.029104, 37.977365 ], [ -122.029593, 37.978545 ], [ -122.031081, 37.981595 ], [ -122.033701, 37.988354 ], [ -122.033724, 37.989466 ], [ -122.033258, 37.99155 ], [ -122.030794, 37.99532 ], [ -122.025327, 38.002871 ], [ -122.024677, 37.998188 ], [ -122.0212, 37.994137 ], [ -122.023079, 37.99333 ], [ -122.022319, 37.992716 ], [ -122.021148, 37.988859 ], [ -122.019166, 37.986235 ], [ -122.017268, 37.985327 ], [ -122.015534, 37.983335 ], [ -122.012897, 37.984609 ], [ -122.012087, 37.985181 ], [ -122.010288, 37.986476 ], [ -122.010111, 37.986847 ], [ -122.009696, 37.990515 ], [ -122.006199, 37.992332 ], [ -122.004296, 37.99128 ], [ -122.00317, 37.992452 ], [ -121.994792, 37.986442 ], [ -121.992798, 37.985008 ], [ -121.991275, 37.984125 ], [ -121.984469, 37.978821 ], [ -121.981603, 37.976618 ], [ -121.977639, 37.973711 ], [ -121.975476, 37.975529 ], [ -121.970023, 37.971742 ], [ -121.968324, 37.973166 ], [ -121.963877, 37.972833 ], [ -121.9585, 37.968379 ], [ -121.959225, 37.967676 ], [ -121.957451, 37.967211 ], [ -121.953635, 37.964914 ], [ -121.948657, 37.963084 ], [ -121.94887, 37.961424 ], [ -121.946022, 37.959772 ], [ -121.942833, 37.962164 ], [ -121.940671, 37.962905 ], [ -121.932924, 37.961768 ], [ -121.93014, 37.962036 ], [ -121.928782, 37.962914 ], [ -121.927575, 37.9664 ], [ -121.927126, 37.967057 ], [ -121.924796, 37.968847 ], [ -121.921459, 37.97068 ], [ -121.919369, 37.971859 ], [ -121.914741, 37.974648 ], [ -121.910579, 37.974907 ], [ -121.910426, 37.969797 ], [ -121.912656, 37.968079 ], [ -121.914428, 37.962678 ], [ -121.915492, 37.96221 ], [ -121.916346, 37.962215 ], [ -121.921542, 37.96034 ], [ -121.923722, 37.960706 ], [ -121.926086, 37.958495 ], [ -121.924779, 37.958065 ], [ -121.924582, 37.955496 ], [ -121.914617, 37.955142 ], [ -121.914514, 37.946371 ], [ -121.914464, 37.942992 ], [ -121.914367, 37.934868 ], [ -121.914408, 37.924975 ], [ -121.914417, 37.924826 ], [ -121.912015, 37.924339 ], [ -121.911711, 37.924293 ], [ -121.908936, 37.923718 ], [ -121.903426, 37.92197 ], [ -121.896905, 37.919283 ], [ -121.892284, 37.915829 ], [ -121.887615, 37.914137 ], [ -121.885433, 37.91257 ], [ -121.88217, 37.912136 ], [ -121.879866, 37.910812 ], [ -121.878704, 37.909554 ], [ -121.876468, 37.908564 ], [ -121.875904, 37.907321 ], [ -121.87416, 37.906039 ], [ -121.873596, 37.900103 ], [ -121.87234, 37.896993 ], [ -121.873324, 37.893503 ], [ -121.873258, 37.891742 ], [ -121.867364, 37.887674 ], [ -121.866544, 37.883522 ], [ -121.867781, 37.87958 ], [ -121.869384, 37.877707 ], [ -121.869917, 37.875162 ], [ -121.874251, 37.873507 ], [ -121.873993, 37.871893 ], [ -121.87463, 37.868653 ], [ -121.878532, 37.867438 ], [ -121.879105, 37.866554 ], [ -121.882944, 37.864706 ], [ -121.884331, 37.862654 ], [ -121.887718, 37.861064 ], [ -121.889664, 37.86107 ], [ -121.891342, 37.859674 ], [ -121.893753, 37.858949 ], [ -121.896454, 37.859933 ], [ -121.90155, 37.858438 ], [ -121.90213, 37.857355 ], [ -121.905564, 37.856935 ], [ -121.910887, 37.857475 ], [ -121.911001, 37.846086 ], [ -121.893393, 37.846089 ], [ -121.893526, 37.845682 ], [ -121.895966, 37.83823 ], [ -121.909171, 37.840316 ], [ -121.921069, 37.843025 ], [ -121.922342, 37.842585 ], [ -121.922674, 37.840881 ], [ -121.925221, 37.841146 ], [ -121.927076, 37.842783 ], [ -121.929192, 37.841844 ], [ -121.93134, 37.842188 ], [ -121.932422, 37.841562 ], [ -121.933759, 37.844023 ], [ -121.936026, 37.843621 ], [ -121.937264, 37.844271 ], [ -121.937215, 37.842695 ], [ -121.938162, 37.841173 ], [ -121.9407, 37.841922 ], [ -121.940342, 37.84319 ], [ -121.941649, 37.843409 ], [ -121.943931, 37.841977 ], [ -121.946133, 37.843306 ], [ -121.947399, 37.842377 ], [ -121.948148, 37.842284 ], [ -121.949831, 37.844115 ], [ -121.950215, 37.843921 ], [ -121.949178, 37.840865 ], [ -121.947562, 37.840228 ], [ -121.94797, 37.838902 ], [ -121.951617, 37.835169 ], [ -121.951975, 37.83246 ], [ -121.95192, 37.831928 ], [ -121.95285, 37.831917 ], [ -121.954999, 37.831923 ], [ -121.956885, 37.832063 ], [ -121.959075, 37.833215 ], [ -121.960481, 37.833502 ], [ -121.962194, 37.833074 ], [ -121.9659, 37.833926 ], [ -121.9671, 37.835227 ], [ -121.967251, 37.835309 ], [ -121.968431, 37.835625 ], [ -121.970797, 37.835861 ], [ -121.978299, 37.835072 ], [ -121.978825, 37.834843 ], [ -121.981735, 37.832775 ], [ -121.984387, 37.831023 ], [ -121.987279, 37.83041 ], [ -121.990627, 37.832454 ], [ -121.99211, 37.832761 ], [ -121.997361, 37.831774 ], [ -122.000763, 37.829746 ], [ -122.008976, 37.835005 ], [ -122.016271, 37.839393 ], [ -122.017612, 37.84014 ], [ -122.017732, 37.840204 ], [ -122.025087, 37.845581 ], [ -122.027765, 37.848142 ], [ -122.028714, 37.851491 ], [ -122.028989, 37.854034 ], [ -122.029161, 37.854618 ], [ -122.03315, 37.861461 ], [ -122.035283, 37.863374 ], [ -122.037583, 37.865286 ], [ -122.03976, 37.868232 ], [ -122.040902, 37.869666 ], [ -122.043775, 37.873653 ], [ -122.047514, 37.877406 ], [ -122.049045, 37.879367 ], [ -122.050071, 37.880846 ], [ -122.055021, 37.885604 ], [ -122.057801, 37.889372 ], [ -122.05905, 37.890275 ], [ -122.066784, 37.89386 ], [ -122.06972, 37.895386 ], [ -122.070653, 37.896559 ], [ -122.070878, 37.898116 ] ] ] } },
{ "type": "Feature", "properties": { "STATEFP20": "06", "PUMACE20": "00121", "AFFGEOID20": "795P200US0600121", "GEOID20": "0600121", "NAMELSAD20": "Alameda County (South)--Fremont City (Southeast) PUMA", "STUSPS20": "CA", "ST_NAME20": "California", "LSAD20": "P0", "ALAND20": 77152757, "AWATER20": 264744, "puma_geoid": "0600121", "display": "Fremont City (Southeast) (Alameda Co., South)", "place": "Fremont City (Southeast)", "NAME": "Alameda County (South)--Fremont City (Southeast) PUMA; California", "total_housing_units": 40219, "occupied_units": 38347, "vacant_units": 1872, "vacancy_rate": 0.046545165220418197, "median_gross_rent": 2917, "median_gross_rent_display": "$2,917", "median_home_value": 1414200, "median_home_value_display": "$1,414,200", "home_value_topcoded": false, "county": "Alameda", "subregion": "South", "city": "Bay Area" }, "geometry": { "type": "Polygon", "coordinates": [ [ [ -122.001739, 37.530865 ], [ -122.001627, 37.53175 ], [ -122.001341, 37.532891 ], [ -122.000848, 37.533483 ], [ -121.998519, 37.536371 ], [ -121.997893, 37.53711 ], [ -121.996816, 37.538418 ], [ -121.993279, 37.542744 ], [ -121.991011, 37.545522 ], [ -121.985519, 37.542647 ], [ -121.985194, 37.542626 ], [ -121.982594, 37.54556 ], [ -121.977734, 37.55192 ], [ -121.976036, 37.554114 ], [ -121.973599, 37.557234 ], [ -121.972862, 37.558069 ], [ -121.971102, 37.559296 ], [ -121.96879, 37.560743 ], [ -121.96796, 37.561234 ], [ -121.966533, 37.562069 ], [ -121.96222, 37.565012 ], [ -121.962097, 37.565087 ], [ -121.961473, 37.565571 ], [ -121.959055, 37.567125 ], [ -121.958592, 37.567424 ], [ -121.957967, 37.568677 ], [ -121.9527, 37.570649 ], [ -121.948528, 37.56994 ], [ -121.947592, 37.569869 ], [ -121.94278, 37.570627 ], [ -121.935672, 37.57005 ], [ -121.933064, 37.571255 ], [ -121.931812, 37.572552 ], [ -121.931739, 37.572744 ], [ -121.927619, 37.571479 ], [ -121.92583, 37.56943 ], [ -121.925707, 37.568086 ], [ -121.923149, 37.568222 ], [ -121.920156, 37.565946 ], [ -121.920501, 37.564365 ], [ -121.919408, 37.560429 ], [ -121.923782, 37.560399 ], [ -121.923714, 37.559685 ], [ -121.923726, 37.557726 ], [ -121.922167, 37.55816 ], [ -121.922128, 37.558406 ], [ -121.920679, 37.559287 ], [ -121.918495, 37.55983 ], [ -121.918835, 37.560973 ], [ -121.914499, 37.560769 ], [ -121.915067, 37.55625 ], [ -121.909575, 37.555009 ], [ -121.908322, 37.551755 ], [ -121.907336, 37.549275 ], [ -121.904813, 37.550106 ], [ -121.899323, 37.546589 ], [ -121.893614, 37.550203 ], [ -121.890668, 37.547936 ], [ -121.888299, 37.545174 ], [ -121.887457, 37.54304 ], [ -121.887328, 37.538977 ], [ -121.88312, 37.536138 ], [ -121.880468, 37.533316 ], [ -121.878148, 37.530239 ], [ -121.879065, 37.528855 ], [ -121.879379, 37.5264 ], [ -121.880048, 37.52136 ], [ -121.881131, 37.513358 ], [ -121.880783, 37.507893 ], [ -121.88029, 37.507621 ], [ -121.878284, 37.503719 ], [ -121.876609, 37.500362 ], [ -121.873752, 37.492374 ], [ -121.873277, 37.491089 ], [ -121.874493, 37.489083 ], [ -121.87213, 37.48332 ], [ -121.870115, 37.480729 ], [ -121.871047, 37.479241 ], [ -121.874009, 37.477407 ], [ -121.874612, 37.475767 ], [ -121.877236, 37.475227 ], [ -121.880251, 37.471548 ], [ -121.882603, 37.470554 ], [ -121.885966, 37.471375 ], [ -121.889352, 37.470102 ], [ -121.890759, 37.468038 ], [ -121.891386, 37.46785 ], [ -121.894992, 37.467544 ], [ -121.898306, 37.466661 ], [ -121.898842, 37.465954 ], [ -121.903917, 37.46454 ], [ -121.911332, 37.462236 ], [ -121.912652, 37.46065 ], [ -121.916726, 37.467485 ], [ -121.918295, 37.470188 ], [ -121.921084, 37.474995 ], [ -121.921828, 37.476297 ], [ -121.923997, 37.480069 ], [ -121.924609, 37.481116 ], [ -121.926726, 37.48486 ], [ -121.929543, 37.489847 ], [ -121.930681, 37.48894 ], [ -121.932129, 37.487248 ], [ -121.933276, 37.485968 ], [ -121.935036, 37.484438 ], [ -121.936783, 37.483954 ], [ -121.948597, 37.492799 ], [ -121.948227, 37.494745 ], [ -121.949051, 37.502503 ], [ -121.949872, 37.509548 ], [ -121.95117, 37.512099 ], [ -121.960635, 37.510181 ], [ -121.962883, 37.509343 ], [ -121.967456, 37.507453 ], [ -121.972639, 37.511406 ], [ -121.982543, 37.519422 ], [ -121.983809, 37.520338 ], [ -121.987767, 37.522432 ], [ -121.987975, 37.522531 ], [ -122.00236, 37.529774 ], [ -122.001739, 37.530865 ] ] ] } },
{ "type": "Feature", "properties": { "STATEFP20": "06", "PUMACE20": "08105", "AFFGEOID20": "795P200US0608105", "GEOID20": "0608105", "NAMELSAD20": "San Mateo County (East Central)--Redwood City, San Carlos & Belmont Cities PUMA", "STUSPS20": "CA", "ST_NAME20": "California", "LSAD20": "P0", "ALAND20": 81215234, "AWATER20": 11825565, "puma_geoid": "0608105", "display": "Redwood City, San Carlos & Belmont (San Mateo Co., East Central)", "place": "Redwood City, San Carlos & Belmont Cities", "NAME": "San Mateo County (East Central)--Redwood City, San Carlos & Belmont Cities PUMA; California", "total_housing_units": 54156, "occupied_units": 50836, "vacant_units": 3320, "vacancy_rate": 0.061304379939434203, "median_gross_rent": 2931, "median_gross_rent_display": "$2,931", "median_home_value": 2000001, "median_home_value_display": "$2,000,000+", "home_value_topcoded": true, "county": "San Mateo", "subregion": "East Central", "city": "Bay Area" }, "geometry": { "type": "Polygon", "coordinates": [ [ [ -122.339108, 37.507082 ], [ -122.338565, 37.507142 ], [ -122.335882, 37.508051 ], [ -122.330197, 37.512587 ], [ -122.329712, 37.513167 ], [ -122.328878, 37.513553 ], [ -122.326853, 37.515062 ], [ -122.324847, 37.517322 ], [ -122.325505, 37.519087 ], [ -122.323711, 37.521018 ], [ -122.321792, 37.521221 ], [ -122.319724, 37.519478 ], [ -122.314957, 37.519208 ], [ -122.314432, 37.521113 ], [ -122.313285, 37.521562 ], [ -122.311742, 37.524441 ], [ -122.3073, 37.521163 ], [ -122.306712, 37.521321 ], [ -122.301947, 37.523365 ], [ -122.29436, 37.526488 ], [ -122.29328, 37.526978 ], [ -122.291291, 37.527645 ], [ -122.287413, 37.529267 ], [ -122.28704, 37.529434 ], [ -122.286783, 37.529571 ], [ -122.285539, 37.530666 ], [ -122.284519, 37.530416 ], [ -122.278278, 37.528835 ], [ -122.277855, 37.52987 ], [ -122.276454, 37.529511 ], [ -122.274974, 37.530471 ], [ -122.27732, 37.532935 ], [ -122.276734, 37.533855 ], [ -122.276664, 37.534223 ], [ -122.265697, 37.534076 ], [ -122.264999, 37.534388 ], [ -122.264577, 37.534114 ], [ -122.261373, 37.533401 ], [ -122.260429, 37.539677 ], [ -122.259625, 37.540376 ], [ -122.258462, 37.541183 ], [ -122.256847, 37.540493 ], [ -122.251933, 37.540409 ], [ -122.252371, 37.544505 ], [ -122.250724, 37.548194 ], [ -122.249364, 37.549193 ], [ -122.244071, 37.553596 ], [ -122.243962966831006, 37.553729624783202 ], [ -122.243757473396997, 37.553364673078597 ], [ -122.243417, 37.55276 ], [ -122.23585, 37.551967 ], [ -122.23288, 37.55259 ], [ -122.229047, 37.551255 ], [ -122.227012164117994, 37.5484238325162 ], [ -122.225673259261995, 37.546560948178403 ], [ -122.224231421178999, 37.544554847768403 ], [ -122.223244, 37.543181 ], [ -122.21248, 37.540187 ], [ -122.203685, 37.540187 ], [ -122.196593, 37.537196 ], [ -122.195130467051001, 37.5337655720203 ], [ -122.194654, 37.532648 ], [ -122.198679105967997, 37.528206833865397 ], [ -122.20012, 37.526617 ], [ -122.197258605578, 37.524318130338699 ], [ -122.194957, 37.522469 ], [ -122.186572, 37.517568 ], [ -122.183483, 37.520773 ], [ -122.179548, 37.511816 ], [ -122.178147268714, 37.510885709656499 ], [ -122.164222904189998, 37.501637896040499 ], [ -122.168765, 37.496332 ], [ -122.173044, 37.496217 ], [ -122.175988, 37.498198 ], [ -122.178182, 37.498268 ], [ -122.178465, 37.497773 ], [ -122.178442, 37.488956 ], [ -122.178984, 37.489372 ], [ -122.179191, 37.489361 ], [ -122.179205, 37.488614 ], [ -122.17946, 37.488015 ], [ -122.17937, 37.487482 ], [ -122.179122, 37.487273 ], [ -122.178492, 37.487149 ], [ -122.178497, 37.486989 ], [ -122.182775, 37.48825 ], [ -122.183696, 37.488351 ], [ -122.189498, 37.487529 ], [ -122.18952, 37.487418 ], [ -122.189165, 37.487383 ], [ -122.189293, 37.486661 ], [ -122.18221, 37.485133 ], [ -122.182876, 37.483998 ], [ -122.185998, 37.484816 ], [ -122.189891, 37.485484 ], [ -122.199117, 37.486632 ], [ -122.201425, 37.48267 ], [ -122.202086, 37.482932 ], [ -122.213408, 37.485225 ], [ -122.213282, 37.483411 ], [ -122.212072, 37.483156 ], [ -122.209403, 37.482605 ], [ -122.210044, 37.481687 ], [ -122.212843, 37.477654 ], [ -122.213375, 37.478013 ], [ -122.214751, 37.478923 ], [ -122.214969, 37.479067 ], [ -122.216117, 37.477454 ], [ -122.21721, 37.477639 ], [ -122.217246, 37.477545 ], [ -122.21764, 37.477094 ], [ -122.21523, 37.475165 ], [ -122.215461, 37.474825 ], [ -122.216776, 37.472895 ], [ -122.215359, 37.471868 ], [ -122.213684, 37.470656 ], [ -122.21245, 37.469684 ], [ -122.216267, 37.464893 ], [ -122.217738, 37.46429 ], [ -122.21832, 37.463112 ], [ -122.218966, 37.462607 ], [ -122.221019, 37.462793 ], [ -122.224778, 37.464346 ], [ -122.22557, 37.461014 ], [ -122.226243, 37.459729 ], [ -122.226289, 37.459634 ], [ -122.227609, 37.457207 ], [ -122.227889, 37.456716 ], [ -122.231608, 37.448758 ], [ -122.238022, 37.453345 ], [ -122.240316, 37.455013 ], [ -122.243654, 37.453223 ], [ -122.24694, 37.455486 ], [ -122.257343, 37.447204 ], [ -122.260262, 37.447453 ], [ -122.260313, 37.448378 ], [ -122.263861, 37.448108 ], [ -122.263071, 37.449421 ], [ -122.266632, 37.450758 ], [ -122.269091, 37.452246 ], [ -122.266623, 37.454113 ], [ -122.268021, 37.456358 ], [ -122.267924, 37.456815 ], [ -122.267599, 37.457254 ], [ -122.265382, 37.458641 ], [ -122.263535, 37.457852 ], [ -122.261958, 37.461298 ], [ -122.261144, 37.461276 ], [ -122.258951, 37.459714 ], [ -122.258161, 37.459879 ], [ -122.255149, 37.461731 ], [ -122.255839, 37.462258 ], [ -122.255702, 37.462684 ], [ -122.256123, 37.463803 ], [ -122.255951, 37.46394 ], [ -122.25476, 37.464793 ], [ -122.255846, 37.465551 ], [ -122.25679, 37.465145 ], [ -122.25695, 37.464982 ], [ -122.257901, 37.464547 ], [ -122.258783, 37.465981 ], [ -122.262457, 37.467143 ], [ -122.262909, 37.468124 ], [ -122.262756, 37.46821 ], [ -122.259147, 37.468553 ], [ -122.258551, 37.469096 ], [ -122.259475, 37.470776 ], [ -122.25957, 37.472207 ], [ -122.260254, 37.472618 ], [ -122.261437, 37.474064 ], [ -122.260278, 37.477272 ], [ -122.26177, 37.477719 ], [ -122.263237, 37.475363 ], [ -122.263696, 37.475073 ], [ -122.270738, 37.474534 ], [ -122.276839, 37.474561 ], [ -122.278203, 37.474146 ], [ -122.280118, 37.474545 ], [ -122.280311, 37.474593 ], [ -122.282779, 37.474515 ], [ -122.28766, 37.470477 ], [ -122.291136, 37.469493 ], [ -122.292403, 37.468454 ], [ -122.293001, 37.469342 ], [ -122.298455, 37.474737 ], [ -122.299203, 37.4762 ], [ -122.299689, 37.478384 ], [ -122.298722, 37.484249 ], [ -122.298582, 37.487645 ], [ -122.298888, 37.489088 ], [ -122.300205, 37.49122 ], [ -122.303554, 37.493717 ], [ -122.311168, 37.495871 ], [ -122.31616, 37.498346 ], [ -122.320418, 37.500016 ], [ -122.326372, 37.500342 ], [ -122.328914, 37.500849 ], [ -122.331149, 37.501891 ], [ -122.338787, 37.506908 ], [ -122.339108, 37.507082 ] ] ] } },
{ "type": "Feature", "properties": { "STATEFP20": "06", "PUMACE20": "00120", "AFFGEOID20": "795P200US0600120", "GEOID20": "0600120", "NAMELSAD20": "Alameda County (East)--Livermore & Dublin (East) Cities PUMA", "STUSPS20": "CA", "ST_NAME20": "California", "LSAD20": "P0", "ALAND20": 679384922, "AWATER20": 6518930, "puma_geoid": "0600120", "display": "Livermore & Dublin (East) (Alameda Co., East)", "place": "Livermore & Dublin (East) Cities", "NAME": "Alameda County (East)--Livermore & Dublin (East) Cities PUMA; California", "total_housing_units": 41973, "occupied_units": 40592, "vacant_units": 1381, "vacancy_rate": 0.032902103733352298, "median_gross_rent": 2736, "median_gross_rent_display": "$2,736", "median_home_value": 1112900, "median_home_value_display": "$1,112,900", "home_value_topcoded": false, "county": "Alameda", "subregion": "East", "city": "Bay Area" }, "geometry": { "type": "Polygon", "coordinates": [ [ [ -121.881567, 37.737328 ], [ -121.873542, 37.739317 ], [ -121.870733, 37.740086 ], [ -121.86002, 37.742688 ], [ -121.850727, 37.744942 ], [ -121.841532, 37.747176 ], [ -121.835612, 37.748617 ], [ -121.832211, 37.749449 ], [ -121.812589, 37.754225 ], [ -121.780564, 37.761827 ], [ -121.751383, 37.769089 ], [ -121.73928, 37.772122 ], [ -121.699286, 37.78196 ], [ -121.697322, 37.782438 ], [ -121.670372, 37.789014 ], [ -121.655399, 37.792671 ], [ -121.634472, 37.796996 ], [ -121.623307, 37.800119 ], [ -121.619362, 37.801222 ], [ -121.577263, 37.811463 ], [ -121.577005, 37.811527 ], [ -121.556997, 37.816488 ], [ -121.557038, 37.815988 ], [ -121.55696, 37.798837 ], [ -121.557023, 37.789054 ], [ -121.557013, 37.78221 ], [ -121.55697, 37.771395 ], [ -121.556902, 37.768082 ], [ -121.556661, 37.756107 ], [ -121.557145, 37.746608 ], [ -121.556959, 37.743195 ], [ -121.556959, 37.743051 ], [ -121.557054, 37.738961 ], [ -121.557034, 37.707704 ], [ -121.556958, 37.703581 ], [ -121.556957, 37.664226 ], [ -121.556957, 37.63613 ], [ -121.556857, 37.635531 ], [ -121.556656, 37.550036 ], [ -121.556655, 37.542732 ], [ -121.550454, 37.539332 ], [ -121.548355, 37.535932 ], [ -121.546854, 37.535032 ], [ -121.545754, 37.532532 ], [ -121.54328, 37.531593 ], [ -121.541833, 37.530215 ], [ -121.539425, 37.529584 ], [ -121.537079, 37.529752 ], [ -121.53619, 37.52908 ], [ -121.533616, 37.528887 ], [ -121.529897, 37.527048 ], [ -121.528817, 37.52806 ], [ -121.527894, 37.527387 ], [ -121.523862, 37.526212 ], [ -121.522328, 37.524705 ], [ -121.519134, 37.524447 ], [ -121.516749, 37.525512 ], [ -121.513674, 37.524758 ], [ -121.511509, 37.525075 ], [ -121.507883, 37.524774 ], [ -121.50442, 37.525863 ], [ -121.501475, 37.525003 ], [ -121.498268, 37.522427 ], [ -121.49958, 37.52014 ], [ -121.502371, 37.51847 ], [ -121.49994, 37.516242 ], [ -121.49987, 37.515108 ], [ -121.497232, 37.512463 ], [ -121.496676, 37.509211 ], [ -121.495521, 37.508659 ], [ -121.495213, 37.50686 ], [ -121.496017, 37.504938 ], [ -121.493183, 37.502421 ], [ -121.489381, 37.502142 ], [ -121.486593, 37.501388 ], [ -121.482065, 37.501439 ], [ -121.48074, 37.499777 ], [ -121.479362, 37.496484 ], [ -121.475897, 37.495272 ], [ -121.473761, 37.492777 ], [ -121.470938, 37.491183 ], [ -121.469214, 37.48936 ], [ -121.471198, 37.485034 ], [ -121.47106, 37.483317 ], [ -121.471925, 37.481783 ], [ -121.472648, 37.48217 ], [ -121.472952, 37.482333 ], [ -121.564355, 37.482433 ], [ -121.608284, 37.482633 ], [ -121.660944, 37.482831 ], [ -121.670399, 37.48274 ], [ -121.671262, 37.483842 ], [ -121.671606, 37.486402 ], [ -121.672405, 37.487347 ], [ -121.676714, 37.48966 ], [ -121.67921, 37.490023 ], [ -121.680865, 37.489771 ], [ -121.682774, 37.49048 ], [ -121.68394, 37.491853 ], [ -121.687633, 37.492729 ], [ -121.688683, 37.496062 ], [ -121.688173, 37.497072 ], [ -121.689355, 37.500255 ], [ -121.691162, 37.502123 ], [ -121.689976, 37.503591 ], [ -121.68863, 37.504098 ], [ -121.686784, 37.506909 ], [ -121.686871, 37.507705 ], [ -121.689194, 37.508028 ], [ -121.690969, 37.508955 ], [ -121.692309, 37.508161 ], [ -121.695171, 37.509347 ], [ -121.698247, 37.511986 ], [ -121.700467, 37.513107 ], [ -121.700706, 37.514123 ], [ -121.702435, 37.515055 ], [ -121.702509, 37.51735 ], [ -121.702073, 37.52019 ], [ -121.70115, 37.522179 ], [ -121.701447, 37.524953 ], [ -121.702282, 37.526769 ], [ -121.700329, 37.527298 ], [ -121.699519, 37.528418 ], [ -121.696399, 37.529894 ], [ -121.693544, 37.527863 ], [ -121.692133, 37.526232 ], [ -121.687652, 37.52505 ], [ -121.686897, 37.526348 ], [ -121.68437, 37.52708 ], [ -121.683613, 37.526564 ], [ -121.681221, 37.526614 ], [ -121.6827, 37.528938 ], [ -121.684763, 37.53022 ], [ -121.685282, 37.532346 ], [ -121.686943, 37.533942 ], [ -121.689571, 37.538665 ], [ -121.691734, 37.541011 ], [ -121.693157, 37.544071 ], [ -121.693701, 37.546553 ], [ -121.694474, 37.54779 ], [ -121.695747, 37.550177 ], [ -121.697719, 37.551432 ], [ -121.698067, 37.552345 ], [ -121.700668, 37.552958 ], [ -121.700797, 37.556191 ], [ -121.703124, 37.558209 ], [ -121.70752, 37.559671 ], [ -121.711482, 37.564843 ], [ -121.713687, 37.564578 ], [ -121.715478, 37.566766 ], [ -121.716705, 37.567225 ], [ -121.719956, 37.569271 ], [ -121.719873, 37.571934 ], [ -121.719423, 37.573312 ], [ -121.720772, 37.574548 ], [ -121.721059, 37.576863 ], [ -121.72197, 37.577587 ], [ -121.725572, 37.577477 ], [ -121.727182, 37.578652 ], [ -121.728271, 37.580496 ], [ -121.730833, 37.581394 ], [ -121.732294, 37.58448 ], [ -121.736994, 37.584751 ], [ -121.737955, 37.585942 ], [ -121.739435, 37.587084 ], [ -121.742322, 37.586589 ], [ -121.742324, 37.587474 ], [ -121.746619, 37.59038 ], [ -121.750028, 37.591091 ], [ -121.748493, 37.594527 ], [ -121.750523, 37.595978 ], [ -121.75264, 37.59868 ], [ -121.756469, 37.600306 ], [ -121.756085, 37.600762 ], [ -121.751233, 37.601213 ], [ -121.757446, 37.602516 ], [ -121.759112, 37.603356 ], [ -121.764838, 37.60432 ], [ -121.772366, 37.606994 ], [ -121.777818, 37.610499 ], [ -121.779836, 37.614384 ], [ -121.77993, 37.616857 ], [ -121.782694, 37.620559 ], [ -121.785064, 37.623131 ], [ -121.785864, 37.626031 ], [ -121.787891, 37.627251 ], [ -121.794307, 37.626256 ], [ -121.79825, 37.625997 ], [ -121.799985, 37.626599 ], [ -121.80174, 37.628102 ], [ -121.803108, 37.628644 ], [ -121.802276, 37.629466 ], [ -121.80218, 37.632764 ], [ -121.802072, 37.63398 ], [ -121.801936, 37.634352 ], [ -121.801749, 37.635044 ], [ -121.801514, 37.635452 ], [ -121.799568, 37.636717 ], [ -121.799048, 37.640324 ], [ -121.79986, 37.642431 ], [ -121.80454, 37.647594 ], [ -121.805673, 37.650967 ], [ -121.805666, 37.652199 ], [ -121.805689, 37.653118 ], [ -121.805612, 37.655952 ], [ -121.805607, 37.65668 ], [ -121.805475, 37.66428 ], [ -121.80549, 37.665549 ], [ -121.805481, 37.67616 ], [ -121.823729, 37.674154 ], [ -121.826737, 37.673841 ], [ -121.826775, 37.674345 ], [ -121.82683, 37.67632 ], [ -121.832514, 37.680518 ], [ -121.837654, 37.685806 ], [ -121.83788, 37.68603 ], [ -121.843163, 37.691081 ], [ -121.847076, 37.691486 ], [ -121.848189, 37.692112 ], [ -121.848379, 37.692695 ], [ -121.848419, 37.693682 ], [ -121.848481, 37.693832 ], [ -121.848591, 37.693865 ], [ -121.848734, 37.693867 ], [ -121.848278, 37.693953 ], [ -121.848239, 37.69396 ], [ -121.848263, 37.694419 ], [ -121.848357, 37.699727 ], [ -121.849501, 37.701354 ], [ -121.855044, 37.70141 ], [ -121.865179, 37.701506 ], [ -121.86664, 37.701521 ], [ -121.872208, 37.701578 ], [ -121.872187, 37.70257 ], [ -121.87201, 37.709806 ], [ -121.872018, 37.712622 ], [ -121.87201, 37.71665 ], [ -121.871534, 37.723206 ], [ -121.87206, 37.724188 ], [ -121.873543, 37.729082 ], [ -121.872934, 37.729426 ], [ -121.874364, 37.731425 ], [ -121.881767, 37.736428 ], [ -121.881567, 37.737328 ] ] ] } },
{ "type": "Feature", "properties": { "STATEFP20": "06", "PUMACE20": "08510", "AFFGEOID20": "795P200US0608510", "GEOID20": "0608510", "NAMELSAD20": "Santa Clara County (Central)--San Jose City (Central) PUMA", "STUSPS20": "CA", "ST_NAME20": "California", "LSAD20": "P0", "ALAND20": 49622967, "AWATER20": 15380, "puma_geoid": "0608510", "display": "San Jose City (Central) (Santa Clara Co., Central)", "place": "San Jose City (Central)", "NAME": "Santa Clara County (Central)--San Jose City (Central) PUMA; California", "total_housing_units": 57219, "occupied_units": 54996, "vacant_units": 2223, "vacancy_rate": 0.0388507314004089, "median_gross_rent": 2301, "median_gross_rent_display": "$2,301", "median_home_value": 1155000, "median_home_value_display": "$1,155,000", "home_value_topcoded": false, "county": "Santa Clara", "subregion": "Central", "city": "Bay Area" }, "geometry": { "type": "Polygon", "coordinates": [ [ [ -121.9459, 37.27247 ], [ -121.9451, 37.2725 ], [ -121.94499, 37.27515 ], [ -121.94333, 37.275743 ], [ -121.94184, 37.27717 ], [ -121.9375, 37.27913 ], [ -121.935706, 37.279217 ], [ -121.935186, 37.277892 ], [ -121.933165, 37.279821 ], [ -121.931642, 37.280181 ], [ -121.930034, 37.280247 ], [ -121.92705, 37.281482 ], [ -121.923512, 37.280962 ], [ -121.923544, 37.281419 ], [ -121.922455, 37.282627 ], [ -121.922557, 37.286256 ], [ -121.922554, 37.286739 ], [ -121.922597, 37.289862 ], [ -121.922616, 37.290286 ], [ -121.922653, 37.291956 ], [ -121.922656, 37.294373 ], [ -121.924157, 37.294409 ], [ -121.931686, 37.294397 ], [ -121.931672, 37.29623 ], [ -121.931669, 37.297222 ], [ -121.931674, 37.29803 ], [ -121.928011, 37.301428 ], [ -121.921973, 37.306913 ], [ -121.917817, 37.310706 ], [ -121.914908, 37.313338 ], [ -121.913856, 37.310788 ], [ -121.912938, 37.310999 ], [ -121.90692, 37.311062 ], [ -121.906909, 37.311664 ], [ -121.904144, 37.312624 ], [ -121.903923, 37.312416 ], [ -121.903625, 37.311995 ], [ -121.901078, 37.308468 ], [ -121.896243, 37.310714 ], [ -121.895796, 37.311048 ], [ -121.894795, 37.311736 ], [ -121.893838, 37.312173 ], [ -121.893278, 37.312504 ], [ -121.889437, 37.314749 ], [ -121.888203, 37.315243 ], [ -121.888061, 37.315323 ], [ -121.887901, 37.315414 ], [ -121.885952, 37.316811 ], [ -121.882211, 37.318925 ], [ -121.878607, 37.321015 ], [ -121.880289, 37.322706 ], [ -121.87994, 37.322875 ], [ -121.874099, 37.325643 ], [ -121.867889, 37.328572 ], [ -121.868261, 37.329513 ], [ -121.86516, 37.331385 ], [ -121.857157, 37.336268 ], [ -121.851958, 37.339492 ], [ -121.851632, 37.33904 ], [ -121.848591, 37.335812 ], [ -121.846667, 37.333875 ], [ -121.842783, 37.330006 ], [ -121.841773, 37.328955 ], [ -121.840183, 37.327249 ], [ -121.836761, 37.323582 ], [ -121.836283, 37.323114 ], [ -121.834141, 37.320916 ], [ -121.831763, 37.318457 ], [ -121.826807, 37.313338 ], [ -121.824692, 37.311164 ], [ -121.81982, 37.306083 ], [ -121.816774, 37.302981 ], [ -121.820916, 37.300395 ], [ -121.822392, 37.299486 ], [ -121.823785, 37.298797 ], [ -121.824578, 37.298469 ], [ -121.827327, 37.297318 ], [ -121.828936, 37.296346 ], [ -121.833214, 37.293421 ], [ -121.834086, 37.292182 ], [ -121.834225, 37.28867 ], [ -121.834178, 37.286937 ], [ -121.834138, 37.283926 ], [ -121.834944, 37.281676 ], [ -121.837354, 37.27989 ], [ -121.841897, 37.276928 ], [ -121.845142, 37.275005 ], [ -121.84984, 37.274576 ], [ -121.852166, 37.274555 ], [ -121.857225, 37.274471 ], [ -121.860301, 37.274321 ], [ -121.862939, 37.27445 ], [ -121.863677, 37.274487 ], [ -121.870401, 37.275277 ], [ -121.875302, 37.275738 ], [ -121.876789, 37.2757 ], [ -121.877855, 37.275517 ], [ -121.885885, 37.273403 ], [ -121.894021, 37.271258 ], [ -121.89496, 37.270796 ], [ -121.89586, 37.270369 ], [ -121.90376, 37.26819 ], [ -121.904403, 37.268014 ], [ -121.904661, 37.267944 ], [ -121.907917, 37.266985 ], [ -121.908271, 37.266815 ], [ -121.914916, 37.264811 ], [ -121.920907, 37.261882 ], [ -121.922321, 37.261749 ], [ -121.925904, 37.261743 ], [ -121.928158, 37.261741 ], [ -121.928529, 37.26174 ], [ -121.931411, 37.261742 ], [ -121.933826, 37.261838 ], [ -121.934018, 37.261871 ], [ -121.935319, 37.26221 ], [ -121.936482, 37.262746 ], [ -121.937627, 37.263502 ], [ -121.941018, 37.266156 ], [ -121.94209, 37.267002 ], [ -121.946158, 37.269971 ], [ -121.9459, 37.27247 ] ] ] } },
{ "type": "Feature", "properties": { "STATEFP20": "06", "PUMACE20": "08508", "AFFGEOID20": "795P200US0608508", "GEOID20": "0608508", "NAMELSAD20": "Santa Clara County (Central)--San Jose (West Central) & Campbell Cities PUMA", "STUSPS20": "CA", "ST_NAME20": "California", "LSAD20": "P0", "ALAND20": 39880513, "AWATER20": 50285, "puma_geoid": "0608508", "display": "San Jose (West Central) & Campbell (Santa Clara Co., Central)", "place": "San Jose (West Central) & Campbell Cities", "NAME": "Santa Clara County (Central)--San Jose (West Central) & Campbell Cities PUMA; California", "total_housing_units": 54519, "occupied_units": 50458, "vacant_units": 4061, "vacancy_rate": 0.074487793246391099, "median_gross_rent": 2565, "median_gross_rent_display": "$2,565", "median_home_value": 1728100, "median_home_value_display": "$1,728,100", "home_value_topcoded": false, "county": "Santa Clara", "subregion": "Central", "city": "Bay Area" }, "geometry": { "type": "Polygon", "coordinates": [ [ [ -122.032269, 37.312229 ], [ -122.03157, 37.312299 ], [ -122.02888, 37.31152 ], [ -122.02318, 37.30987 ], [ -122.02111, 37.30954 ], [ -122.01987, 37.30992 ], [ -122.01775, 37.31009 ], [ -122.01349, 37.31041 ], [ -122.0135, 37.31032 ], [ -122.00771, 37.31068 ], [ -122.0075, 37.31068 ], [ -122.00296, 37.31023 ], [ -121.998111, 37.30973 ], [ -121.996325, 37.309617 ], [ -121.996058, 37.309586 ], [ -121.99595, 37.309573 ], [ -121.99569, 37.310725 ], [ -121.995475, 37.31583 ], [ -121.995485, 37.320652 ], [ -121.995559, 37.322469 ], [ -121.995691, 37.32294 ], [ -121.992518, 37.322962 ], [ -121.99204, 37.32297 ], [ -121.98728, 37.323 ], [ -121.98382, 37.32302 ], [ -121.98238, 37.32304 ], [ -121.97548, 37.32306 ], [ -121.972738, 37.32308 ], [ -121.97001, 37.32311 ], [ -121.96836, 37.32312 ], [ -121.96605, 37.32314 ], [ -121.96417, 37.32314 ], [ -121.95978, 37.32318 ], [ -121.9575, 37.32319 ], [ -121.9552, 37.32319 ], [ -121.95018, 37.32322 ], [ -121.947846, 37.323283 ], [ -121.947089, 37.323381 ], [ -121.946809, 37.323366 ], [ -121.94667, 37.323366 ], [ -121.943329, 37.323358 ], [ -121.940552, 37.32328 ], [ -121.940174, 37.317242 ], [ -121.940497, 37.309745 ], [ -121.940597, 37.305111 ], [ -121.940521, 37.303145 ], [ -121.940488, 37.299743 ], [ -121.940466, 37.299292 ], [ -121.940213, 37.29812 ], [ -121.93832, 37.294389 ], [ -121.937587, 37.29436 ], [ -121.93582, 37.29436 ], [ -121.931686, 37.294397 ], [ -121.924157, 37.294409 ], [ -121.922656, 37.294373 ], [ -121.922653, 37.291956 ], [ -121.922616, 37.290286 ], [ -121.922597, 37.289862 ], [ -121.922554, 37.286739 ], [ -121.922557, 37.286256 ], [ -121.922455, 37.282627 ], [ -121.923544, 37.281419 ], [ -121.923512, 37.280962 ], [ -121.92705, 37.281482 ], [ -121.930034, 37.280247 ], [ -121.931642, 37.280181 ], [ -121.933165, 37.279821 ], [ -121.935186, 37.277892 ], [ -121.935706, 37.279217 ], [ -121.9375, 37.27913 ], [ -121.94184, 37.27717 ], [ -121.94333, 37.275743 ], [ -121.94499, 37.27515 ], [ -121.9451, 37.2725 ], [ -121.9459, 37.27247 ], [ -121.946158, 37.269971 ], [ -121.94724, 37.27076 ], [ -121.947843, 37.268308 ], [ -121.949021, 37.265192 ], [ -121.9503, 37.26299 ], [ -121.953424, 37.258809 ], [ -121.953844, 37.258209 ], [ -121.954012, 37.258383 ], [ -121.956227, 37.260799 ], [ -121.96196, 37.26158 ], [ -121.96382, 37.25906 ], [ -121.963928, 37.258875 ], [ -121.96419, 37.25845 ], [ -121.96632, 37.259013 ], [ -121.96881, 37.2597 ], [ -121.978289, 37.263892 ], [ -121.98033, 37.26475 ], [ -121.981783, 37.265035 ], [ -121.984962, 37.266509 ], [ -121.9852, 37.266611 ], [ -121.990655, 37.269106 ], [ -121.993661, 37.270491 ], [ -121.993761, 37.271389 ], [ -121.993802, 37.271972 ], [ -121.9941, 37.273749 ], [ -121.99427, 37.27608 ], [ -121.992414, 37.276151 ], [ -121.989497, 37.276231 ], [ -121.989608, 37.278641 ], [ -121.989675, 37.280227 ], [ -121.994359, 37.28012 ], [ -121.994313, 37.280536 ], [ -121.994392, 37.283289 ], [ -121.994453, 37.284213 ], [ -121.994462, 37.284274 ], [ -121.994493, 37.285119 ], [ -121.994466, 37.287062 ], [ -121.99852, 37.28403 ], [ -121.99951, 37.28467 ], [ -121.996349, 37.28782 ], [ -121.995259, 37.288799 ], [ -121.994554, 37.289476 ], [ -121.992147, 37.291635 ], [ -121.993891, 37.291998 ], [ -121.997526, 37.29241 ], [ -122.003433, 37.293081 ], [ -122.00468, 37.29311 ], [ -122.007685, 37.293248 ], [ -122.007745, 37.29328 ], [ -122.007852, 37.293338 ], [ -122.014957, 37.293565 ], [ -122.017793, 37.293665 ], [ -122.02365, 37.293825 ], [ -122.025978, 37.293869 ], [ -122.028036, 37.293889 ], [ -122.031699, 37.294056 ], [ -122.032264, 37.293965 ], [ -122.032251, 37.298359 ], [ -122.032432, 37.300544 ], [ -122.03241, 37.301002 ], [ -122.032393, 37.302057 ], [ -122.032386, 37.302304 ], [ -122.032261, 37.308241 ], [ -122.032471, 37.312242 ], [ -122.032269, 37.312229 ] ] ] } },
{ "type": "Feature", "properties": { "STATEFP20": "06", "PUMACE20": "08103", "AFFGEOID20": "795P200US0608103", "GEOID20": "0608103", "NAMELSAD20": "San Mateo County (Central)--San Mateo (North), Burlingame & Millbrae Cities PUMA", "STUSPS20": "CA", "ST_NAME20": "California", "LSAD20": "P0", "ALAND20": 49057174, "AWATER20": 5653173, "puma_geoid": "0608103", "display": "San Mateo (North), Burlingame & Millbrae (San Mateo Co., Central)", "place": "San Mateo (North), Burlingame & Millbrae Cities", "NAME": "San Mateo County (Central)--San Mateo (North), Burlingame & Millbrae Cities PUMA; California", "total_housing_units": 43933, "occupied_units": 40698, "vacant_units": 3235, "vacancy_rate": 0.073634853071722794, "median_gross_rent": 2840, "median_gross_rent_display": "$2,840", "median_home_value": 2000001, "median_home_value_display": "$2,000,000+", "home_value_topcoded": true, "county": "San Mateo", "subregion": "Central", "city": "Bay Area" }, "geometry": { "type": "Polygon", "coordinates": [ [ [ -122.428368, 37.60573 ], [ -122.426715, 37.604947 ], [ -122.425448, 37.605747 ], [ -122.424928, 37.606072 ], [ -122.422878, 37.60714 ], [ -122.420723, 37.609223 ], [ -122.415877, 37.610715 ], [ -122.410187, 37.613582 ], [ -122.409266, 37.614052 ], [ -122.406041, 37.612225 ], [ -122.408975, 37.609288 ], [ -122.409141, 37.607967 ], [ -122.408389, 37.607907 ], [ -122.407429, 37.607836 ], [ -122.403925, 37.609675 ], [ -122.403829, 37.61012 ], [ -122.405808, 37.612238 ], [ -122.405281, 37.613604 ], [ -122.406072, 37.614982 ], [ -122.401743, 37.610853 ], [ -122.400479, 37.611499 ], [ -122.40108, 37.612182 ], [ -122.400163, 37.612646 ], [ -122.400091, 37.612666 ], [ -122.399083, 37.612019 ], [ -122.397875, 37.612708 ], [ -122.396469, 37.612862 ], [ -122.392091, 37.609989 ], [ -122.391789, 37.609795 ], [ -122.387287, 37.606899 ], [ -122.383531, 37.604481 ], [ -122.378861, 37.60724 ], [ -122.377843162152999, 37.606688588126403 ], [ -122.378545, 37.605592 ], [ -122.377045589901002, 37.605099933528003 ], [ -122.375804174246994, 37.604692533963402 ], [ -122.373879126440002, 37.604060784528301 ], [ -122.373766228571, 37.604023734453797 ], [ -122.369824, 37.60273 ], [ -122.362643526842007, 37.595083039048703 ], [ -122.360219, 37.592501 ], [ -122.360067432248002, 37.592496793076499 ], [ -122.359612373909002, 37.592484162450198 ], [ -122.347921759097005, 37.592159677050802 ], [ -122.334639, 37.591791 ], [ -122.334409, 37.588041 ], [ -122.333048626446001, 37.588228654895602 ], [ -122.328943, 37.588795 ], [ -122.328229741347002, 37.589304390528497 ], [ -122.325119, 37.591526 ], [ -122.322721277282994, 37.591459468425398 ], [ -122.31492, 37.591243 ], [ -122.315385, 37.587265 ], [ -122.315713, 37.583666 ], [ -122.305895, 37.575484 ], [ -122.305032426316004, 37.575481488346199 ], [ -122.296859691411996, 37.5754576908652 ], [ -122.288445441126001, 37.575433190136401 ], [ -122.288441, 37.57388 ], [ -122.288366, 37.570554 ], [ -122.292684, 37.570403 ], [ -122.294323, 37.570578 ], [ -122.293625, 37.568561 ], [ -122.291823, 37.569038 ], [ -122.293142, 37.568005 ], [ -122.297096, 37.567723 ], [ -122.297025, 37.565537 ], [ -122.298459, 37.565485 ], [ -122.298437, 37.568304 ], [ -122.302416, 37.56816 ], [ -122.30441, 37.566782 ], [ -122.306602, 37.568791 ], [ -122.308225, 37.567682 ], [ -122.310071, 37.567097 ], [ -122.308733, 37.565871 ], [ -122.308861, 37.565748 ], [ -122.311673, 37.563803 ], [ -122.314384, 37.561928 ], [ -122.315944, 37.560854 ], [ -122.31538, 37.560337 ], [ -122.315521, 37.560124 ], [ -122.319643, 37.557271 ], [ -122.318957, 37.556654 ], [ -122.318278, 37.556032 ], [ -122.326191, 37.5501 ], [ -122.325976, 37.549902 ], [ -122.32796, 37.548523 ], [ -122.328455, 37.548581 ], [ -122.330235, 37.547058 ], [ -122.331366, 37.545746 ], [ -122.332575, 37.544173 ], [ -122.330196, 37.541269 ], [ -122.332957, 37.538924 ], [ -122.335226, 37.538015 ], [ -122.338697, 37.540598 ], [ -122.34118, 37.538459 ], [ -122.337264, 37.535336 ], [ -122.341579, 37.531735 ], [ -122.343412, 37.533529 ], [ -122.345596, 37.53881 ], [ -122.345723, 37.539696 ], [ -122.349445, 37.540623 ], [ -122.349537, 37.540689 ], [ -122.349715, 37.539688 ], [ -122.349913, 37.537063 ], [ -122.349099, 37.535859 ], [ -122.350231, 37.534094 ], [ -122.351638, 37.532738 ], [ -122.351934, 37.532663 ], [ -122.355183, 37.53117 ], [ -122.358659, 37.530051 ], [ -122.359214, 37.530168 ], [ -122.36066, 37.531275 ], [ -122.361134, 37.531361 ], [ -122.362521, 37.534366 ], [ -122.366111, 37.539778 ], [ -122.37266, 37.54723 ], [ -122.377196, 37.552164 ], [ -122.378908, 37.554563 ], [ -122.381986, 37.558908 ], [ -122.388162, 37.564993 ], [ -122.390304, 37.566039 ], [ -122.390765, 37.566204 ], [ -122.393145, 37.567072 ], [ -122.393886, 37.567505 ], [ -122.399652, 37.573096 ], [ -122.400545, 37.574388 ], [ -122.404961, 37.581953 ], [ -122.406664, 37.584043 ], [ -122.407771, 37.584981 ], [ -122.411049, 37.587559 ], [ -122.412623, 37.589156 ], [ -122.412829, 37.589372 ], [ -122.414649, 37.591255 ], [ -122.41944, 37.596066 ], [ -122.423639, 37.599505 ], [ -122.423779, 37.599614 ], [ -122.426729, 37.602211 ], [ -122.428119, 37.604676 ], [ -122.428149, 37.604752 ], [ -122.428368, 37.60573 ] ] ] } },
{ "type": "Feature", "properties": { "STATEFP20": "06", "PUMACE20": "01314", "AFFGEOID20": "795P200US0601314", "GEOID20": "0601314", "NAMELSAD20": "Contra Costa County (North)--Pittsburg & Concord (North) Cities PUMA", "STUSPS20": "CA", "ST_NAME20": "California", "LSAD20": "P0", "ALAND20": 146329761, "AWATER20": 25005230, "puma_geoid": "0601314", "display": "Pittsburg & Concord (North) (Contra Costa Co., North)", "place": "Pittsburg & Concord (North) Cities", "NAME": "Contra Costa County (North)--Pittsburg & Concord (North) Cities PUMA; California", "total_housing_units": 31937, "occupied_units": 30855, "vacant_units": 1082, "vacancy_rate": 0.033879199674358797, "median_gross_rent": 2142, "median_gross_rent_display": "$2,142", "median_home_value": 567700, "median_home_value_display": "$567,700", "home_value_topcoded": false, "county": "Contra Costa", "subregion": "North", "city": "Bay Area" }, "geometry": { "type": "Polygon", "coordinates": [ [ [ -122.092744, 38.049352 ], [ -122.088746, 38.050092 ], [ -122.084159, 38.051861 ], [ -122.079826, 38.053173 ], [ -122.076148, 38.054615 ], [ -122.067298, 38.060077 ], [ -122.061103, 38.062137 ], [ -122.050386, 38.060198 ], [ -122.03626, 38.060204 ], [ -122.028411, 38.05919 ], [ -122.019826, 38.062271 ], [ -122.015175, 38.063481 ], [ -121.987567, 38.066809 ], [ -121.983158, 38.067297 ], [ -121.97744, 38.06684 ], [ -121.972281, 38.065538 ], [ -121.962208, 38.061365 ], [ -121.955679, 38.057816 ], [ -121.950919, 38.054978 ], [ -121.950911, 38.053918 ], [ -121.946765, 38.052882 ], [ -121.937762, 38.04983 ], [ -121.935428, 38.048793 ], [ -121.932743, 38.04813 ], [ -121.931003, 38.04761 ], [ -121.928097, 38.046983 ], [ -121.925814, 38.046474 ], [ -121.920794, 38.045726 ], [ -121.910143, 38.044956 ], [ -121.90857, 38.04502 ], [ -121.906801, 38.045002 ], [ -121.901171, 38.045361 ], [ -121.889573, 38.046657 ], [ -121.885177, 38.047591 ], [ -121.880184, 38.048709 ], [ -121.874743, 38.050676 ], [ -121.872708, 38.051844 ], [ -121.869582, 38.054414 ], [ -121.867402, 38.056895 ], [ -121.863648, 38.062381 ], [ -121.862641, 38.064929 ], [ -121.862462, 38.06603 ], [ -121.854524, 38.065089 ], [ -121.853639, 38.064776 ], [ -121.851027, 38.062935 ], [ -121.846802, 38.059955 ], [ -121.84204, 38.052565 ], [ -121.841659, 38.051974 ], [ -121.840561, 38.045269 ], [ -121.837936, 38.038944 ], [ -121.834198, 38.034733 ], [ -121.832122, 38.031101 ], [ -121.830317, 38.029723 ], [ -121.831302, 38.030059 ], [ -121.838268, 38.029081 ], [ -121.840549, 38.028548 ], [ -121.842294, 38.028341 ], [ -121.84616, 38.029012 ], [ -121.847534, 38.029759 ], [ -121.84778, 38.029061 ], [ -121.8483, 38.027719 ], [ -121.848633, 38.026631 ], [ -121.850366, 38.022332 ], [ -121.855788, 38.02352 ], [ -121.858368, 38.016801 ], [ -121.86023, 38.014913 ], [ -121.854998, 38.013139 ], [ -121.8552, 38.012515 ], [ -121.855877, 38.010797 ], [ -121.854238, 38.010394 ], [ -121.854893, 38.009033 ], [ -121.855551, 38.009245 ], [ -121.855727, 38.008803 ], [ -121.856513, 38.006482 ], [ -121.85663, 38.00525 ], [ -121.856326, 38.001584 ], [ -121.856032, 37.998 ], [ -121.850895, 37.997987 ], [ -121.850749, 37.997984 ], [ -121.850398, 37.997317 ], [ -121.847483, 37.995041 ], [ -121.851162, 37.991847 ], [ -121.852911, 37.987199 ], [ -121.853275, 37.986627 ], [ -121.854651, 37.983216 ], [ -121.85569, 37.981087 ], [ -121.857318, 37.980407 ], [ -121.858388, 37.978791 ], [ -121.861695, 37.976177 ], [ -121.861513, 37.974491 ], [ -121.863577, 37.968522 ], [ -121.863558, 37.965633 ], [ -121.862698, 37.962431 ], [ -121.862947, 37.959289 ], [ -121.863808, 37.957601 ], [ -121.865467, 37.956128 ], [ -121.868471, 37.956312 ], [ -121.868998, 37.956382 ], [ -121.869171, 37.957507 ], [ -121.873075, 37.957076 ], [ -121.874444, 37.956103 ], [ -121.875982, 37.957036 ], [ -121.882539, 37.958384 ], [ -121.88268, 37.96023 ], [ -121.884152, 37.964836 ], [ -121.885419, 37.96614 ], [ -121.893857, 37.971654 ], [ -121.894903, 37.973078 ], [ -121.896409, 37.97657 ], [ -121.898328, 37.982121 ], [ -121.898882, 37.982917 ], [ -121.899437, 37.981004 ], [ -121.900088, 37.979942 ], [ -121.901301, 37.978962 ], [ -121.905578, 37.977389 ], [ -121.910579, 37.974907 ], [ -121.914741, 37.974648 ], [ -121.919369, 37.971859 ], [ -121.921459, 37.97068 ], [ -121.924796, 37.968847 ], [ -121.927126, 37.967057 ], [ -121.927575, 37.9664 ], [ -121.928782, 37.962914 ], [ -121.93014, 37.962036 ], [ -121.932924, 37.961768 ], [ -121.940671, 37.962905 ], [ -121.942833, 37.962164 ], [ -121.946022, 37.959772 ], [ -121.94887, 37.961424 ], [ -121.948657, 37.963084 ], [ -121.953635, 37.964914 ], [ -121.957451, 37.967211 ], [ -121.959225, 37.967676 ], [ -121.9585, 37.968379 ], [ -121.963877, 37.972833 ], [ -121.968324, 37.973166 ], [ -121.970023, 37.971742 ], [ -121.975476, 37.975529 ], [ -121.977639, 37.973711 ], [ -121.981603, 37.976618 ], [ -121.984469, 37.978821 ], [ -121.991275, 37.984125 ], [ -121.992798, 37.985008 ], [ -121.994792, 37.986442 ], [ -122.00317, 37.992452 ], [ -122.004296, 37.99128 ], [ -122.006199, 37.992332 ], [ -122.009696, 37.990515 ], [ -122.010111, 37.986847 ], [ -122.010288, 37.986476 ], [ -122.012087, 37.985181 ], [ -122.012897, 37.984609 ], [ -122.015534, 37.983335 ], [ -122.017268, 37.985327 ], [ -122.019166, 37.986235 ], [ -122.021148, 37.988859 ], [ -122.022319, 37.992716 ], [ -122.023079, 37.99333 ], [ -122.0212, 37.994137 ], [ -122.024677, 37.998188 ], [ -122.025327, 38.002871 ], [ -122.023976, 38.004417 ], [ -122.022953, 38.006253 ], [ -122.022537, 38.009304 ], [ -122.022687, 38.009927 ], [ -122.028981, 38.008941 ], [ -122.031632, 38.00824 ], [ -122.033983, 38.007304 ], [ -122.037973, 38.005204 ], [ -122.039187, 38.004682 ], [ -122.053211, 38.001135 ], [ -122.053378, 38.001091 ], [ -122.057078, 38.000077 ], [ -122.058129, 38.001717 ], [ -122.062774, 38.006053 ], [ -122.066084, 38.009982 ], [ -122.066431, 38.011341 ], [ -122.069496, 38.015916 ], [ -122.070612, 38.020529 ], [ -122.070913, 38.024541 ], [ -122.070246, 38.025066 ], [ -122.070181, 38.025572 ], [ -122.07125, 38.027297 ], [ -122.080022, 38.031427 ], [ -122.080389, 38.031665 ], [ -122.080999, 38.032019 ], [ -122.083878, 38.033766 ], [ -122.085612, 38.035266 ], [ -122.092551, 38.043892 ], [ -122.095733, 38.048355 ], [ -122.092744, 38.049352 ] ] ] } },
{ "type": "Feature", "properties": { "STATEFP20": "06", "PUMACE20": "07509", "AFFGEOID20": "795P200US0607509", "GEOID20": "0607509", "NAMELSAD20": "San Francisco County (Northeast)--Chinatown, North Beach & Russian Hill PUMA", "STUSPS20": "CA", "ST_NAME20": "California", "LSAD20": "P0", "ALAND20": 8969060, "AWATER20": 125052957, "puma_geoid": "0607509", "display": "Chinatown, North Beach & Russian Hill (San Francisco Co., Northeast)", "place": "Chinatown, North Beach & Russian Hill", "NAME": "San Francisco County (Northeast)--Chinatown, North Beach & Russian Hill PUMA; California", "total_housing_units": 70274, "occupied_units": 58060, "vacant_units": 12214, "vacancy_rate": 0.17380539032928249, "median_gross_rent": 1755, "median_gross_rent_display": "$1,755", "median_home_value": 1428800, "median_home_value_display": "$1,428,800", "home_value_topcoded": false, "county": "San Francisco", "subregion": "Northeast", "city": "Bay Area" }, "geometry": { "type": "MultiPolygon", "coordinates": [ [ [ [ -122.331615467305994, 37.787069568243503 ], [ -122.328024583922002, 37.781372824816799 ], [ -122.332037, 37.782035 ], [ -122.331615467305994, 37.787069568243503 ] ] ], [ [ [ -122.377679, 37.83046 ], [ -122.373453, 37.832298 ], [ -122.368752, 37.831286 ], [ -122.362911, 37.822696 ], [ -122.364289, 37.81887 ], [ -122.364276756660004, 37.818859796475898 ], [ -122.359544374145997, 37.814915858090799 ], [ -122.358779, 37.814278 ], [ -122.360775, 37.812831 ], [ -122.361107, 37.808029 ], [ -122.362294, 37.807016 ], [ -122.367138, 37.807429 ], [ -122.371649, 37.809379 ], [ -122.372809634429004, 37.811030484035101 ], [ -122.372836, 37.811068 ], [ -122.371269, 37.814669 ], [ -122.374518441801001, 37.819833977816202 ], [ -122.378962, 37.826897 ], [ -122.377679, 37.83046 ] ] ], [ [ [ -122.425227, 37.828586 ], [ -122.423245, 37.828721 ], [ -122.420248, 37.826513 ], [ -122.420722, 37.82525 ], [ -122.42277, 37.825256 ], [ -122.425407, 37.827269 ], [ -122.425227, 37.828586 ] ] ], [ [ [ -122.426460238274998, 37.807995195553403 ], [ -122.421522523193005, 37.808437241858798 ], [ -122.420263, 37.80855 ], [ -122.419476296843996, 37.808575651770497 ], [ -122.419111581365001, 37.808587543927899 ], [ -122.415859379238, 37.808693587410701 ], [ -122.412660448580993, 37.808797893888297 ], [ -122.409529, 37.8089 ], [ -122.405556217938994, 37.807058664476699 ], [ -122.403108010691994, 37.805923950590199 ], [ -122.401789729184998, 37.805312943358899 ], [ -122.400847, 37.804876 ], [ -122.401079, 37.803619 ], [ -122.397326550182996, 37.799474795541201 ], [ -122.395119575186996, 37.797037413014102 ], [ -122.392317845600004, 37.793943183693699 ], [ -122.394748, 37.79448 ], [ -122.396315, 37.793337 ], [ -122.397428, 37.792442 ], [ -122.399195, 37.791058 ], [ -122.401402, 37.789297 ], [ -122.402914, 37.788112 ], [ -122.403456, 37.787776 ], [ -122.404743, 37.786778 ], [ -122.406062, 37.785757 ], [ -122.407451, 37.784604 ], [ -122.408104, 37.78402 ], [ -122.408688, 37.783556 ], [ -122.410336, 37.782245 ], [ -122.411985, 37.780952 ], [ -122.412548, 37.780508 ], [ -122.413365, 37.779862 ], [ -122.414782, 37.778744 ], [ -122.416292, 37.777494 ], [ -122.417615, 37.7766 ], [ -122.418704, 37.775645 ], [ -122.419334, 37.77521 ], [ -122.419359, 37.775432 ], [ -122.419765, 37.777291 ], [ -122.419943, 37.778238 ], [ -122.420358, 37.780072 ], [ -122.420689, 37.781955 ], [ -122.420906, 37.782883 ], [ -122.421069, 37.783816 ], [ -122.421256, 37.784745 ], [ -122.421675, 37.786605 ], [ -122.421858, 37.787535 ], [ -122.422077, 37.788474 ], [ -122.422145, 37.788943 ], [ -122.422237, 37.789399 ], [ -122.42242, 37.790358 ], [ -122.422611, 37.791277 ], [ -122.422801, 37.792161 ], [ -122.423143, 37.793923 ], [ -122.423283, 37.79481 ], [ -122.423481, 37.795739 ], [ -122.423705, 37.796678 ], [ -122.423894, 37.797604 ], [ -122.424275, 37.799472 ], [ -122.424464, 37.800402 ], [ -122.424601, 37.801261 ], [ -122.424835, 37.802268 ], [ -122.425017, 37.803194 ], [ -122.425209, 37.804133 ], [ -122.425488, 37.80601 ], [ -122.425628, 37.806456 ], [ -122.426572291023007, 37.8079851640911 ], [ -122.426460238274998, 37.807995195553403 ] ] ] ] } },
{ "type": "Feature", "properties": { "STATEFP20": "06", "PUMACE20": "08102", "AFFGEOID20": "795P200US0608102", "GEOID20": "0608102", "NAMELSAD20": "San Mateo County (North Central)--South San Francisco, San Bruno & Brisbane Cities PUMA", "STUSPS20": "CA", "ST_NAME20": "California", "LSAD20": "P0", "ALAND20": 67627065, "AWATER20": 8985181, "puma_geoid": "0608102", "display": "South San Francisco, San Bruno & Brisbane (San Mateo Co., North Central)", "place": "South San Francisco, San Bruno & Brisbane Cities", "NAME": "San Mateo County (North Central)--South San Francisco, San Bruno & Brisbane Cities PUMA; California", "total_housing_units": 44856, "occupied_units": 41777, "vacant_units": 3079, "vacancy_rate": 0.068641876226145801, "median_gross_rent": 2748, "median_gross_rent_display": "$2,748", "median_home_value": 1165400, "median_home_value_display": "$1,165,400", "home_value_topcoded": false, "county": "San Mateo", "subregion": "North Central", "city": "Bay Area" }, "geometry": { "type": "Polygon", "coordinates": [ [ [ -122.47272, 37.633802 ], [ -122.472535, 37.633773 ], [ -122.471408, 37.634514 ], [ -122.470518, 37.636307 ], [ -122.469596, 37.637867 ], [ -122.468567, 37.638242 ], [ -122.468078, 37.637605 ], [ -122.464132, 37.638791 ], [ -122.468508, 37.643657 ], [ -122.471864, 37.64914 ], [ -122.47076, 37.649406 ], [ -122.469055, 37.650391 ], [ -122.467582, 37.650421 ], [ -122.466853, 37.650255 ], [ -122.460758, 37.649949 ], [ -122.458997, 37.64983 ], [ -122.456786, 37.649986 ], [ -122.455649, 37.650555 ], [ -122.454728, 37.649958 ], [ -122.452222, 37.649347 ], [ -122.450394, 37.648505 ], [ -122.450764, 37.649228 ], [ -122.452999, 37.654619 ], [ -122.453794, 37.655921 ], [ -122.456121, 37.653992 ], [ -122.457209, 37.65548 ], [ -122.457616, 37.656732 ], [ -122.463833, 37.661069 ], [ -122.463414, 37.662349 ], [ -122.460525, 37.664057 ], [ -122.460875, 37.664535 ], [ -122.461806, 37.665697 ], [ -122.460068, 37.666835 ], [ -122.459982, 37.666647 ], [ -122.45342, 37.670787 ], [ -122.453381, 37.670722 ], [ -122.451864, 37.669184 ], [ -122.450522, 37.670038 ], [ -122.449911, 37.669521 ], [ -122.448501, 37.667499 ], [ -122.44719, 37.666344 ], [ -122.445701, 37.66537 ], [ -122.445127, 37.66584 ], [ -122.444615, 37.665485 ], [ -122.436628, 37.671488 ], [ -122.435921, 37.671534 ], [ -122.433785, 37.670399 ], [ -122.433481, 37.670243 ], [ -122.432611, 37.671894 ], [ -122.430448, 37.678936 ], [ -122.429383, 37.682133 ], [ -122.431237, 37.682942 ], [ -122.434779, 37.684483 ], [ -122.434905, 37.684538 ], [ -122.453907, 37.692781 ], [ -122.45477, 37.692338 ], [ -122.455864, 37.693765 ], [ -122.455203, 37.694203 ], [ -122.453368, 37.694878 ], [ -122.452198, 37.695998 ], [ -122.450729, 37.697698 ], [ -122.449445, 37.701145 ], [ -122.448911, 37.701436 ], [ -122.449047, 37.701651 ], [ -122.446857, 37.702833 ], [ -122.446148, 37.702455 ], [ -122.443312, 37.701636 ], [ -122.442367, 37.701698 ], [ -122.442472, 37.702675 ], [ -122.442106, 37.704101 ], [ -122.440056, 37.704687 ], [ -122.437356, 37.706222 ], [ -122.439483, 37.707826 ], [ -122.440331, 37.706515 ], [ -122.441575, 37.707264 ], [ -122.441605, 37.707348 ], [ -122.442079, 37.708231 ], [ -122.441258, 37.708311 ], [ -122.434589, 37.708132 ], [ -122.433382, 37.708232 ], [ -122.431341, 37.708231 ], [ -122.430027, 37.708281 ], [ -122.428082, 37.708431 ], [ -122.427164, 37.708388 ], [ -122.425352, 37.708617 ], [ -122.42389, 37.708236 ], [ -122.420082, 37.708231 ], [ -122.416222, 37.708328 ], [ -122.415182, 37.708231 ], [ -122.41238, 37.708303 ], [ -122.406481, 37.708323 ], [ -122.405365, 37.708255 ], [ -122.405292, 37.708262 ], [ -122.404682, 37.708331 ], [ -122.395107, 37.708339 ], [ -122.393378981140003, 37.708267569990298 ], [ -122.394156, 37.707636 ], [ -122.392105047569999, 37.698660806028599 ], [ -122.389680713966996, 37.688051654874002 ], [ -122.387626, 37.67906 ], [ -122.382207064802003, 37.677412709628101 ], [ -122.381708, 37.677261 ], [ -122.380995, 37.67237 ], [ -122.380995, 37.671769970391601 ], [ -122.380995, 37.667855 ], [ -122.376699971887007, 37.664235875028098 ], [ -122.374401988290003, 37.662299522203398 ], [ -122.374291, 37.662206 ], [ -122.376241, 37.655249 ], [ -122.376250907937006, 37.655229387338103 ], [ -122.376402931607004, 37.654928458023697 ], [ -122.377657397639993, 37.652445255210999 ], [ -122.37790722567, 37.651950723154897 ], [ -122.380044, 37.647721 ], [ -122.387245, 37.64734 ], [ -122.388196331732004, 37.647115706171 ], [ -122.391215, 37.646404 ], [ -122.390784661218007, 37.644998724409902 ], [ -122.390671319502999, 37.644628605907499 ], [ -122.389444288503, 37.6406217239198 ], [ -122.389313, 37.640193 ], [ -122.384322, 37.640382 ], [ -122.384156277117995, 37.640164178851201 ], [ -122.383325321452006, 37.639071995826903 ], [ -122.380584497046002, 37.635469539030296 ], [ -122.380495536439994, 37.635352611897702 ], [ -122.380244, 37.635022 ], [ -122.36507, 37.628147 ], [ -122.365207480996006, 37.627802188793197 ], [ -122.367882869905003, 37.621092140803199 ], [ -122.367922, 37.620994 ], [ -122.364587829900003, 37.619447997255598 ], [ -122.356336601620995, 37.615622031219097 ], [ -122.355627, 37.615293 ], [ -122.359128, 37.609321 ], [ -122.370108726138, 37.614310995341903 ], [ -122.370364, 37.614427 ], [ -122.372949094841005, 37.613852924609198 ], [ -122.373309, 37.613773 ], [ -122.377843162152999, 37.606688588126403 ], [ -122.378861, 37.60724 ], [ -122.383531, 37.604481 ], [ -122.387287, 37.606899 ], [ -122.391789, 37.609795 ], [ -122.392091, 37.609989 ], [ -122.396469, 37.612862 ], [ -122.397875, 37.612708 ], [ -122.399083, 37.612019 ], [ -122.400091, 37.612666 ], [ -122.400163, 37.612646 ], [ -122.40108, 37.612182 ], [ -122.400479, 37.611499 ], [ -122.401743, 37.610853 ], [ -122.406072, 37.614982 ], [ -122.405281, 37.613604 ], [ -122.405808, 37.612238 ], [ -122.403829, 37.61012 ], [ -122.403925, 37.609675 ], [ -122.407429, 37.607836 ], [ -122.408389, 37.607907 ], [ -122.409141, 37.607967 ], [ -122.408975, 37.609288 ], [ -122.406041, 37.612225 ], [ -122.409266, 37.614052 ], [ -122.410187, 37.613582 ], [ -122.415877, 37.610715 ], [ -122.420723, 37.609223 ], [ -122.422878, 37.60714 ], [ -122.424928, 37.606072 ], [ -122.425448, 37.605747 ], [ -122.426715, 37.604947 ], [ -122.428368, 37.60573 ], [ -122.428149, 37.604752 ], [ -122.428119, 37.604676 ], [ -122.430341, 37.606144 ], [ -122.434137, 37.610166 ], [ -122.437473, 37.613674 ], [ -122.441948, 37.618313 ], [ -122.445635, 37.622144 ], [ -122.445761, 37.622042 ], [ -122.449215, 37.618709 ], [ -122.450739, 37.617681 ], [ -122.45095, 37.617537 ], [ -122.451861, 37.617437 ], [ -122.453017, 37.618274 ], [ -122.461185, 37.619135 ], [ -122.462785, 37.619335 ], [ -122.46868, 37.626846 ], [ -122.46886, 37.627232 ], [ -122.471837, 37.631148 ], [ -122.472396, 37.631489 ], [ -122.472706, 37.632108 ], [ -122.47272, 37.633802 ] ] ] } },
{ "type": "Feature", "properties": { "STATEFP20": "06", "PUMACE20": "09501", "AFFGEOID20": "795P200US0609501", "GEOID20": "0609501", "NAMELSAD20": "Solano County (Southwest)--Vallejo & Benicia Cities PUMA", "STUSPS20": "CA", "ST_NAME20": "California", "LSAD20": "P0", "ALAND20": 178509506, "AWATER20": 102675368, "puma_geoid": "0609501", "display": "Vallejo & Benicia (Solano Co., Southwest)", "place": "Vallejo & Benicia Cities", "NAME": "Solano County (Southwest)--Vallejo & Benicia Cities PUMA; California", "total_housing_units": 57936, "occupied_units": 54902, "vacant_units": 3034, "vacancy_rate": 0.052368130350731797, "median_gross_rent": 2022, "median_gross_rent_display": "$2,022", "median_home_value": 583200, "median_home_value_display": "$583,200", "home_value_topcoded": false, "county": "Solano", "subregion": "Southwest", "city": "Bay Area" }, "geometry": { "type": "Polygon", "coordinates": [ [ [ -122.403475, 38.155465 ], [ -122.402334, 38.15548 ], [ -122.395436, 38.155573 ], [ -122.380268, 38.155824 ], [ -122.376244, 38.15575 ], [ -122.370916, 38.155684 ], [ -122.366914, 38.155617 ], [ -122.362471, 38.155619 ], [ -122.361995, 38.15564 ], [ -122.351802, 38.155515 ], [ -122.351009, 38.155593 ], [ -122.349985, 38.155518 ], [ -122.339835, 38.155422 ], [ -122.335525, 38.155418 ], [ -122.294885, 38.155218 ], [ -122.293683, 38.155218 ], [ -122.291963, 38.155134 ], [ -122.290676, 38.155204 ], [ -122.289215, 38.155217 ], [ -122.269545, 38.155418 ], [ -122.264743, 38.155386 ], [ -122.264356, 38.155381 ], [ -122.261148, 38.15536 ], [ -122.258873, 38.155341 ], [ -122.253726, 38.155309 ], [ -122.252814, 38.155307 ], [ -122.238376, 38.155226 ], [ -122.232008, 38.155169 ], [ -122.221126, 38.155068 ], [ -122.214905, 38.154986 ], [ -122.214612, 38.154988 ], [ -122.213634, 38.154976 ], [ -122.19538, 38.155017 ], [ -122.197478, 38.156871 ], [ -122.198783, 38.159054 ], [ -122.195957, 38.162686 ], [ -122.193286, 38.160239 ], [ -122.192175, 38.159919 ], [ -122.186944, 38.159531 ], [ -122.183856, 38.157517 ], [ -122.183025, 38.155356 ], [ -122.180386, 38.153742 ], [ -122.179658, 38.151917 ], [ -122.178222, 38.151092 ], [ -122.176503, 38.151617 ], [ -122.173825, 38.149511 ], [ -122.173569, 38.148047 ], [ -122.171139, 38.142983 ], [ -122.171322, 38.142006 ], [ -122.1702, 38.140746 ], [ -122.170374, 38.138529 ], [ -122.169478, 38.137577 ], [ -122.169049, 38.134483 ], [ -122.167578, 38.13242 ], [ -122.167139, 38.13169 ], [ -122.165518, 38.126061 ], [ -122.166166, 38.124878 ], [ -122.16542, 38.123482 ], [ -122.165274, 38.12196 ], [ -122.165727, 38.120988 ], [ -122.165553, 38.120636 ], [ -122.164664, 38.120824 ], [ -122.164364, 38.119653 ], [ -122.163575, 38.118567 ], [ -122.163512, 38.119885 ], [ -122.161424, 38.121281 ], [ -122.158081, 38.121975 ], [ -122.156539, 38.121775 ], [ -122.154789, 38.120161 ], [ -122.154025, 38.121092 ], [ -122.151722, 38.120792 ], [ -122.150447, 38.121286 ], [ -122.148614, 38.120886 ], [ -122.148319, 38.124292 ], [ -122.147596, 38.121515 ], [ -122.14508, 38.120415 ], [ -122.141416, 38.118107 ], [ -122.140172, 38.117683 ], [ -122.140755, 38.119919 ], [ -122.141526, 38.120139 ], [ -122.141275, 38.121947 ], [ -122.136975, 38.124373 ], [ -122.132443, 38.126156 ], [ -122.131067, 38.125125 ], [ -122.129075, 38.124627 ], [ -122.127816, 38.12497 ], [ -122.121895, 38.129401 ], [ -122.12145, 38.130121 ], [ -122.122175, 38.131714 ], [ -122.122999, 38.135592 ], [ -122.124308, 38.137404 ], [ -122.123009, 38.139624 ], [ -122.123198, 38.141602 ], [ -122.122448, 38.141973 ], [ -122.121099, 38.14324 ], [ -122.116808, 38.14506 ], [ -122.115592, 38.146676 ], [ -122.111128, 38.146716 ], [ -122.11026, 38.145828 ], [ -122.109625, 38.142109 ], [ -122.110506, 38.136181 ], [ -122.110106, 38.134592 ], [ -122.107619, 38.129386 ], [ -122.106996, 38.124907 ], [ -122.106531, 38.125156 ], [ -122.101067, 38.125664 ], [ -122.100758, 38.130311 ], [ -122.09975, 38.133167 ], [ -122.095049, 38.142148 ], [ -122.08958, 38.15249 ], [ -122.089476, 38.152689 ], [ -122.085673, 38.151794 ], [ -122.084594, 38.15097 ], [ -122.084858, 38.149157 ], [ -122.088141, 38.145432 ], [ -122.092445, 38.14191 ], [ -122.095359, 38.139201 ], [ -122.095428, 38.137695 ], [ -122.090697, 38.135851 ], [ -122.086117, 38.135343 ], [ -122.084409, 38.136214 ], [ -122.082419, 38.136301 ], [ -122.081635, 38.13336 ], [ -122.082546, 38.127443 ], [ -122.080392, 38.124848 ], [ -122.078778, 38.123546 ], [ -122.074465, 38.122167 ], [ -122.072684, 38.12131 ], [ -122.065903, 38.120785 ], [ -122.06462, 38.120157 ], [ -122.055829, 38.1065 ], [ -122.054231, 38.103456 ], [ -122.053843, 38.102286 ], [ -122.050386, 38.060198 ], [ -122.061103, 38.062137 ], [ -122.067298, 38.060077 ], [ -122.076148, 38.054615 ], [ -122.079826, 38.053173 ], [ -122.084159, 38.051861 ], [ -122.088746, 38.050092 ], [ -122.092744, 38.049352 ], [ -122.095733, 38.048355 ], [ -122.098726, 38.04746 ], [ -122.099776, 38.047008 ], [ -122.118083, 38.03934 ], [ -122.120095, 38.038221 ], [ -122.121131, 38.037891 ], [ -122.123161, 38.036082 ], [ -122.130174, 38.034718 ], [ -122.131536, 38.034492 ], [ -122.139366, 38.032177 ], [ -122.141533, 38.031862 ], [ -122.146866, 38.031727 ], [ -122.148577, 38.031721 ], [ -122.156852, 38.032946 ], [ -122.159681, 38.033399 ], [ -122.164577, 38.034721 ], [ -122.165662, 38.035399 ], [ -122.167577, 38.036721 ], [ -122.169536, 38.039275 ], [ -122.176188, 38.047863 ], [ -122.177214, 38.048682 ], [ -122.183863, 38.053997 ], [ -122.194805, 38.056533 ], [ -122.195832, 38.056771 ], [ -122.200677, 38.057894 ], [ -122.201778, 38.05812 ], [ -122.2137, 38.059591 ], [ -122.225178, 38.061006 ], [ -122.226413, 38.061073 ], [ -122.227991, 38.061206 ], [ -122.244106, 38.063795 ], [ -122.265347, 38.059918 ], [ -122.267978, 38.060221 ], [ -122.269666188168003, 38.060336289577897 ], [ -122.269731820087003, 38.060421770638698 ], [ -122.274748, 38.066955 ], [ -122.281561784977995, 38.080398641633401 ], [ -122.282824, 38.082889 ], [ -122.302557, 38.103248 ], [ -122.317293, 38.112038 ], [ -122.345102, 38.125875 ], [ -122.349900782969996, 38.1280401234634 ], [ -122.361264, 38.133167 ], [ -122.38218, 38.140084 ], [ -122.393588, 38.143449 ], [ -122.398128869977995, 38.142799435887703 ], [ -122.406786, 38.155632 ], [ -122.403475, 38.155465 ] ] ] } }
]
}
