{
"type": "FeatureCollection",
"name": "nyc_pumas_clean",
"crs": { "type": "name", "properties": { "name": "urn:ogc:def:crs:OGC:1.3:CRS84" } },
"features": [
{ "type": "Feature", "properties": { "STATEFP20": "36", "PUMACE20": "04165", "AFFGEOID20": "795P200US3604165", "GEOID20": "3604165", "NAMELSAD20": "NYC-Manhattan Community Districts 5 & 6--Midtown, East Midtown, & Flatiron PUMA", "STUSPS20": "NY", "ST_NAME20": "New York", "LSAD20": "P0", "ALAND20": 7690402, "AWATER20": 2729160, "puma_geoid": "3604165", "display": "Midtown, East Midtown, & Flatiron (Manhattan CD 5 & 6)", "place": "Midtown, East Midtown, & Flatiron", "NAME": "NYC-Manhattan Community Districts 5 & 6--Midtown, East Midtown, & Flatiron PUMA; New York", "total_housing_units": 136036, "occupied_units": 107188, "vacant_units": 28848, "vacancy_rate": 0.21206151312887761, "median_gross_rent": 3158, "median_gross_rent_display": "$3,158", "median_home_value": 1042400, "median_home_value_display": "$1,042,400", "home_value_topcoded": false, "borough": "Manhattan", "district": "CD 5 & 6", "city": "NYC" }, "geometry": { "type": "Polygon", "coordinates": [ [ [ -73.995749, 40.749052 ], [ -73.995299, 40.749671 ], [ -73.994844, 40.750293 ], [ -73.993948, 40.751522 ], [ -73.993464, 40.75219 ], [ -73.992979, 40.752854 ], [ -73.992528, 40.753474 ], [ -73.992079, 40.754091 ], [ -73.991633, 40.754707 ], [ -73.991177, 40.75533 ], [ -73.990726, 40.755951 ], [ -73.990276, 40.756567 ], [ -73.989791, 40.757234 ], [ -73.989297, 40.757907 ], [ -73.988842, 40.758533 ], [ -73.988391, 40.759164 ], [ -73.987927, 40.759791 ], [ -73.987015, 40.761038 ], [ -73.986561, 40.76166 ], [ -73.986104, 40.76229 ], [ -73.985647, 40.762915 ], [ -73.985192, 40.763543 ], [ -73.984734, 40.76417 ], [ -73.984283, 40.764792 ], [ -73.983822, 40.765418 ], [ -73.983367, 40.766045 ], [ -73.982877, 40.766715 ], [ -73.98238, 40.7674 ], [ -73.982147, 40.76773 ], [ -73.981633, 40.767732 ], [ -73.981431, 40.767874 ], [ -73.979076, 40.766876 ], [ -73.976234, 40.765675 ], [ -73.973015, 40.764279 ], [ -73.971411, 40.763588 ], [ -73.969801, 40.762914 ], [ -73.968187, 40.762227 ], [ -73.966583, 40.761552 ], [ -73.964314, 40.760599 ], [ -73.963556, 40.760281 ], [ -73.961966, 40.759619 ], [ -73.959722, 40.758663 ], [ -73.958934, 40.758335 ], [ -73.958719, 40.75864 ], [ -73.958478, 40.75854 ], [ -73.955527, 40.757243 ], [ -73.958614, 40.753848 ], [ -73.96156, 40.749458 ], [ -73.961491, 40.749494 ], [ -73.957732, 40.747775 ], [ -73.958216, 40.747212 ], [ -73.959725, 40.745261 ], [ -73.960211, 40.744511 ], [ -73.960513, 40.744108 ], [ -73.960563, 40.744024 ], [ -73.961381, 40.742802 ], [ -73.961911, 40.740997 ], [ -73.962435, 40.739672 ], [ -73.96262, 40.739033 ], [ -73.962478, 40.736802 ], [ -73.962672, 40.736446 ], [ -73.962348, 40.733812 ], [ -73.962307, 40.733119 ], [ -73.962288, 40.732899 ], [ -73.962148, 40.732452 ], [ -73.961843, 40.731625 ], [ -73.96145, 40.730994 ], [ -73.961214, 40.729508 ], [ -73.961215, 40.728151 ], [ -73.961436, 40.727298 ], [ -73.961531, 40.72591 ], [ -73.961611, 40.724951 ], [ -73.961543, 40.723876 ], [ -73.962645, 40.722747 ], [ -73.971396, 40.726662 ], [ -73.971857, 40.726759 ], [ -73.973298, 40.727428 ], [ -73.975696, 40.728475 ], [ -73.978001, 40.729429 ], [ -73.980338, 40.730448 ], [ -73.982564, 40.731361 ], [ -73.984941, 40.732347 ], [ -73.98718, 40.733292 ], [ -73.988779, 40.733966 ], [ -73.989903, 40.734435 ], [ -73.990754, 40.734839 ], [ -73.991715, 40.735215 ], [ -73.993617, 40.736005 ], [ -73.99684, 40.737361 ], [ -73.996337, 40.738044 ], [ -73.995874, 40.738686 ], [ -73.995446, 40.739272 ], [ -73.995018, 40.73986 ], [ -73.994165, 40.741031 ], [ -73.994028, 40.741219 ], [ -73.993739, 40.741617 ], [ -73.993292, 40.742233 ], [ -73.992318, 40.743568 ], [ -73.992063, 40.743919 ], [ -73.991419, 40.744802 ], [ -73.994262, 40.746004 ], [ -73.997099, 40.747205 ], [ -73.995749, 40.749052 ] ] ] } },
{ "type": "Feature", "properties": { "STATEFP20": "36", "PUMACE20": "04207", "AFFGEOID20": "795P200US3604207", "GEOID20": "3604207", "NAMELSAD20": "NYC-Bronx Community District 7--Fordham, Bedford Park, & Norwood PUMA", "STUSPS20": "NY", "ST_NAME20": "New York", "LSAD20": "P0", "ALAND20": 4266751, "AWATER20": 45100, "puma_geoid": "3604207", "display": "Fordham, Bedford Park, & Norwood (Bronx CD 7)", "place": "Fordham, Bedford Park, & Norwood", "NAME": "NYC-Bronx Community District 7--Fordham, Bedford Park, & Norwood PUMA; New York", "total_housing_units": 52911, "occupied_units": 50488, "vacant_units": 2423, "vacancy_rate": 0.045793880289542802, "median_gross_rent": 1591, "median_gross_rent_display": "$1,591", "median_home_value": 264900, "median_home_value_display": "$264,900", "home_value_topcoded": false, "borough": "Bronx", "district": "CD 7", "city": "NYC" }, "geometry": { "type": "Polygon", "coordinates": [ [ [ -73.91929, 40.857475 ], [ -73.916975, 40.859909 ], [ -73.91434, 40.862521 ], [ -73.909804, 40.868282 ], [ -73.908605, 40.871678 ], [ -73.908526, 40.871792 ], [ -73.907104, 40.872978 ], [ -73.907, 40.873455 ], [ -73.906162, 40.873243 ], [ -73.905714, 40.873138 ], [ -73.904662, 40.872645 ], [ -73.904459, 40.872423 ], [ -73.904397, 40.870348 ], [ -73.903668, 40.869495 ], [ -73.902358, 40.868696 ], [ -73.90114, 40.86828 ], [ -73.899976, 40.867986 ], [ -73.89953, 40.867881 ], [ -73.899644, 40.868468 ], [ -73.898918, 40.869658 ], [ -73.896561, 40.868565 ], [ -73.896037, 40.86923 ], [ -73.89485, 40.870451 ], [ -73.893914, 40.870969 ], [ -73.893071, 40.871396 ], [ -73.890987, 40.871764 ], [ -73.889804, 40.872401 ], [ -73.889372, 40.873382 ], [ -73.888557, 40.875197 ], [ -73.88807, 40.876271 ], [ -73.887736, 40.877034 ], [ -73.885656, 40.87889 ], [ -73.885774, 40.8796 ], [ -73.885936, 40.880481 ], [ -73.887011, 40.882472 ], [ -73.886967, 40.882814 ], [ -73.88703, 40.883889 ], [ -73.887047, 40.884358 ], [ -73.885165, 40.883632 ], [ -73.88319, 40.883285 ], [ -73.882087, 40.883133 ], [ -73.881244, 40.88271 ], [ -73.879974, 40.884395 ], [ -73.877918, 40.887212 ], [ -73.877607, 40.884523 ], [ -73.877729, 40.883454 ], [ -73.878126, 40.882154 ], [ -73.876258, 40.881832 ], [ -73.875337, 40.881672 ], [ -73.874792, 40.880075 ], [ -73.874067, 40.880039 ], [ -73.871918, 40.880237 ], [ -73.87092, 40.880258 ], [ -73.870241, 40.88023 ], [ -73.870944, 40.878511 ], [ -73.871605, 40.876922 ], [ -73.872553, 40.875175 ], [ -73.874367, 40.872701 ], [ -73.876292, 40.870526 ], [ -73.87986, 40.868274 ], [ -73.883079, 40.866593 ], [ -73.883625, 40.867258 ], [ -73.884429, 40.866801 ], [ -73.88514, 40.866383 ], [ -73.885937, 40.865924 ], [ -73.886833, 40.86539 ], [ -73.888122, 40.864255 ], [ -73.888896, 40.864754 ], [ -73.890161, 40.863477 ], [ -73.890654, 40.862955 ], [ -73.891815, 40.861817 ], [ -73.892852, 40.861833 ], [ -73.893559, 40.861926 ], [ -73.893724, 40.861944 ], [ -73.894825, 40.862065 ], [ -73.895884, 40.862258 ], [ -73.897068, 40.862534 ], [ -73.898387, 40.862344 ], [ -73.899618, 40.862159 ], [ -73.899962, 40.862351 ], [ -73.900284, 40.862472 ], [ -73.90108, 40.862756 ], [ -73.901614, 40.862139 ], [ -73.902545, 40.860578 ], [ -73.903514, 40.860918 ], [ -73.904081, 40.859988 ], [ -73.904475, 40.859342 ], [ -73.904868, 40.858693 ], [ -73.905723, 40.858993 ], [ -73.905871, 40.859045 ], [ -73.90627, 40.859187 ], [ -73.906798, 40.859374 ], [ -73.907071, 40.859362 ], [ -73.907773, 40.859608 ], [ -73.90981, 40.857348 ], [ -73.910208, 40.858289 ], [ -73.910904, 40.858778 ], [ -73.913284, 40.859619 ], [ -73.915417, 40.858701 ], [ -73.915388, 40.859129 ], [ -73.916642, 40.857988 ], [ -73.91719, 40.856837 ], [ -73.917217, 40.856015 ], [ -73.917425, 40.856774 ], [ -73.917901, 40.856937 ], [ -73.91929, 40.857475 ] ] ] } },
{ "type": "Feature", "properties": { "STATEFP20": "36", "PUMACE20": "04211", "AFFGEOID20": "795P200US3604211", "GEOID20": "3604211", "NAMELSAD20": "NYC-Bronx Community District 11--Pelham Parkway & Morris Park PUMA", "STUSPS20": "NY", "ST_NAME20": "New York", "LSAD20": "P0", "ALAND20": 9427874, "AWATER20": 0, "puma_geoid": "3604211", "display": "Pelham Parkway & Morris Park (Bronx CD 11)", "place": "Pelham Parkway & Morris Park", "NAME": "NYC-Bronx Community District 11--Pelham Parkway & Morris Park PUMA; New York", "total_housing_units": 45830, "occupied_units": 42890, "vacant_units": 2940, "vacancy_rate": 0.064150120008727898, "median_gross_rent": 1611, "median_gross_rent_display": "$1,611", "median_home_value": 632300, "median_home_value_display": "$632,300", "home_value_topcoded": false, "borough": "Bronx", "district": "CD 11", "city": "NYC" }, "geometry": { "type": "Polygon", "coordinates": [ [ [ -73.873268, 40.84022 ], [ -73.872808, 40.840869 ], [ -73.872469, 40.841316 ], [ -73.872253, 40.841601 ], [ -73.870995, 40.843112 ], [ -73.870301, 40.843549 ], [ -73.869595, 40.843981 ], [ -73.868892, 40.84441 ], [ -73.868127, 40.844787 ], [ -73.868019, 40.844841 ], [ -73.868283, 40.844967 ], [ -73.868787, 40.846656 ], [ -73.868355, 40.84708 ], [ -73.868374, 40.84897 ], [ -73.869209, 40.849239 ], [ -73.868235, 40.850913 ], [ -73.868609, 40.852088 ], [ -73.869377, 40.854266 ], [ -73.869815, 40.855484 ], [ -73.869889, 40.855971 ], [ -73.868859, 40.857225 ], [ -73.868383, 40.857812 ], [ -73.869549, 40.857726 ], [ -73.871033, 40.857808 ], [ -73.870977, 40.858197 ], [ -73.870884, 40.858895 ], [ -73.870579, 40.861405 ], [ -73.870462, 40.863272 ], [ -73.870419, 40.865363 ], [ -73.870455, 40.866633 ], [ -73.870492, 40.867951 ], [ -73.870537, 40.869674 ], [ -73.868229, 40.869684 ], [ -73.867222, 40.869695 ], [ -73.866205, 40.869694 ], [ -73.864326, 40.869656 ], [ -73.864266, 40.871389 ], [ -73.863332, 40.871375 ], [ -73.861379, 40.871336 ], [ -73.860367, 40.871319 ], [ -73.859427, 40.871301 ], [ -73.858488, 40.871284 ], [ -73.856614, 40.87125 ], [ -73.856513, 40.874218 ], [ -73.855518, 40.873904 ], [ -73.853637, 40.873301 ], [ -73.851662, 40.872685 ], [ -73.848597, 40.87167 ], [ -73.846408, 40.870555 ], [ -73.84609, 40.87039 ], [ -73.845782, 40.870227 ], [ -73.845173, 40.869915 ], [ -73.843586, 40.869088 ], [ -73.842406, 40.868475 ], [ -73.841224, 40.867858 ], [ -73.840644, 40.867554 ], [ -73.836971, 40.865643 ], [ -73.836431, 40.865356 ], [ -73.835907, 40.865077 ], [ -73.831602, 40.862628 ], [ -73.829594, 40.862173 ], [ -73.828372, 40.860947 ], [ -73.828521, 40.860746 ], [ -73.831993, 40.856745 ], [ -73.832821, 40.856124 ], [ -73.832775, 40.855991 ], [ -73.831291, 40.855434 ], [ -73.831575, 40.85538 ], [ -73.833906, 40.854468 ], [ -73.834809, 40.853514 ], [ -73.835559, 40.851964 ], [ -73.835801, 40.849677 ], [ -73.835933, 40.848406 ], [ -73.836069, 40.847165 ], [ -73.836177, 40.845917 ], [ -73.836693, 40.84364 ], [ -73.836868, 40.843473 ], [ -73.837664, 40.840935 ], [ -73.83763, 40.840293 ], [ -73.838321, 40.840649 ], [ -73.838508, 40.840694 ], [ -73.839364, 40.840878 ], [ -73.841247, 40.840621 ], [ -73.842041, 40.840646 ], [ -73.841505, 40.841016 ], [ -73.842393, 40.84227 ], [ -73.843276, 40.843542 ], [ -73.84491, 40.845427 ], [ -73.84462, 40.846361 ], [ -73.84494, 40.84821 ], [ -73.844929, 40.850144 ], [ -73.84542, 40.84854 ], [ -73.84657, 40.847068 ], [ -73.847885, 40.845989 ], [ -73.847723, 40.845839 ], [ -73.847347, 40.845503 ], [ -73.846235, 40.84449 ], [ -73.848069, 40.843072 ], [ -73.848546, 40.843007 ], [ -73.849992, 40.842852 ], [ -73.850523, 40.84279 ], [ -73.851208, 40.842715 ], [ -73.853335, 40.84247 ], [ -73.855465, 40.842227 ], [ -73.856916, 40.842062 ], [ -73.861762, 40.841513 ], [ -73.86358, 40.841278 ], [ -73.864465, 40.841088 ], [ -73.866361, 40.840592 ], [ -73.867248, 40.840344 ], [ -73.867406, 40.840305 ], [ -73.869208, 40.8396 ], [ -73.869426, 40.839517 ], [ -73.870261, 40.839594 ], [ -73.871206, 40.839675 ], [ -73.872843, 40.839758 ], [ -73.873561, 40.839794 ], [ -73.873268, 40.84022 ] ] ] } },
{ "type": "Feature", "properties": { "STATEFP20": "36", "PUMACE20": "04308", "AFFGEOID20": "795P200US3604308", "GEOID20": "3604308", "NAMELSAD20": "NYC-Brooklyn Community District 8--Crown Heights (North) PUMA", "STUSPS20": "NY", "ST_NAME20": "New York", "LSAD20": "P0", "ALAND20": 4362208, "AWATER20": 0, "puma_geoid": "3604308", "display": "Crown Heights (North) (Brooklyn CD 8)", "place": "Crown Heights (North)", "NAME": "NYC-Brooklyn Community District 8--Crown Heights (North) PUMA; New York", "total_housing_units": 51690, "occupied_units": 47912, "vacant_units": 3778, "vacancy_rate": 0.073089572451151094, "median_gross_rent": 1882, "median_gross_rent_display": "$1,882", "median_home_value": 1119300, "median_home_value_display": "$1,119,300", "home_value_topcoded": false, "borough": "Brooklyn", "district": "CD 8", "city": "NYC" }, "geometry": { "type": "Polygon", "coordinates": [ [ [ -73.975321, 40.679333 ], [ -73.974958, 40.679877 ], [ -73.974905, 40.679955 ], [ -73.974692, 40.680266 ], [ -73.974504, 40.680733 ], [ -73.973952, 40.682281 ], [ -73.97378, 40.683061 ], [ -73.972324, 40.682768 ], [ -73.971742, 40.682646 ], [ -73.97064, 40.682414 ], [ -73.968664, 40.682 ], [ -73.967477, 40.681754 ], [ -73.964454, 40.681125 ], [ -73.961312, 40.680456 ], [ -73.958292, 40.679831 ], [ -73.956022, 40.679359 ], [ -73.955309, 40.679273 ], [ -73.954801, 40.67917 ], [ -73.953005, 40.678815 ], [ -73.952053, 40.678675 ], [ -73.949679, 40.678566 ], [ -73.946911, 40.678392 ], [ -73.944141, 40.678237 ], [ -73.941369, 40.678093 ], [ -73.938593, 40.67797 ], [ -73.935858, 40.677817 ], [ -73.933069, 40.677647 ], [ -73.930322, 40.677485 ], [ -73.928227, 40.677378 ], [ -73.926594, 40.677278 ], [ -73.924765, 40.677173 ], [ -73.923779, 40.677118 ], [ -73.922806, 40.677067 ], [ -73.921816, 40.677019 ], [ -73.921901, 40.676131 ], [ -73.922049, 40.674574 ], [ -73.922132, 40.673684 ], [ -73.922215, 40.672792 ], [ -73.9223, 40.6719 ], [ -73.922384, 40.671009 ], [ -73.922467, 40.670117 ], [ -73.922544, 40.669276 ], [ -73.922632, 40.668373 ], [ -73.922753, 40.667098 ], [ -73.923368, 40.666827 ], [ -73.924389, 40.666385 ], [ -73.92638, 40.665515 ], [ -73.928228, 40.66471 ], [ -73.928544, 40.664574 ], [ -73.928683, 40.665086 ], [ -73.928598, 40.66597 ], [ -73.928525, 40.666866 ], [ -73.92835, 40.668647 ], [ -73.931119, 40.668798 ], [ -73.933888, 40.66895 ], [ -73.936657, 40.669101 ], [ -73.939427, 40.669252 ], [ -73.942196, 40.669403 ], [ -73.944962, 40.669556 ], [ -73.947731, 40.669705 ], [ -73.950502, 40.669856 ], [ -73.95327, 40.670007 ], [ -73.955269, 40.670125 ], [ -73.957974, 40.670657 ], [ -73.959047, 40.670882 ], [ -73.961338, 40.671352 ], [ -73.962622, 40.671629 ], [ -73.966297, 40.672677 ], [ -73.967486, 40.672878 ], [ -73.968924, 40.672938 ], [ -73.968731, 40.673928 ], [ -73.968999, 40.674713 ], [ -73.969693, 40.67536 ], [ -73.969498, 40.675906 ], [ -73.971904, 40.676413 ], [ -73.973687, 40.677078 ], [ -73.97618, 40.678065 ], [ -73.975321, 40.679333 ] ] ] } },
{ "type": "Feature", "properties": { "STATEFP20": "36", "PUMACE20": "04210", "AFFGEOID20": "795P200US3604210", "GEOID20": "3604210", "NAMELSAD20": "NYC-Bronx Community District 10--Co-op City & Throgs Neck PUMA", "STUSPS20": "NY", "ST_NAME20": "New York", "LSAD20": "P0", "ALAND20": 24850248, "AWATER20": 28576948, "puma_geoid": "3604210", "display": "Co-op City & Throgs Neck (Bronx CD 10)", "place": "Co-op City & Throgs Neck", "NAME": "NYC-Bronx Community District 10--Co-op City & Throgs Neck PUMA; New York", "total_housing_units": 53382, "occupied_units": 50673, "vacant_units": 2709, "vacancy_rate": 0.050747442958300498, "median_gross_rent": 1571, "median_gross_rent_display": "$1,571", "median_home_value": 481800, "median_home_value_display": "$481,800", "home_value_topcoded": false, "borough": "Bronx", "district": "CD 10", "city": "NYC" }, "geometry": { "type": "MultiPolygon", "coordinates": [ [ [ [ -73.772417897326093, 40.859536957204398 ], [ -73.770495, 40.860144 ], [ -73.765621, 40.855657 ], [ -73.765787131597193, 40.854881449080601 ], [ -73.765826, 40.8547 ], [ -73.76791, 40.853525 ], [ -73.768854, 40.851731 ], [ -73.768845902736103, 40.851278691901399 ], [ -73.768826413037004, 40.850190009489403 ], [ -73.76879, 40.848156 ], [ -73.767863, 40.845692 ], [ -73.767968389977398, 40.845652389977403 ], [ -73.769792, 40.844967 ], [ -73.77156, 40.847161 ], [ -73.7715921557934, 40.8475242807407 ], [ -73.771933921513295, 40.851385386022201 ], [ -73.772177904618403, 40.854141790193502 ], [ -73.772649, 40.859464 ], [ -73.772417897326093, 40.859536957204398 ] ] ], [ [ [ -73.792287998481996, 40.855442440251402 ], [ -73.792096757071505, 40.855789065307803 ], [ -73.790579, 40.85854 ], [ -73.789146629680602, 40.858454948044297 ], [ -73.788777, 40.858433 ], [ -73.787915937846407, 40.854132626514897 ], [ -73.787905, 40.854078 ], [ -73.787605588074697, 40.853804769835001 ], [ -73.785395771813, 40.851788188627502 ], [ -73.785023757477305, 40.851448704693397 ], [ -73.784783, 40.851229 ], [ -73.784534058297993, 40.850799399381202 ], [ -73.784307209219904, 40.850407924174 ], [ -73.782937062871994, 40.8480434520336 ], [ -73.782169, 40.846718 ], [ -73.782831800235698, 40.845184800287299 ], [ -73.78313, 40.844495 ], [ -73.781802, 40.841067 ], [ -73.781534, 40.838948 ], [ -73.782890366154703, 40.837578724853998 ], [ -73.783005, 40.837463 ], [ -73.784163, 40.837105 ], [ -73.785637, 40.838021 ], [ -73.788273685797293, 40.842424606460099 ], [ -73.789291109671396, 40.8441238359812 ], [ -73.790148626185598, 40.845555999519803 ], [ -73.791124, 40.847185 ], [ -73.790915217534007, 40.847728141947101 ], [ -73.790620339016698, 40.848495260446597 ], [ -73.789902, 40.850364 ], [ -73.792643, 40.854799 ], [ -73.792287998481996, 40.855442440251402 ] ] ], [ [ [ -73.853335, 40.84247 ], [ -73.851208, 40.842715 ], [ -73.850523, 40.84279 ], [ -73.849992, 40.842852 ], [ -73.848546, 40.843007 ], [ -73.848069, 40.843072 ], [ -73.846235, 40.84449 ], [ -73.847347, 40.845503 ], [ -73.847723, 40.845839 ], [ -73.847885, 40.845989 ], [ -73.84657, 40.847068 ], [ -73.84542, 40.84854 ], [ -73.844929, 40.850144 ], [ -73.84494, 40.84821 ], [ -73.84462, 40.846361 ], [ -73.84491, 40.845427 ], [ -73.843276, 40.843542 ], [ -73.842393, 40.84227 ], [ -73.841505, 40.841016 ], [ -73.842041, 40.840646 ], [ -73.841247, 40.840621 ], [ -73.839364, 40.840878 ], [ -73.838508, 40.840694 ], [ -73.838321, 40.840649 ], [ -73.83763, 40.840293 ], [ -73.837664, 40.840935 ], [ -73.836868, 40.843473 ], [ -73.836693, 40.84364 ], [ -73.836177, 40.845917 ], [ -73.836069, 40.847165 ], [ -73.835933, 40.848406 ], [ -73.835801, 40.849677 ], [ -73.835559, 40.851964 ], [ -73.834809, 40.853514 ], [ -73.833906, 40.854468 ], [ -73.831575, 40.85538 ], [ -73.831291, 40.855434 ], [ -73.832775, 40.855991 ], [ -73.832821, 40.856124 ], [ -73.831993, 40.856745 ], [ -73.828521, 40.860746 ], [ -73.828372, 40.860947 ], [ -73.829594, 40.862173 ], [ -73.830574, 40.864374 ], [ -73.83273, 40.868457 ], [ -73.834013, 40.871172 ], [ -73.834881, 40.874429 ], [ -73.834881, 40.875505 ], [ -73.834502, 40.877227 ], [ -73.834, 40.878388 ], [ -73.832451, 40.880216 ], [ -73.831444, 40.881107 ], [ -73.829861, 40.882175 ], [ -73.829049, 40.882622 ], [ -73.826063, 40.884153 ], [ -73.826612, 40.884649 ], [ -73.821807, 40.886126 ], [ -73.82076, 40.885304 ], [ -73.820322, 40.885438 ], [ -73.819814, 40.885574 ], [ -73.81936, 40.885726 ], [ -73.815413, 40.886655 ], [ -73.815256, 40.88666 ], [ -73.81245, 40.886645 ], [ -73.80692, 40.885769 ], [ -73.805298, 40.885998 ], [ -73.799251, 40.88463 ], [ -73.794493, 40.883068 ], [ -73.793680934330496, 40.882346520793703 ], [ -73.794913471067403, 40.8805808138519 ], [ -73.794928, 40.88056 ], [ -73.794926, 40.879187 ], [ -73.793698, 40.878725 ], [ -73.793238301358002, 40.8789668539861 ], [ -73.790826, 40.880236 ], [ -73.788885, 40.878993 ], [ -73.785639677958898, 40.878623309958598 ], [ -73.784803, 40.878528 ], [ -73.783777544597996, 40.873742541457297 ], [ -73.783366, 40.871822 ], [ -73.78598, 40.869485 ], [ -73.791209, 40.868946 ], [ -73.793111, 40.863554 ], [ -73.795221, 40.857496 ], [ -73.795642801571802, 40.857113975622802 ], [ -73.798837, 40.854221 ], [ -73.798133, 40.851307 ], [ -73.799843, 40.848667 ], [ -73.800795883531407, 40.848727063571197 ], [ -73.801366, 40.848763 ], [ -73.802490306487201, 40.850778629964999 ], [ -73.804633, 40.85462 ], [ -73.803824, 40.858112 ], [ -73.804417, 40.861616 ], [ -73.805977, 40.861811 ], [ -73.807558, 40.860484 ], [ -73.809042, 40.860466 ], [ -73.810934, 40.862762 ], [ -73.814265405742603, 40.864127697246602 ], [ -73.815143788251405, 40.864487786850397 ], [ -73.815398, 40.864592 ], [ -73.8173052731414, 40.863886945188597 ], [ -73.817642409583698, 40.863762317170902 ], [ -73.817976, 40.863639 ], [ -73.817832779515697, 40.863343990284498 ], [ -73.816923, 40.86147 ], [ -73.8163453063639, 40.861278340363199 ], [ -73.813731, 40.860411 ], [ -73.8126, 40.8587 ], [ -73.8126, 40.854386 ], [ -73.816641, 40.853487 ], [ -73.816590137388999, 40.853232748078 ], [ -73.816188702322805, 40.851226055241 ], [ -73.815710863407602, 40.848837434990699 ], [ -73.815697264844502, 40.848769458519399 ], [ -73.815678898860298, 40.848677650672798 ], [ -73.815225638518797, 40.846411893749597 ], [ -73.8152095267654, 40.846331354347498 ], [ -73.814977, 40.845169 ], [ -73.816688, 40.843896 ], [ -73.816562565360101, 40.842811578207701 ], [ -73.816047401559302, 40.838357825618502 ], [ -73.815788023258193, 40.8361154188756 ], [ -73.815775272815799, 40.836005187303201 ], [ -73.815763866904703, 40.8359065796257 ], [ -73.815504286491603, 40.833662425562203 ], [ -73.815273847895398, 40.831670211643299 ], [ -73.815205, 40.831075 ], [ -73.814258481094697, 40.829711137570499 ], [ -73.812869, 40.827709 ], [ -73.814172, 40.825911 ], [ -73.813761351565105, 40.825473952737099 ], [ -73.812772, 40.824421 ], [ -73.810861911333603, 40.825012814357301 ], [ -73.809049393543802, 40.825574397738002 ], [ -73.808502, 40.825744 ], [ -73.80702, 40.825248 ], [ -73.806424184788796, 40.823652015369497 ], [ -73.805800261990498, 40.8219807401521 ], [ -73.804789061620298, 40.819272081126798 ], [ -73.804518, 40.818546 ], [ -73.803549341761993, 40.8182745199626 ], [ -73.801882054757598, 40.817807239429001 ], [ -73.798306, 40.816805 ], [ -73.798312198001, 40.816350638849599 ], [ -73.798313935439793, 40.816223271219599 ], [ -73.798319, 40.815852 ], [ -73.802716, 40.812551 ], [ -73.802742885888804, 40.812506315820201 ], [ -73.803358, 40.811484 ], [ -73.80184, 40.810316 ], [ -73.790859, 40.806568 ], [ -73.79024, 40.805032 ], [ -73.792199077979205, 40.804179303765999 ], [ -73.793746, 40.803506 ], [ -73.794111943144699, 40.800539354068 ], [ -73.799745, 40.802199 ], [ -73.811299, 40.805397 ], [ -73.817418, 40.80579 ], [ -73.823438, 40.80481 ], [ -73.827583, 40.803936 ], [ -73.830676, 40.803108 ], [ -73.831833, 40.804939 ], [ -73.834499, 40.805015 ], [ -73.837984, 40.806226 ], [ -73.840426, 40.811873 ], [ -73.83998, 40.816391 ], [ -73.836961, 40.816341 ], [ -73.83645, 40.81784 ], [ -73.83602, 40.82376 ], [ -73.836838, 40.828464 ], [ -73.837017, 40.829053 ], [ -73.841446, 40.828793 ], [ -73.842385, 40.828688 ], [ -73.842812, 40.828637 ], [ -73.843142, 40.828579 ], [ -73.843917, 40.828447 ], [ -73.845255, 40.828463 ], [ -73.847261, 40.829313 ], [ -73.847318, 40.829533 ], [ -73.847812, 40.831622 ], [ -73.847979, 40.832339 ], [ -73.848147, 40.83306 ], [ -73.848314, 40.833781 ], [ -73.848486, 40.834525 ], [ -73.849559, 40.834409 ], [ -73.850166, 40.834355 ], [ -73.851684, 40.834201 ], [ -73.85207, 40.835625 ], [ -73.852207, 40.836347 ], [ -73.852331, 40.83701 ], [ -73.852914, 40.840086 ], [ -73.853035, 40.840735 ], [ -73.853095, 40.841047 ], [ -73.853268, 40.842075 ], [ -73.853335, 40.84247 ] ] ] ] } },
{ "type": "Feature", "properties": { "STATEFP20": "36", "PUMACE20": "04204", "AFFGEOID20": "795P200US3604204", "GEOID20": "3604204", "NAMELSAD20": "NYC-Bronx Community District 4--Highbridge & Concourse PUMA", "STUSPS20": "NY", "ST_NAME20": "New York", "LSAD20": "P0", "ALAND20": 5351826, "AWATER20": 9963, "puma_geoid": "3604204", "display": "Highbridge & Concourse (Bronx CD 4)", "place": "Highbridge & Concourse", "NAME": "NYC-Bronx Community District 4--Highbridge & Concourse PUMA; New York", "total_housing_units": 57489, "occupied_units": 56282, "vacant_units": 1207, "vacancy_rate": 0.020995320843987499, "median_gross_rent": 1394, "median_gross_rent_display": "$1,394", "median_home_value": 283900, "median_home_value_display": "$283,900", "home_value_topcoded": false, "borough": "Bronx", "district": "CD 4", "city": "NYC" }, "geometry": { "type": "Polygon", "coordinates": [ [ [ -73.933144, 40.834815 ], [ -73.933006, 40.835679 ], [ -73.930606, 40.839679 ], [ -73.930406, 40.840279 ], [ -73.929695, 40.842195 ], [ -73.929609, 40.84228 ], [ -73.929006, 40.844079 ], [ -73.928159, 40.845492 ], [ -73.923967, 40.844795 ], [ -73.92354, 40.844457 ], [ -73.922818, 40.844262 ], [ -73.922633, 40.844727 ], [ -73.918479, 40.844973 ], [ -73.917402, 40.845036 ], [ -73.916726, 40.84505 ], [ -73.914199, 40.845115 ], [ -73.913192, 40.845116 ], [ -73.912001, 40.845087 ], [ -73.911143, 40.845063 ], [ -73.909361, 40.845006 ], [ -73.907548, 40.844908 ], [ -73.906653, 40.844849 ], [ -73.904851, 40.844726 ], [ -73.904937, 40.843375 ], [ -73.905, 40.842535 ], [ -73.905032, 40.842263 ], [ -73.905312, 40.840455 ], [ -73.905607, 40.839844 ], [ -73.905383, 40.839769 ], [ -73.905979, 40.838505 ], [ -73.906906, 40.837023 ], [ -73.907402, 40.836232 ], [ -73.908691, 40.833938 ], [ -73.909621, 40.832281 ], [ -73.91049, 40.830737 ], [ -73.909713, 40.83047 ], [ -73.90896, 40.830226 ], [ -73.910307, 40.828773 ], [ -73.911694, 40.827759 ], [ -73.911794, 40.826428 ], [ -73.91131, 40.824849 ], [ -73.913167, 40.825457 ], [ -73.913512, 40.824805 ], [ -73.915451, 40.825748 ], [ -73.916614, 40.824992 ], [ -73.916309, 40.824903 ], [ -73.916088, 40.824838 ], [ -73.916773, 40.824387 ], [ -73.918337, 40.823385 ], [ -73.91937, 40.822718 ], [ -73.92034, 40.822095 ], [ -73.920665, 40.821837 ], [ -73.921948, 40.821032 ], [ -73.922652, 40.820494 ], [ -73.924025, 40.819285 ], [ -73.925185, 40.818013 ], [ -73.927313, 40.81856 ], [ -73.928218, 40.816535 ], [ -73.928857, 40.81488 ], [ -73.930276, 40.813256 ], [ -73.93116, 40.813652 ], [ -73.932401, 40.814151 ], [ -73.932327, 40.819503 ], [ -73.932749, 40.825492 ], [ -73.933059, 40.828156 ], [ -73.933459, 40.833184 ], [ -73.933144, 40.834815 ] ] ] } },
{ "type": "Feature", "properties": { "STATEFP20": "36", "PUMACE20": "04309", "AFFGEOID20": "795P200US3604309", "GEOID20": "3604309", "NAMELSAD20": "NYC-Brooklyn Community District 9--Crown Heights (South) PUMA", "STUSPS20": "NY", "ST_NAME20": "New York", "LSAD20": "P0", "ALAND20": 4096826, "AWATER20": 0, "puma_geoid": "3604309", "display": "Crown Heights (South) (Brooklyn CD 9)", "place": "Crown Heights (South)", "NAME": "NYC-Brooklyn Community District 9--Crown Heights (South) PUMA; New York", "total_housing_units": 43299, "occupied_units": 40036, "vacant_units": 3263, "vacancy_rate": 0.075359708076398996, "median_gross_rent": 1656, "median_gross_rent_display": "$1,656", "median_home_value": 1118200, "median_home_value_display": "$1,118,200", "home_value_topcoded": false, "borough": "Brooklyn", "district": "CD 9", "city": "NYC" }, "geometry": { "type": "Polygon", "coordinates": [ [ [ -73.962884, 40.662622 ], [ -73.962429, 40.663125 ], [ -73.960956, 40.663285 ], [ -73.961258, 40.664802 ], [ -73.961806, 40.667681 ], [ -73.962194, 40.669641 ], [ -73.962622, 40.671629 ], [ -73.961338, 40.671352 ], [ -73.959047, 40.670882 ], [ -73.957974, 40.670657 ], [ -73.955269, 40.670125 ], [ -73.95327, 40.670007 ], [ -73.950502, 40.669856 ], [ -73.947731, 40.669705 ], [ -73.944962, 40.669556 ], [ -73.942196, 40.669403 ], [ -73.939427, 40.669252 ], [ -73.936657, 40.669101 ], [ -73.933888, 40.66895 ], [ -73.931119, 40.668798 ], [ -73.92835, 40.668647 ], [ -73.928525, 40.666866 ], [ -73.928598, 40.66597 ], [ -73.928683, 40.665086 ], [ -73.928544, 40.664574 ], [ -73.929403, 40.664199 ], [ -73.929874, 40.66399 ], [ -73.930685, 40.66362 ], [ -73.931607, 40.663557 ], [ -73.931579, 40.66323 ], [ -73.931556, 40.662756 ], [ -73.931406, 40.661331 ], [ -73.931325, 40.660594 ], [ -73.932336, 40.660532 ], [ -73.934231, 40.660415 ], [ -73.933996, 40.658119 ], [ -73.93209, 40.658235 ], [ -73.931083, 40.658296 ], [ -73.930903, 40.65661 ], [ -73.931907, 40.656537 ], [ -73.932847, 40.656478 ], [ -73.93381, 40.656423 ], [ -73.934784, 40.656361 ], [ -73.935718, 40.656303 ], [ -73.938593, 40.656123 ], [ -73.939559, 40.656063 ], [ -73.940532, 40.656002 ], [ -73.942401, 40.655885 ], [ -73.947159, 40.655594 ], [ -73.950066, 40.655423 ], [ -73.95016, 40.65626 ], [ -73.953048, 40.656081 ], [ -73.956388, 40.655875 ], [ -73.9563, 40.655049 ], [ -73.959696, 40.654839 ], [ -73.959861, 40.655635 ], [ -73.960205, 40.655514 ], [ -73.961691, 40.654951 ], [ -73.9619, 40.654871 ], [ -73.962814, 40.660504 ], [ -73.962884, 40.662622 ] ] ] } },
{ "type": "Feature", "properties": { "STATEFP20": "36", "PUMACE20": "04110", "AFFGEOID20": "795P200US3604110", "GEOID20": "3604110", "NAMELSAD20": "NYC-Manhattan Community District 10--Harlem PUMA", "STUSPS20": "NY", "ST_NAME20": "New York", "LSAD20": "P0", "ALAND20": 3554261, "AWATER20": 241237, "puma_geoid": "3604110", "display": "Harlem (Manhattan CD 10)", "place": "Harlem", "NAME": "NYC-Manhattan Community District 10--Harlem PUMA; New York", "total_housing_units": 64634, "occupied_units": 58058, "vacant_units": 6576, "vacancy_rate": 0.1017421171519633, "median_gross_rent": 1378, "median_gross_rent_display": "$1,378", "median_home_value": 897900, "median_home_value_display": "$897,900", "home_value_topcoded": false, "borough": "Manhattan", "district": "CD 10", "city": "NYC" }, "geometry": { "type": "Polygon", "coordinates": [ [ [ -73.959147, 40.801844 ], [ -73.958249, 40.803107 ], [ -73.958204, 40.803894 ], [ -73.958254, 40.804714 ], [ -73.958182, 40.805597 ], [ -73.957722, 40.806291 ], [ -73.957266, 40.806916 ], [ -73.956806, 40.807546 ], [ -73.956344, 40.808174 ], [ -73.95543, 40.809429 ], [ -73.954966, 40.810064 ], [ -73.953576, 40.809477 ], [ -73.952591, 40.810765 ], [ -73.952101, 40.811442 ], [ -73.950927, 40.812575 ], [ -73.95035, 40.813159 ], [ -73.949861, 40.8138 ], [ -73.94902, 40.815021 ], [ -73.948677, 40.815692 ], [ -73.948356, 40.816374 ], [ -73.948009, 40.817116 ], [ -73.947666, 40.817855 ], [ -73.947036, 40.819209 ], [ -73.946078, 40.821264 ], [ -73.945155, 40.820876 ], [ -73.944049, 40.822052 ], [ -73.943506, 40.822628 ], [ -73.943235, 40.822921 ], [ -73.942924, 40.82326 ], [ -73.941956, 40.824555 ], [ -73.941503, 40.825171 ], [ -73.940595, 40.826414 ], [ -73.94014, 40.827039 ], [ -73.939248, 40.828296 ], [ -73.938588, 40.829717 ], [ -73.940167, 40.830383 ], [ -73.939343, 40.831612 ], [ -73.938683, 40.832801 ], [ -73.937957, 40.833454 ], [ -73.936496, 40.834569 ], [ -73.934911, 40.835736 ], [ -73.934402, 40.836054 ], [ -73.934705, 40.835626 ], [ -73.933006, 40.835679 ], [ -73.933144, 40.834815 ], [ -73.933459, 40.833184 ], [ -73.933059, 40.828156 ], [ -73.932749, 40.825492 ], [ -73.932327, 40.819503 ], [ -73.933823, 40.819491 ], [ -73.934313, 40.81963 ], [ -73.934475, 40.819697 ], [ -73.934436, 40.819152 ], [ -73.933982, 40.817704 ], [ -73.934454, 40.817189 ], [ -73.935756, 40.815326 ], [ -73.93621, 40.814674 ], [ -73.936688, 40.814044 ], [ -73.937635, 40.812748 ], [ -73.938593, 40.811435 ], [ -73.939018, 40.810856 ], [ -73.939949, 40.809582 ], [ -73.940404, 40.808958 ], [ -73.940861, 40.808334 ], [ -73.941771, 40.807089 ], [ -73.942754, 40.805744 ], [ -73.944302, 40.806391 ], [ -73.944783, 40.805761 ], [ -73.945693, 40.804515 ], [ -73.946131, 40.803877 ], [ -73.944597, 40.803228 ], [ -73.944667, 40.80313 ], [ -73.945052, 40.802599 ], [ -73.945508, 40.801971 ], [ -73.945968, 40.801342 ], [ -73.946462, 40.800665 ], [ -73.946974, 40.799961 ], [ -73.948311, 40.798129 ], [ -73.948792, 40.797478 ], [ -73.94922, 40.79691 ], [ -73.949604, 40.79705 ], [ -73.952483, 40.798253 ], [ -73.955289, 40.799435 ], [ -73.957798, 40.800479 ], [ -73.958195, 40.800553 ], [ -73.958835, 40.800816 ], [ -73.959647, 40.801156 ], [ -73.959147, 40.801844 ] ] ] } },
{ "type": "Feature", "properties": { "STATEFP20": "36", "PUMACE20": "04304", "AFFGEOID20": "795P200US3604304", "GEOID20": "3604304", "NAMELSAD20": "NYC-Brooklyn Community District 4--Bushwick PUMA", "STUSPS20": "NY", "ST_NAME20": "New York", "LSAD20": "P0", "ALAND20": 5263657, "AWATER20": 0, "puma_geoid": "3604304", "display": "Bushwick (Brooklyn CD 4)", "place": "Bushwick", "NAME": "NYC-Brooklyn Community District 4--Bushwick PUMA; New York", "total_housing_units": 47257, "occupied_units": 44423, "vacant_units": 2834, "vacancy_rate": 0.059969951541570497, "median_gross_rent": 2138, "median_gross_rent_display": "$2,138", "median_home_value": 955800, "median_home_value_display": "$955,800", "home_value_topcoded": false, "borough": "Brooklyn", "district": "CD 4", "city": "NYC" }, "geometry": { "type": "Polygon", "coordinates": [ [ [ -73.941931, 40.700725 ], [ -73.94042, 40.701077 ], [ -73.93763, 40.701739 ], [ -73.936982, 40.70191 ], [ -73.933951, 40.702674 ], [ -73.933523, 40.702849 ], [ -73.932698, 40.703171 ], [ -73.931155, 40.703773 ], [ -73.928738, 40.704717 ], [ -73.926578, 40.705557 ], [ -73.926089, 40.70568 ], [ -73.924169, 40.707394 ], [ -73.923062, 40.708369 ], [ -73.921892, 40.709396 ], [ -73.91996, 40.708257 ], [ -73.919222, 40.707815 ], [ -73.917737, 40.706943 ], [ -73.916253, 40.706066 ], [ -73.915513, 40.705626 ], [ -73.914771, 40.705189 ], [ -73.914031, 40.704749 ], [ -73.913292, 40.704313 ], [ -73.911807, 40.703435 ], [ -73.912904, 40.702362 ], [ -73.911422, 40.701487 ], [ -73.910679, 40.701046 ], [ -73.911808, 40.699938 ], [ -73.911036, 40.699532 ], [ -73.908774, 40.698255 ], [ -73.908022, 40.697825 ], [ -73.906117, 40.69675 ], [ -73.904664, 40.695932 ], [ -73.90426, 40.6957 ], [ -73.904914, 40.695074 ], [ -73.9058, 40.694128 ], [ -73.905043, 40.693704 ], [ -73.904288, 40.693278 ], [ -73.903541, 40.692849 ], [ -73.902788, 40.692418 ], [ -73.90159, 40.691632 ], [ -73.901241, 40.691438 ], [ -73.901805, 40.690766 ], [ -73.901162, 40.687878 ], [ -73.896518, 40.682397 ], [ -73.896615, 40.682008 ], [ -73.897494, 40.680074 ], [ -73.897769, 40.679926 ], [ -73.900283, 40.679442 ], [ -73.902622, 40.680664 ], [ -73.904046, 40.67922 ], [ -73.904791, 40.679641 ], [ -73.905493, 40.680037 ], [ -73.907018, 40.680948 ], [ -73.908517, 40.681804 ], [ -73.90886, 40.681994 ], [ -73.909275, 40.682235 ], [ -73.910067, 40.682684 ], [ -73.911512, 40.683505 ], [ -73.912273, 40.683935 ], [ -73.913037, 40.684368 ], [ -73.913238, 40.684482 ], [ -73.913308, 40.684521 ], [ -73.914701, 40.685317 ], [ -73.91529, 40.685645 ], [ -73.916046, 40.686072 ], [ -73.916611, 40.686391 ], [ -73.916798, 40.686497 ], [ -73.918046, 40.687213 ], [ -73.918294, 40.687357 ], [ -73.918783, 40.687626 ], [ -73.92055, 40.688641 ], [ -73.921214, 40.689019 ], [ -73.921306, 40.689072 ], [ -73.922072, 40.68949 ], [ -73.923644, 40.690399 ], [ -73.924392, 40.690831 ], [ -73.925365, 40.691367 ], [ -73.926316, 40.691929 ], [ -73.92645, 40.692002 ], [ -73.927071, 40.692346 ], [ -73.927507, 40.692604 ], [ -73.927811, 40.692774 ], [ -73.928043, 40.692904 ], [ -73.928507, 40.693166 ], [ -73.929702, 40.693864 ], [ -73.931145, 40.694674 ], [ -73.931458, 40.694855 ], [ -73.931929, 40.695115 ], [ -73.932366, 40.695358 ], [ -73.933118, 40.695791 ], [ -73.935222, 40.696986 ], [ -73.93676, 40.697831 ], [ -73.937391, 40.698186 ], [ -73.938177, 40.698641 ], [ -73.938568, 40.698848 ], [ -73.938902, 40.699037 ], [ -73.941149, 40.700281 ], [ -73.941931, 40.700725 ] ] ] } },
{ "type": "Feature", "properties": { "STATEFP20": "36", "PUMACE20": "04112", "AFFGEOID20": "795P200US3604112", "GEOID20": "3604112", "NAMELSAD20": "NYC-Manhattan Community District 12--Washington Heights & Inwood PUMA", "STUSPS20": "NY", "ST_NAME20": "New York", "LSAD20": "P0", "ALAND20": 7589689, "AWATER20": 4741444, "puma_geoid": "3604112", "display": "Washington Heights & Inwood (Manhattan CD 12)", "place": "Washington Heights & Inwood", "NAME": "NYC-Manhattan Community District 12--Washington Heights & Inwood PUMA; New York", "total_housing_units": 81336, "occupied_units": 75844, "vacant_units": 5492, "vacancy_rate": 0.067522376315530597, "median_gross_rent": 1629, "median_gross_rent_display": "$1,629", "median_home_value": 583800, "median_home_value_display": "$583,800", "home_value_topcoded": false, "borough": "Manhattan", "district": "CD 12", "city": "NYC" }, "geometry": { "type": "Polygon", "coordinates": [ [ [ -73.957715721336299, 40.839680521716801 ], [ -73.955660940789798, 40.844484734786199 ], [ -73.954162015980401, 40.847989320310901 ], [ -73.952829, 40.851106 ], [ -73.9525651011988, 40.851537061954502 ], [ -73.948335568293302, 40.858445735706503 ], [ -73.945840929906396, 40.862520569294396 ], [ -73.943042200781207, 40.867092115816902 ], [ -73.938946, 40.873783 ], [ -73.938354266404104, 40.874749163161098 ], [ -73.933786895522204, 40.882206616177001 ], [ -73.924974, 40.879144 ], [ -73.922602, 40.878779 ], [ -73.92163, 40.878321 ], [ -73.919808, 40.876577 ], [ -73.918932, 40.876388 ], [ -73.9152, 40.875581 ], [ -73.911405, 40.879278 ], [ -73.91031, 40.879047 ], [ -73.909505, 40.878878 ], [ -73.908554, 40.877712 ], [ -73.907198, 40.876389 ], [ -73.907, 40.873455 ], [ -73.907104, 40.872978 ], [ -73.908526, 40.871792 ], [ -73.908605, 40.871678 ], [ -73.909804, 40.868282 ], [ -73.91434, 40.862521 ], [ -73.916975, 40.859909 ], [ -73.91929, 40.857475 ], [ -73.920005, 40.856679 ], [ -73.920958, 40.855112 ], [ -73.921405, 40.854358 ], [ -73.922978, 40.852022 ], [ -73.923904, 40.850488 ], [ -73.927296, 40.846557 ], [ -73.928159, 40.845492 ], [ -73.929006, 40.844079 ], [ -73.929609, 40.84228 ], [ -73.929695, 40.842195 ], [ -73.930406, 40.840279 ], [ -73.930606, 40.839679 ], [ -73.933006, 40.835679 ], [ -73.934705, 40.835626 ], [ -73.934402, 40.836054 ], [ -73.934911, 40.835736 ], [ -73.936496, 40.834569 ], [ -73.937957, 40.833454 ], [ -73.938683, 40.832801 ], [ -73.939343, 40.831612 ], [ -73.940167, 40.830383 ], [ -73.940346, 40.830458 ], [ -73.941368, 40.830891 ], [ -73.94298, 40.831568 ], [ -73.945824, 40.832766 ], [ -73.948291, 40.833861 ], [ -73.949342, 40.833982 ], [ -73.950279, 40.834326 ], [ -73.9586862157485, 40.837411441475197 ], [ -73.957715721336299, 40.839680521716801 ] ] ] } },
{ "type": "Feature", "properties": { "STATEFP20": "36", "PUMACE20": "04307", "AFFGEOID20": "795P200US3604307", "GEOID20": "3604307", "NAMELSAD20": "NYC-Brooklyn Community District 7--Sunset Park & Windsor Terrace PUMA", "STUSPS20": "NY", "ST_NAME20": "New York", "LSAD20": "P0", "ALAND20": 9775331, "AWATER20": 4740092, "puma_geoid": "3604307", "display": "Sunset Park & Windsor Terrace (Brooklyn CD 7)", "place": "Sunset Park & Windsor Terrace", "NAME": "NYC-Brooklyn Community District 7--Sunset Park & Windsor Terrace PUMA; New York", "total_housing_units": 44329, "occupied_units": 41227, "vacant_units": 3102, "vacancy_rate": 0.069976764646168393, "median_gross_rent": 1970, "median_gross_rent_display": "$1,970", "median_home_value": 1073600, "median_home_value_display": "$1,073,600", "home_value_topcoded": false, "borough": "Brooklyn", "district": "CD 7", "city": "NYC" }, "geometry": { "type": "Polygon", "coordinates": [ [ [ -74.032967861399896, 40.643986544795602 ], [ -74.029228241075103, 40.644502708699697 ], [ -74.027596, 40.644728 ], [ -74.027507449505507, 40.644804977900598 ], [ -74.025038079688002, 40.646951627735497 ], [ -74.024956775009798, 40.647022306769799 ], [ -74.02452, 40.647402 ], [ -74.024495075102607, 40.6478910492945 ], [ -74.024367, 40.650404 ], [ -74.0240054171325, 40.650664377562698 ], [ -74.023338290321604, 40.651144778789401 ], [ -74.022153461237096, 40.651997979914299 ], [ -74.015170893442402, 40.657026160582099 ], [ -74.013678896679195, 40.658100554630401 ], [ -74.010302872604001, 40.660531645811801 ], [ -74.008946526507003, 40.661508357162802 ], [ -74.007575, 40.662496 ], [ -74.004346814282599, 40.6615517338196 ], [ -74.004252, 40.661524 ], [ -73.999994, 40.663822 ], [ -74.001845368156296, 40.666787698752799 ], [ -74.002189985184799, 40.6673397393008 ], [ -74.001454, 40.667633 ], [ -74.000175, 40.668601 ], [ -73.999457, 40.67014 ], [ -73.999021, 40.671429 ], [ -73.998619, 40.67183 ], [ -73.998457, 40.671568 ], [ -73.997624, 40.670274 ], [ -73.997014, 40.669312 ], [ -73.996528, 40.668894 ], [ -73.996033, 40.66806 ], [ -73.994845, 40.666805 ], [ -73.99277, 40.665507 ], [ -73.992238, 40.666133 ], [ -73.991734, 40.666736 ], [ -73.989312, 40.665567 ], [ -73.986951, 40.664425 ], [ -73.984591, 40.663284 ], [ -73.982231, 40.662142 ], [ -73.980171, 40.661155 ], [ -73.980061, 40.660791 ], [ -73.977511, 40.659863 ], [ -73.975157, 40.658723 ], [ -73.974482, 40.658339 ], [ -73.973792, 40.656392 ], [ -73.973555, 40.655644 ], [ -73.973051, 40.653913 ], [ -73.972683, 40.652639 ], [ -73.97262, 40.650835 ], [ -73.972082, 40.650635 ], [ -73.971916, 40.650056 ], [ -73.971397, 40.648258 ], [ -73.973504, 40.647595 ], [ -73.974959, 40.647796 ], [ -73.975176, 40.647818 ], [ -73.978191, 40.647526 ], [ -73.980291, 40.647297 ], [ -73.981328, 40.647182 ], [ -73.981805, 40.647128 ], [ -73.983073, 40.646625 ], [ -73.985284, 40.645768 ], [ -73.98835, 40.644562 ], [ -73.989059, 40.644119 ], [ -73.991808, 40.645784 ], [ -73.993985, 40.647101 ], [ -73.996088, 40.648307 ], [ -73.996562, 40.647891 ], [ -73.997301, 40.647272 ], [ -73.997883, 40.646719 ], [ -73.998466, 40.646159 ], [ -73.999048, 40.645597 ], [ -73.99963, 40.645037 ], [ -74.000213, 40.644477 ], [ -74.000798, 40.643918 ], [ -74.00138, 40.643357 ], [ -74.00196, 40.642799 ], [ -74.002545, 40.642236 ], [ -74.003713, 40.641116 ], [ -74.004295, 40.640557 ], [ -74.004877, 40.639995 ], [ -74.006041, 40.638877 ], [ -74.007206, 40.637755 ], [ -74.007788, 40.637195 ], [ -74.008371, 40.636635 ], [ -74.008953, 40.636075 ], [ -74.009557, 40.635493 ], [ -74.007356, 40.634164 ], [ -74.005564, 40.633084 ], [ -74.006307, 40.632584 ], [ -74.006617, 40.632379 ], [ -74.007023, 40.63211 ], [ -74.008537, 40.633028 ], [ -74.010742, 40.634357 ], [ -74.011326, 40.633795 ], [ -74.011908, 40.633234 ], [ -74.016306, 40.635896 ], [ -74.016752, 40.63544 ], [ -74.018897, 40.636856 ], [ -74.019554, 40.637091 ], [ -74.021087, 40.638262 ], [ -74.021774, 40.64041 ], [ -74.021165, 40.641417 ], [ -74.023105, 40.639996 ], [ -74.023545, 40.639314 ], [ -74.023958, 40.638916 ], [ -74.024754, 40.638121 ], [ -74.026861, 40.639536 ], [ -74.026257, 40.640132 ], [ -74.026606, 40.640236 ], [ -74.029079, 40.641274 ], [ -74.028923, 40.641451 ], [ -74.032076, 40.643407 ], [ -74.032967861399896, 40.643986544795602 ] ] ] } },
{ "type": "Feature", "properties": { "STATEFP20": "36", "PUMACE20": "04109", "AFFGEOID20": "795P200US3604109", "GEOID20": "3604109", "NAMELSAD20": "NYC-Manhattan Community District 9--Morningside Heights & Hamilton Heights PUMA", "STUSPS20": "NY", "ST_NAME20": "New York", "LSAD20": "P0", "ALAND20": 3971647, "AWATER20": 2159538, "puma_geoid": "3604109", "display": "Morningside Heights & Hamilton Heights (Manhattan CD 9)", "place": "Morningside Heights & Hamilton Heights", "NAME": "NYC-Manhattan Community District 9--Morningside Heights & Hamilton Heights PUMA; New York", "total_housing_units": 45398, "occupied_units": 40473, "vacant_units": 4925, "vacancy_rate": 0.1084849552843737, "median_gross_rent": 1736, "median_gross_rent_display": "$1,736", "median_home_value": 772100, "median_home_value_display": "$772,100", "home_value_topcoded": false, "borough": "Manhattan", "district": "CD 9", "city": "NYC" }, "geometry": { "type": "Polygon", "coordinates": [ [ [ -73.975170847045803, 40.810944380103301 ], [ -73.973587509138596, 40.813123358248902 ], [ -73.971250004954697, 40.816340214555403 ], [ -73.968082, 40.8207 ], [ -73.967964031224994, 40.820849266613301 ], [ -73.965985090312202, 40.8233532326662 ], [ -73.965709717373898, 40.823701663731001 ], [ -73.965091811046506, 40.824483504390201 ], [ -73.963657546337004, 40.826298288308301 ], [ -73.963182, 40.8269 ], [ -73.962363690283397, 40.828813262339501 ], [ -73.961479276070904, 40.8308810813704 ], [ -73.961073811882599, 40.831829083509099 ], [ -73.959971121733801, 40.834407246142398 ], [ -73.9586862157485, 40.837411441475197 ], [ -73.950279, 40.834326 ], [ -73.949342, 40.833982 ], [ -73.948291, 40.833861 ], [ -73.945824, 40.832766 ], [ -73.94298, 40.831568 ], [ -73.941368, 40.830891 ], [ -73.940346, 40.830458 ], [ -73.940167, 40.830383 ], [ -73.938588, 40.829717 ], [ -73.939248, 40.828296 ], [ -73.94014, 40.827039 ], [ -73.940595, 40.826414 ], [ -73.941503, 40.825171 ], [ -73.941956, 40.824555 ], [ -73.942924, 40.82326 ], [ -73.943235, 40.822921 ], [ -73.943506, 40.822628 ], [ -73.944049, 40.822052 ], [ -73.945155, 40.820876 ], [ -73.946078, 40.821264 ], [ -73.947036, 40.819209 ], [ -73.947666, 40.817855 ], [ -73.948009, 40.817116 ], [ -73.948356, 40.816374 ], [ -73.948677, 40.815692 ], [ -73.94902, 40.815021 ], [ -73.949861, 40.8138 ], [ -73.95035, 40.813159 ], [ -73.950927, 40.812575 ], [ -73.952101, 40.811442 ], [ -73.952591, 40.810765 ], [ -73.953576, 40.809477 ], [ -73.954966, 40.810064 ], [ -73.95543, 40.809429 ], [ -73.956344, 40.808174 ], [ -73.956806, 40.807546 ], [ -73.957266, 40.806916 ], [ -73.957722, 40.806291 ], [ -73.958182, 40.805597 ], [ -73.958254, 40.804714 ], [ -73.958204, 40.803894 ], [ -73.958249, 40.803107 ], [ -73.959147, 40.801844 ], [ -73.959647, 40.801156 ], [ -73.961077, 40.8018 ], [ -73.963861, 40.802972 ], [ -73.964387, 40.803194 ], [ -73.966701, 40.804169 ], [ -73.968048, 40.804684 ], [ -73.971133, 40.805802 ], [ -73.977250659480305, 40.8080821573135 ], [ -73.975170847045803, 40.810944380103301 ] ] ] } },
{ "type": "Feature", "properties": { "STATEFP20": "36", "PUMACE20": "04403", "AFFGEOID20": "795P200US3604403", "GEOID20": "3604403", "NAMELSAD20": "NYC-Queens Community District 3--Jackson Heights & East Elmhurst PUMA", "STUSPS20": "NY", "ST_NAME20": "New York", "LSAD20": "P0", "ALAND20": 7622597, "AWATER20": 0, "puma_geoid": "3604403", "display": "Jackson Heights & East Elmhurst (Queens CD 3)", "place": "Jackson Heights & East Elmhurst", "NAME": "NYC-Queens Community District 3--Jackson Heights & East Elmhurst PUMA; New York", "total_housing_units": 60060, "occupied_units": 52467, "vacant_units": 7593, "vacancy_rate": 0.12642357642357641, "median_gross_rent": 1887, "median_gross_rent_display": "$1,887", "median_home_value": 646000, "median_home_value_display": "$646,000", "home_value_topcoded": false, "borough": "Queens", "district": "CD 3", "city": "NYC" }, "geometry": { "type": "Polygon", "coordinates": [ [ [ -73.899608, 40.758386 ], [ -73.898552, 40.759926 ], [ -73.898773, 40.759916 ], [ -73.897345, 40.761977 ], [ -73.8952, 40.76423 ], [ -73.894324, 40.766146 ], [ -73.89109, 40.766337 ], [ -73.890898, 40.765857 ], [ -73.888773, 40.766511 ], [ -73.888365, 40.76677 ], [ -73.887731, 40.766915 ], [ -73.884319, 40.767982 ], [ -73.877876, 40.771151 ], [ -73.876119, 40.771629 ], [ -73.872596, 40.771831 ], [ -73.869569, 40.771087 ], [ -73.868002, 40.770255 ], [ -73.865983, 40.76886 ], [ -73.863123, 40.766302 ], [ -73.860937, 40.763729 ], [ -73.859756, 40.761836 ], [ -73.85604, 40.759726 ], [ -73.85464, 40.758466 ], [ -73.853654, 40.756835 ], [ -73.853126, 40.755109 ], [ -73.852617, 40.753405 ], [ -73.852205, 40.752661 ], [ -73.852604, 40.752542 ], [ -73.854556, 40.751962 ], [ -73.855835, 40.751577 ], [ -73.858763, 40.750717 ], [ -73.861117, 40.750024 ], [ -73.861751, 40.749968 ], [ -73.862726, 40.749868 ], [ -73.864185, 40.74972 ], [ -73.866557, 40.749464 ], [ -73.868458, 40.749264 ], [ -73.869425, 40.749157 ], [ -73.869739, 40.749126 ], [ -73.870379, 40.749064 ], [ -73.871356, 40.748957 ], [ -73.872373, 40.748852 ], [ -73.872774, 40.748813 ], [ -73.873303, 40.748758 ], [ -73.873701, 40.748717 ], [ -73.875552, 40.748514 ], [ -73.876252, 40.748439 ], [ -73.87648, 40.748416 ], [ -73.877416, 40.748319 ], [ -73.878406, 40.748216 ], [ -73.879278, 40.748124 ], [ -73.879839, 40.748062 ], [ -73.880206, 40.748025 ], [ -73.881137, 40.747927 ], [ -73.881304, 40.747909 ], [ -73.882071, 40.74783 ], [ -73.882569, 40.747778 ], [ -73.882999, 40.747734 ], [ -73.883936, 40.74763 ], [ -73.884855, 40.747535 ], [ -73.885787, 40.74744 ], [ -73.886717, 40.747341 ], [ -73.887647, 40.747245 ], [ -73.887783, 40.747229 ], [ -73.888678, 40.747134 ], [ -73.889571, 40.747039 ], [ -73.890501, 40.746942 ], [ -73.891431, 40.746845 ], [ -73.892409, 40.747135 ], [ -73.893797, 40.747692 ], [ -73.895277, 40.748317 ], [ -73.895659, 40.748473 ], [ -73.896359, 40.74877 ], [ -73.897309, 40.750459 ], [ -73.897397, 40.750804 ], [ -73.897683, 40.7524 ], [ -73.897857, 40.752808 ], [ -73.898738, 40.754154 ], [ -73.898769, 40.754203 ], [ -73.898863, 40.754712 ], [ -73.89948, 40.756247 ], [ -73.899703, 40.757783 ], [ -73.899608, 40.758386 ] ] ] } },
{ "type": "Feature", "properties": { "STATEFP20": "36", "PUMACE20": "04103", "AFFGEOID20": "795P200US3604103", "GEOID20": "3604103", "NAMELSAD20": "NYC-Manhattan Community District 3--Lower East Side & Chinatown PUMA", "STUSPS20": "NY", "ST_NAME20": "New York", "LSAD20": "P0", "ALAND20": 4369679, "AWATER20": 2040335, "puma_geoid": "3604103", "display": "Lower East Side & Chinatown (Manhattan CD 3)", "place": "Lower East Side & Chinatown", "NAME": "NYC-Manhattan Community District 3--Lower East Side & Chinatown PUMA; New York", "total_housing_units": 81620, "occupied_units": 73548, "vacant_units": 8072, "vacancy_rate": 0.098897329086008304, "median_gross_rent": 1351, "median_gross_rent_display": "$1,351", "median_home_value": 820600, "median_home_value_display": "$820,600", "home_value_topcoded": false, "borough": "Manhattan", "district": "CD 3", "city": "NYC" }, "geometry": { "type": "Polygon", "coordinates": [ [ [ -74.001569, 40.713685 ], [ -74.000746, 40.71451 ], [ -74.000455, 40.714365 ], [ -74.000789, 40.715291 ], [ -74.000138, 40.7162 ], [ -73.999313, 40.71755 ], [ -73.998589, 40.717099 ], [ -73.997763, 40.716814 ], [ -73.996984, 40.716541 ], [ -73.996059, 40.716232 ], [ -73.994808, 40.718457 ], [ -73.994378, 40.719519 ], [ -73.994035, 40.720323 ], [ -73.993795, 40.720937 ], [ -73.993523, 40.721632 ], [ -73.993259, 40.722353 ], [ -73.992604, 40.724136 ], [ -73.992326, 40.724909 ], [ -73.992209, 40.725231 ], [ -73.991794, 40.726391 ], [ -73.991638, 40.726833 ], [ -73.991548, 40.727089 ], [ -73.991285, 40.727762 ], [ -73.990757, 40.729741 ], [ -73.990722, 40.729897 ], [ -73.990505, 40.730565 ], [ -73.99039, 40.731289 ], [ -73.990212, 40.731996 ], [ -73.989868, 40.733528 ], [ -73.989903, 40.734435 ], [ -73.988779, 40.733966 ], [ -73.98718, 40.733292 ], [ -73.984941, 40.732347 ], [ -73.982564, 40.731361 ], [ -73.980338, 40.730448 ], [ -73.978001, 40.729429 ], [ -73.975696, 40.728475 ], [ -73.973298, 40.727428 ], [ -73.971857, 40.726759 ], [ -73.971396, 40.726662 ], [ -73.962645, 40.722747 ], [ -73.962787, 40.722562 ], [ -73.96355, 40.721571 ], [ -73.964038, 40.720939 ], [ -73.965572, 40.71895 ], [ -73.966511, 40.717917 ], [ -73.967578, 40.716496 ], [ -73.967716, 40.71604 ], [ -73.96837, 40.714127 ], [ -73.968469, 40.712999 ], [ -73.968861, 40.71265 ], [ -73.969021, 40.712508 ], [ -73.969612, 40.71016 ], [ -73.969941, 40.70931 ], [ -73.969613, 40.707634 ], [ -73.970318, 40.707332 ], [ -73.972789, 40.709378 ], [ -73.975476, 40.707492 ], [ -73.979233, 40.705769 ], [ -73.980907, 40.705907 ], [ -73.980987, 40.705374 ], [ -73.982033, 40.705515 ], [ -73.984189, 40.705582 ], [ -73.98653, 40.704979 ], [ -73.987957, 40.705134 ], [ -73.989381, 40.705137 ], [ -73.990549, 40.705144 ], [ -73.99148, 40.705625 ], [ -73.993693, 40.704476 ], [ -73.994498, 40.704318 ], [ -73.999177, 40.708022 ], [ -73.999495, 40.708279 ], [ -74.001419, 40.709815 ], [ -74.000776, 40.71064 ], [ -74.00051, 40.710984 ], [ -74.000873, 40.711697 ], [ -74.000891, 40.713015 ], [ -74.001569, 40.713685 ] ] ] } },
{ "type": "Feature", "properties": { "STATEFP20": "36", "PUMACE20": "04108", "AFFGEOID20": "795P200US3604108", "GEOID20": "3604108", "NAMELSAD20": "NYC-Manhattan Community District 8--Upper East Side & Roosevelt Island PUMA", "STUSPS20": "NY", "ST_NAME20": "New York", "LSAD20": "P0", "ALAND20": 5148416, "AWATER20": 1846548, "puma_geoid": "3604108", "display": "Upper East Side & Roosevelt Island (Manhattan CD 8)", "place": "Upper East Side & Roosevelt Island", "NAME": "NYC-Manhattan Community District 8--Upper East Side & Roosevelt Island PUMA; New York", "total_housing_units": 140746, "occupied_units": 110357, "vacant_units": 30389, "vacancy_rate": 0.21591377374845461, "median_gross_rent": 2760, "median_gross_rent_display": "$2,760", "median_home_value": 1363600, "median_home_value_display": "$1,363,600", "home_value_topcoded": false, "borough": "Manhattan", "district": "CD 8", "city": "NYC" }, "geometry": { "type": "Polygon", "coordinates": [ [ [ -73.972553, 40.764898 ], [ -73.971189, 40.766767 ], [ -73.970728, 40.767394 ], [ -73.970281, 40.768025 ], [ -73.969825, 40.768646 ], [ -73.969365, 40.769271 ], [ -73.968904, 40.769901 ], [ -73.968441, 40.770517 ], [ -73.967994, 40.771147 ], [ -73.967039, 40.772461 ], [ -73.966537, 40.77314 ], [ -73.966074, 40.773773 ], [ -73.965148, 40.775045 ], [ -73.964687, 40.775677 ], [ -73.963729, 40.776994 ], [ -73.96323, 40.777677 ], [ -73.96316, 40.777772 ], [ -73.962303, 40.778947 ], [ -73.961361, 40.780241 ], [ -73.960416, 40.781532 ], [ -73.959921, 40.782213 ], [ -73.959469, 40.782833 ], [ -73.959004, 40.783467 ], [ -73.958558, 40.784098 ], [ -73.958096, 40.784718 ], [ -73.957636, 40.785344 ], [ -73.956718, 40.786601 ], [ -73.955778, 40.787914 ], [ -73.954163, 40.787227 ], [ -73.952551, 40.786549 ], [ -73.951288, 40.786018 ], [ -73.950927, 40.785866 ], [ -73.950174, 40.785549 ], [ -73.949332, 40.785194 ], [ -73.948925, 40.785021 ], [ -73.947069, 40.784236 ], [ -73.944723, 40.783247 ], [ -73.944054, 40.782964 ], [ -73.943604, 40.78265 ], [ -73.937608, 40.781754 ], [ -73.934412, 40.778093 ], [ -73.935855, 40.777212 ], [ -73.93638, 40.776921 ], [ -73.937655, 40.775086 ], [ -73.937858, 40.774088 ], [ -73.937466, 40.772531 ], [ -73.937466, 40.772504 ], [ -73.934956, 40.77173 ], [ -73.936404, 40.769475 ], [ -73.939836, 40.767988 ], [ -73.940463, 40.76753 ], [ -73.941312, 40.766918 ], [ -73.944715, 40.762879 ], [ -73.947832, 40.758989 ], [ -73.95084, 40.755219 ], [ -73.951367, 40.754524 ], [ -73.954317, 40.751258 ], [ -73.956174, 40.749665 ], [ -73.956842, 40.748828 ], [ -73.957732, 40.747775 ], [ -73.961491, 40.749494 ], [ -73.96156, 40.749458 ], [ -73.958614, 40.753848 ], [ -73.955527, 40.757243 ], [ -73.958478, 40.75854 ], [ -73.958719, 40.75864 ], [ -73.958934, 40.758335 ], [ -73.959722, 40.758663 ], [ -73.961966, 40.759619 ], [ -73.963556, 40.760281 ], [ -73.964314, 40.760599 ], [ -73.966583, 40.761552 ], [ -73.968187, 40.762227 ], [ -73.969801, 40.762914 ], [ -73.971411, 40.763588 ], [ -73.973015, 40.764279 ], [ -73.972553, 40.764898 ] ] ] } },
{ "type": "Feature", "properties": { "STATEFP20": "36", "PUMACE20": "04410", "AFFGEOID20": "795P200US3604410", "GEOID20": "3604410", "NAMELSAD20": "NYC-Queens Community District 10--South Ozone Park & Howard Beach PUMA", "STUSPS20": "NY", "ST_NAME20": "New York", "LSAD20": "P0", "ALAND20": 15912695, "AWATER20": 1170042, "puma_geoid": "3604410", "display": "South Ozone Park & Howard Beach (Queens CD 10)", "place": "South Ozone Park & Howard Beach", "NAME": "NYC-Queens Community District 10--South Ozone Park & Howard Beach PUMA; New York", "total_housing_units": 43956, "occupied_units": 41576, "vacant_units": 2380, "vacancy_rate": 0.054145054145054099, "median_gross_rent": 1925, "median_gross_rent_display": "$1,925", "median_home_value": 671500, "median_home_value_display": "$671,500", "home_value_topcoded": false, "borough": "Queens", "district": "CD 10", "city": "NYC" }, "geometry": { "type": "Polygon", "coordinates": [ [ [ -73.863349, 40.679352 ], [ -73.860531, 40.680135 ], [ -73.85966, 40.680383 ], [ -73.858786, 40.68063 ], [ -73.858198, 40.679431 ], [ -73.857793, 40.679456 ], [ -73.857211, 40.679486 ], [ -73.856972, 40.6795 ], [ -73.856801, 40.67951 ], [ -73.854393, 40.67966 ], [ -73.853924, 40.679686 ], [ -73.852677, 40.680079 ], [ -73.850991, 40.680568 ], [ -73.851979, 40.682564 ], [ -73.849764, 40.681987 ], [ -73.848634, 40.681684 ], [ -73.847868, 40.681487 ], [ -73.845186, 40.682254 ], [ -73.843231, 40.682775 ], [ -73.84237, 40.683018 ], [ -73.841196, 40.683351 ], [ -73.839922, 40.681187 ], [ -73.839529, 40.681263 ], [ -73.837797, 40.681671 ], [ -73.836975, 40.681988 ], [ -73.838078, 40.684239 ], [ -73.835951, 40.684844 ], [ -73.835111, 40.685088 ], [ -73.834265, 40.685327 ], [ -73.832577, 40.685806 ], [ -73.831723, 40.686051 ], [ -73.830039, 40.686529 ], [ -73.829182, 40.686771 ], [ -73.82753, 40.687239 ], [ -73.828511, 40.689239 ], [ -73.826855, 40.68971 ], [ -73.825988, 40.689946 ], [ -73.825011, 40.687952 ], [ -73.822932, 40.688543 ], [ -73.820853, 40.689134 ], [ -73.819939, 40.689394 ], [ -73.819061, 40.689642 ], [ -73.816926, 40.69025 ], [ -73.816075, 40.690492 ], [ -73.815228, 40.690733 ], [ -73.814384, 40.690972 ], [ -73.812718, 40.691408 ], [ -73.810988, 40.691855 ], [ -73.810749, 40.691917 ], [ -73.809088, 40.688929 ], [ -73.808017, 40.68706 ], [ -73.806748, 40.684683 ], [ -73.805891, 40.682897 ], [ -73.805031, 40.681146 ], [ -73.804235, 40.679416 ], [ -73.803356, 40.677644 ], [ -73.801793, 40.674394 ], [ -73.801393, 40.673117 ], [ -73.801255, 40.67126 ], [ -73.801221, 40.669108 ], [ -73.80166, 40.666756 ], [ -73.801964, 40.665901 ], [ -73.802162, 40.66525 ], [ -73.808177, 40.664525 ], [ -73.811206, 40.663327 ], [ -73.812067, 40.663031 ], [ -73.813337, 40.662806 ], [ -73.823008, 40.663836 ], [ -73.826832, 40.663709 ], [ -73.831742, 40.665182 ], [ -73.832705, 40.665406 ], [ -73.831781, 40.663674 ], [ -73.82987, 40.659967 ], [ -73.828392, 40.65603 ], [ -73.82641, 40.648261 ], [ -73.825337, 40.644248 ], [ -73.835664, 40.644058 ], [ -73.839999, 40.644143 ], [ -73.848338, 40.643521 ], [ -73.854938, 40.64265 ], [ -73.855021, 40.643098 ], [ -73.856148, 40.649198 ], [ -73.856537, 40.649916 ], [ -73.859755, 40.654104 ], [ -73.860483, 40.654659 ], [ -73.860676, 40.654868 ], [ -73.863171, 40.658277 ], [ -73.86036, 40.659646 ], [ -73.857615, 40.660119 ], [ -73.858025, 40.661721 ], [ -73.85843, 40.663453 ], [ -73.855685, 40.663867 ], [ -73.856063, 40.665511 ], [ -73.856425, 40.667033 ], [ -73.856847, 40.668603 ], [ -73.857282, 40.670312 ], [ -73.857633, 40.671656 ], [ -73.860389, 40.671269 ], [ -73.861077, 40.674021 ], [ -73.861064, 40.674343 ], [ -73.861318, 40.675021 ], [ -73.861712, 40.676611 ], [ -73.862028, 40.677886 ], [ -73.862346, 40.679165 ], [ -73.863349, 40.679352 ] ] ] } },
{ "type": "Feature", "properties": { "STATEFP20": "36", "PUMACE20": "04313", "AFFGEOID20": "795P200US3604313", "GEOID20": "3604313", "NAMELSAD20": "NYC-Brooklyn Community District 13--Coney Island & Brighton Beach PUMA", "STUSPS20": "NY", "ST_NAME20": "New York", "LSAD20": "P0", "ALAND20": 8449672, "AWATER20": 21195780, "puma_geoid": "3604313", "display": "Coney Island & Brighton Beach (Brooklyn CD 13)", "place": "Coney Island & Brighton Beach", "NAME": "NYC-Brooklyn Community District 13--Coney Island & Brighton Beach PUMA; New York", "total_housing_units": 48994, "occupied_units": 46067, "vacant_units": 2927, "vacancy_rate": 0.059742009225619397, "median_gross_rent": 1319, "median_gross_rent_display": "$1,319", "median_home_value": 622700, "median_home_value_display": "$622,700", "home_value_topcoded": false, "borough": "Brooklyn", "district": "CD 13", "city": "NYC" }, "geometry": { "type": "Polygon", "coordinates": [ [ [ -74.012865, 40.577908 ], [ -74.011987128212397, 40.5790911800201 ], [ -74.010881, 40.580582 ], [ -74.006027, 40.58203 ], [ -74.004000833087005, 40.581722484094101 ], [ -74.000739519892406, 40.581227507261197 ], [ -74.000723, 40.581225 ], [ -73.999930067146096, 40.581433990054499 ], [ -73.999905287714796, 40.5814405210674 ], [ -73.998368173056207, 40.581845652062697 ], [ -73.998272, 40.581871 ], [ -73.998207926630798, 40.582653258386898 ], [ -73.998181, 40.582982 ], [ -73.999347, 40.584552 ], [ -73.998503717836499, 40.585471764167799 ], [ -73.996673773734997, 40.587467676196198 ], [ -73.99594, 40.588268 ], [ -73.996196368988507, 40.588973014718498 ], [ -73.996288677915004, 40.589226864266401 ], [ -73.993758, 40.590332 ], [ -73.993309, 40.589584 ], [ -73.992558, 40.589922 ], [ -73.991539, 40.590391 ], [ -73.990364, 40.591432 ], [ -73.989621, 40.590982 ], [ -73.987988, 40.592553 ], [ -73.986019, 40.594446 ], [ -73.984678, 40.593659 ], [ -73.98464, 40.593552 ], [ -73.983667, 40.593664 ], [ -73.98179, 40.593868 ], [ -73.980711, 40.593997 ], [ -73.978764, 40.592825 ], [ -73.977695, 40.592179 ], [ -73.975571, 40.589948 ], [ -73.974217, 40.590111 ], [ -73.972976, 40.590241 ], [ -73.971151, 40.590443 ], [ -73.970224, 40.59054 ], [ -73.968371, 40.59075 ], [ -73.967445, 40.590851 ], [ -73.966519, 40.590953 ], [ -73.965129, 40.591108 ], [ -73.962441, 40.591403 ], [ -73.961208, 40.591539 ], [ -73.96068, 40.591598 ], [ -73.960517, 40.589453 ], [ -73.96035, 40.587307 ], [ -73.960261, 40.585039 ], [ -73.960235, 40.584522 ], [ -73.960027, 40.583209 ], [ -73.959006, 40.582866 ], [ -73.956851, 40.582859 ], [ -73.956536, 40.582659 ], [ -73.956041, 40.582736 ], [ -73.955174, 40.582916 ], [ -73.954143, 40.583105 ], [ -73.954032, 40.582517 ], [ -73.953838, 40.581745 ], [ -73.953342, 40.579267 ], [ -73.952874, 40.576882 ], [ -73.952493509198007, 40.574909053274801 ], [ -73.953473615524004, 40.574799800995699 ], [ -73.959421370286705, 40.574136805823102 ], [ -73.966292417179503, 40.5733708914399 ], [ -73.967473993254799, 40.573239181363498 ], [ -73.980593067545996, 40.571776800469898 ], [ -73.990899, 40.570628 ], [ -73.991384589842596, 40.5706268627873 ], [ -73.994723890029107, 40.570619042412098 ], [ -73.994835544732297, 40.570618780925699 ], [ -73.997078005846205, 40.570613529260299 ], [ -74.002001, 40.570602 ], [ -74.002066626604702, 40.570730610020497 ], [ -74.002771142058705, 40.572111265737497 ], [ -74.00287, 40.572305 ], [ -74.004049178227604, 40.572603085286801 ], [ -74.004834539310494, 40.572801617262897 ], [ -74.008655227883906, 40.573767451793003 ], [ -74.008897107308002, 40.573828596661301 ], [ -74.01147, 40.574479 ], [ -74.012005134175794, 40.575794394328902 ], [ -74.012865, 40.577908 ] ] ] } },
{ "type": "Feature", "properties": { "STATEFP20": "36", "PUMACE20": "04318", "AFFGEOID20": "795P200US3604318", "GEOID20": "3604318", "NAMELSAD20": "NYC-Brooklyn Community District 18--Canarsie & Flatlands PUMA", "STUSPS20": "NY", "ST_NAME20": "New York", "LSAD20": "P0", "ALAND20": 33724859, "AWATER20": 29431246, "puma_geoid": "3604318", "display": "Canarsie & Flatlands (Brooklyn CD 18)", "place": "Canarsie & Flatlands", "NAME": "NYC-Brooklyn Community District 18--Canarsie & Flatlands PUMA; New York", "total_housing_units": 75130, "occupied_units": 68418, "vacant_units": 6712, "vacancy_rate": 0.089338479968055301, "median_gross_rent": 1694, "median_gross_rent_display": "$1,694", "median_home_value": 730100, "median_home_value_display": "$730,100", "home_value_topcoded": false, "borough": "Brooklyn", "district": "CD 18", "city": "NYC" }, "geometry": { "type": "MultiPolygon", "coordinates": [ [ [ [ -73.932042, 40.584234 ], [ -73.931078, 40.584388 ], [ -73.9306285375378, 40.583386601692702 ], [ -73.931101339400399, 40.583174391738197 ], [ -73.931728103981797, 40.5828930779494 ], [ -73.931842, 40.583076 ], [ -73.932042, 40.584234 ] ] ], [ [ [ -73.947327, 40.629166 ], [ -73.946327, 40.629277 ], [ -73.945401, 40.629378 ], [ -73.944155, 40.629508 ], [ -73.945511, 40.630792 ], [ -73.946479, 40.631708 ], [ -73.945617, 40.631778 ], [ -73.944629, 40.631838 ], [ -73.941757, 40.632017 ], [ -73.940788, 40.632076 ], [ -73.937593, 40.632268 ], [ -73.937013, 40.632304 ], [ -73.937267, 40.634651 ], [ -73.93536, 40.634767 ], [ -73.934395, 40.634827 ], [ -73.933427, 40.634884 ], [ -73.9325, 40.634947 ], [ -73.932235, 40.634963 ], [ -73.931531, 40.635006 ], [ -73.927448, 40.635259 ], [ -73.926788, 40.636108 ], [ -73.926146, 40.637568 ], [ -73.926082, 40.638163 ], [ -73.925743, 40.640014 ], [ -73.925382, 40.642384 ], [ -73.923565, 40.642499 ], [ -73.923327, 40.6399 ], [ -73.921609, 40.641687 ], [ -73.919729, 40.642725 ], [ -73.919951, 40.644707 ], [ -73.916937, 40.646683 ], [ -73.914732, 40.648101 ], [ -73.913253, 40.649061 ], [ -73.911823, 40.649984 ], [ -73.911101, 40.650448 ], [ -73.909449, 40.651522 ], [ -73.908681, 40.650717 ], [ -73.907615, 40.649896 ], [ -73.9058, 40.648265 ], [ -73.903982, 40.646629 ], [ -73.902355, 40.647689 ], [ -73.900892, 40.648641 ], [ -73.897943, 40.650515 ], [ -73.895861, 40.651881 ], [ -73.89761, 40.653454 ], [ -73.896992, 40.653719 ], [ -73.895206, 40.654488 ], [ -73.893547, 40.655202 ], [ -73.891366, 40.652365 ], [ -73.889994, 40.651138 ], [ -73.891252, 40.650026 ], [ -73.889587, 40.648111 ], [ -73.880739, 40.639613 ], [ -73.878814, 40.637942 ], [ -73.878497, 40.638575 ], [ -73.877848, 40.639904 ], [ -73.876082, 40.643293 ], [ -73.874892, 40.645095 ], [ -73.873384, 40.646821 ], [ -73.870893, 40.648807 ], [ -73.860483, 40.654659 ], [ -73.859755, 40.654104 ], [ -73.856537, 40.649916 ], [ -73.856148, 40.649198 ], [ -73.855021, 40.643098 ], [ -73.854938, 40.64265 ], [ -73.848338, 40.643521 ], [ -73.837652, 40.63284 ], [ -73.836238, 40.631111 ], [ -73.833041, 40.628261 ], [ -73.833422, 40.626782 ], [ -73.834008, 40.614425 ], [ -73.834283, 40.609186 ], [ -73.834463, 40.607193 ], [ -73.835876, 40.605637 ], [ -73.842017, 40.598313 ], [ -73.844437, 40.595855 ], [ -73.84668, 40.593209 ], [ -73.849852, 40.588669 ], [ -73.854937, 40.585974 ], [ -73.859492, 40.583938 ], [ -73.866005, 40.581001 ], [ -73.86751, 40.580229 ], [ -73.869232, 40.579342 ], [ -73.871418, 40.578535 ], [ -73.879222, 40.574656 ], [ -73.88348, 40.578935 ], [ -73.887942693196607, 40.578385829487999 ], [ -73.894101, 40.577628 ], [ -73.895545, 40.577977 ], [ -73.896508, 40.583311 ], [ -73.898677, 40.587477 ], [ -73.900446, 40.588096 ], [ -73.902062, 40.587498 ], [ -73.906264, 40.587411 ], [ -73.911437, 40.5859 ], [ -73.911505428497705, 40.585787467342698 ], [ -73.913274, 40.582879 ], [ -73.915839, 40.582004 ], [ -73.921370872969405, 40.583212469424602 ], [ -73.922742, 40.583512 ], [ -73.926045618119403, 40.583549399450398 ], [ -73.930106263746893, 40.583595369023499 ], [ -73.931256, 40.585432 ], [ -73.931369, 40.586071 ], [ -73.927207, 40.584802 ], [ -73.925948, 40.585007 ], [ -73.919944, 40.584646 ], [ -73.917663, 40.585605 ], [ -73.917709, 40.586269 ], [ -73.92096, 40.589095 ], [ -73.923638, 40.591497 ], [ -73.925472, 40.593149 ], [ -73.926533, 40.594104 ], [ -73.929569, 40.59682 ], [ -73.928131, 40.597778 ], [ -73.931734, 40.601062 ], [ -73.933551, 40.602687 ], [ -73.934263, 40.60223 ], [ -73.939726, 40.607133 ], [ -73.937537, 40.608557 ], [ -73.937856, 40.608843 ], [ -73.939029, 40.6099 ], [ -73.939347, 40.610187 ], [ -73.939598, 40.610024 ], [ -73.941547, 40.608768 ], [ -73.942312, 40.608269 ], [ -73.943547, 40.609346 ], [ -73.943641, 40.609859 ], [ -73.943699, 40.610214 ], [ -73.944055, 40.611993 ], [ -73.944174, 40.612722 ], [ -73.944435, 40.614079 ], [ -73.944827, 40.616046 ], [ -73.945737, 40.615363 ], [ -73.945815, 40.615774 ], [ -73.946067, 40.617104 ], [ -73.946514, 40.619494 ], [ -73.945516, 40.619606 ], [ -73.944518, 40.619714 ], [ -73.94497, 40.622105 ], [ -73.945425, 40.624496 ], [ -73.946422, 40.624385 ], [ -73.946875, 40.626774 ], [ -73.947327, 40.629166 ] ] ] ] } },
{ "type": "Feature", "properties": { "STATEFP20": "36", "PUMACE20": "04311", "AFFGEOID20": "795P200US3604311", "GEOID20": "3604311", "NAMELSAD20": "NYC-Brooklyn Community District 11--Bensonhurst & Bath Beach PUMA", "STUSPS20": "NY", "ST_NAME20": "New York", "LSAD20": "P0", "ALAND20": 9574265, "AWATER20": 996994, "puma_geoid": "3604311", "display": "Bensonhurst & Bath Beach (Brooklyn CD 11)", "place": "Bensonhurst & Bath Beach", "NAME": "NYC-Brooklyn Community District 11--Bensonhurst & Bath Beach PUMA; New York", "total_housing_units": 67682, "occupied_units": 63050, "vacant_units": 4632, "vacancy_rate": 0.068437693921574394, "median_gross_rent": 1720, "median_gross_rent_display": "$1,720", "median_home_value": 1062900, "median_home_value_display": "$1,062,900", "home_value_topcoded": false, "borough": "Brooklyn", "district": "CD 11", "city": "NYC" }, "geometry": { "type": "Polygon", "coordinates": [ [ [ -74.019135223753693, 40.602852368297299 ], [ -74.018231, 40.604108 ], [ -74.015499, 40.606842 ], [ -74.017019, 40.607655 ], [ -74.015224, 40.609357 ], [ -74.013482, 40.611038 ], [ -74.011712, 40.612735 ], [ -74.010504, 40.613897 ], [ -74.009924, 40.614457 ], [ -74.009341, 40.615015 ], [ -74.008177, 40.616133 ], [ -74.007599, 40.616695 ], [ -74.006434, 40.617814 ], [ -74.005854, 40.618371 ], [ -74.005227, 40.618973 ], [ -74.004019, 40.620136 ], [ -74.003436, 40.620696 ], [ -74.002857, 40.621253 ], [ -74.002276, 40.621815 ], [ -74.001694, 40.622372 ], [ -74.001202, 40.622843 ], [ -74.00053, 40.62349 ], [ -73.999946, 40.624051 ], [ -73.999321, 40.624656 ], [ -73.997713, 40.62368 ], [ -73.997484, 40.62452 ], [ -73.997241, 40.625289 ], [ -73.997017, 40.626062 ], [ -73.996878, 40.62653 ], [ -73.996788, 40.626826 ], [ -73.994649, 40.625698 ], [ -73.994325, 40.625343 ], [ -73.99255, 40.624274 ], [ -73.990094, 40.622789 ], [ -73.987851, 40.621435 ], [ -73.985693, 40.620131 ], [ -73.986275, 40.619567 ], [ -73.984068, 40.618241 ], [ -73.981868, 40.616912 ], [ -73.979638, 40.615565 ], [ -73.977408, 40.614218 ], [ -73.975208, 40.612885 ], [ -73.974777, 40.612638 ], [ -73.974551, 40.611443 ], [ -73.974515, 40.611257 ], [ -73.974445, 40.610874 ], [ -73.974391, 40.61058 ], [ -73.974184, 40.609463 ], [ -73.974031, 40.608702 ], [ -73.972994, 40.608814 ], [ -73.972959, 40.60863 ], [ -73.97259, 40.606671 ], [ -73.972178, 40.604195 ], [ -73.972565, 40.601794 ], [ -73.972911, 40.599315 ], [ -73.971911, 40.599423 ], [ -73.971484, 40.597172 ], [ -73.974083, 40.596883 ], [ -73.975588, 40.596719 ], [ -73.977507, 40.596506 ], [ -73.978927, 40.596348 ], [ -73.980358, 40.596192 ], [ -73.979955, 40.594074 ], [ -73.980711, 40.593997 ], [ -73.98179, 40.593868 ], [ -73.983667, 40.593664 ], [ -73.98464, 40.593552 ], [ -73.984678, 40.593659 ], [ -73.986019, 40.594446 ], [ -73.987988, 40.592553 ], [ -73.989621, 40.590982 ], [ -73.990364, 40.591432 ], [ -73.991539, 40.590391 ], [ -73.992558, 40.589922 ], [ -73.993309, 40.589584 ], [ -73.993758, 40.590332 ], [ -73.996288677915004, 40.589226864266401 ], [ -73.997084, 40.591414 ], [ -73.997126933438096, 40.591446480981197 ], [ -73.997680125234893, 40.591864994222099 ], [ -73.999315786363198, 40.5931024417836 ], [ -73.999427299401901, 40.593186806164098 ], [ -74.000043439569296, 40.593652942538199 ], [ -74.001389679792396, 40.5946714308133 ], [ -74.003916060622899, 40.596582745904101 ], [ -74.004535, 40.597051 ], [ -74.005504366790205, 40.5976179680898 ], [ -74.007563777781797, 40.598822486676298 ], [ -74.007760568565899, 40.598937586653001 ], [ -74.008317593541705, 40.599263382202999 ], [ -74.008985795287401, 40.599654203377298 ], [ -74.009089558718998, 40.599714893051399 ], [ -74.009248330824803, 40.599807756473602 ], [ -74.009252161079701, 40.599809996732198 ], [ -74.010113479805995, 40.6003137691308 ], [ -74.010926, 40.600789 ], [ -74.011370049779202, 40.600948056597503 ], [ -74.011536353611206, 40.601007625868498 ], [ -74.011549733094597, 40.601012418338101 ], [ -74.012897197124701, 40.601495073782999 ], [ -74.013833300775005, 40.601830381823703 ], [ -74.014544819451899, 40.602085244555397 ], [ -74.014662357770902, 40.602127346243002 ], [ -74.015337, 40.602369 ], [ -74.018517, 40.602505 ], [ -74.019135223753693, 40.602852368297299 ] ] ] } },
{ "type": "Feature", "properties": { "STATEFP20": "36", "PUMACE20": "04314", "AFFGEOID20": "795P200US3604314", "GEOID20": "3604314", "NAMELSAD20": "NYC-Brooklyn Community District 14--Flatbush & Midwood PUMA", "STUSPS20": "NY", "ST_NAME20": "New York", "LSAD20": "P0", "ALAND20": 7352857, "AWATER20": 0, "puma_geoid": "3604314", "display": "Flatbush & Midwood (Brooklyn CD 14)", "place": "Flatbush & Midwood", "NAME": "NYC-Brooklyn Community District 14--Flatbush & Midwood PUMA; New York", "total_housing_units": 64041, "occupied_units": 60587, "vacant_units": 3454, "vacancy_rate": 0.053934198404147302, "median_gross_rent": 1744, "median_gross_rent_display": "$1,744", "median_home_value": 892800, "median_home_value_display": "$892,800", "home_value_topcoded": false, "borough": "Brooklyn", "district": "CD 14", "city": "NYC" }, "geometry": { "type": "Polygon", "coordinates": [ [ [ -73.977165, 40.630747 ], [ -73.976049, 40.631276 ], [ -73.972808, 40.632806 ], [ -73.972419, 40.632992 ], [ -73.972161, 40.633112 ], [ -73.970876, 40.63372 ], [ -73.969869, 40.634194 ], [ -73.970291, 40.636407 ], [ -73.968039, 40.636651 ], [ -73.968224, 40.637297 ], [ -73.968722, 40.639018 ], [ -73.968791, 40.639256 ], [ -73.969399, 40.641383 ], [ -73.969484, 40.64169 ], [ -73.970089, 40.643746 ], [ -73.970546, 40.645317 ], [ -73.970841, 40.646378 ], [ -73.971211, 40.64762 ], [ -73.971397, 40.648258 ], [ -73.969672, 40.648898 ], [ -73.968793, 40.649249 ], [ -73.967028, 40.649948 ], [ -73.965262, 40.650642 ], [ -73.964654, 40.650887 ], [ -73.965242, 40.651742 ], [ -73.965751, 40.6525 ], [ -73.966213, 40.653189 ], [ -73.964145, 40.653995 ], [ -73.9619, 40.654871 ], [ -73.961691, 40.654951 ], [ -73.960205, 40.655514 ], [ -73.959861, 40.655635 ], [ -73.959696, 40.654839 ], [ -73.9563, 40.655049 ], [ -73.956164, 40.653777 ], [ -73.95601, 40.652314 ], [ -73.955907, 40.651369 ], [ -73.955825, 40.65053 ], [ -73.958707, 40.650387 ], [ -73.95815, 40.647768 ], [ -73.958141, 40.647504 ], [ -73.958107, 40.646518 ], [ -73.955652, 40.646631 ], [ -73.95473, 40.644772 ], [ -73.954665, 40.644197 ], [ -73.954525, 40.642887 ], [ -73.954281, 40.640589 ], [ -73.954043, 40.638878 ], [ -73.953743, 40.638566 ], [ -73.9536, 40.638422 ], [ -73.952133, 40.638423 ], [ -73.951158, 40.638428 ], [ -73.950167, 40.638491 ], [ -73.949685, 40.63852 ], [ -73.949233, 40.638548 ], [ -73.948265, 40.638607 ], [ -73.948015, 40.636267 ], [ -73.947774, 40.633999 ], [ -73.946805, 40.634059 ], [ -73.945868, 40.634117 ], [ -73.945617, 40.631778 ], [ -73.946479, 40.631708 ], [ -73.945511, 40.630792 ], [ -73.944155, 40.629508 ], [ -73.945401, 40.629378 ], [ -73.946327, 40.629277 ], [ -73.947327, 40.629166 ], [ -73.946875, 40.626774 ], [ -73.946422, 40.624385 ], [ -73.945425, 40.624496 ], [ -73.94497, 40.622105 ], [ -73.944518, 40.619714 ], [ -73.945516, 40.619606 ], [ -73.946514, 40.619494 ], [ -73.946067, 40.617104 ], [ -73.945815, 40.615774 ], [ -73.945737, 40.615363 ], [ -73.946574, 40.614789 ], [ -73.947458, 40.614199 ], [ -73.949306, 40.614031 ], [ -73.950265, 40.613924 ], [ -73.950146, 40.613294 ], [ -73.950025, 40.612655 ], [ -73.949963, 40.612316 ], [ -73.950706, 40.61125 ], [ -73.952577, 40.611037 ], [ -73.953599, 40.61095 ], [ -73.954796, 40.61082 ], [ -73.955741, 40.610715 ], [ -73.956705, 40.610612 ], [ -73.957669, 40.610504 ], [ -73.958074, 40.610458 ], [ -73.958593, 40.610403 ], [ -73.95952, 40.610302 ], [ -73.960444, 40.610202 ], [ -73.961373, 40.610099 ], [ -73.96238, 40.609986 ], [ -73.96286, 40.61255 ], [ -73.963361, 40.615204 ], [ -73.963811, 40.617589 ], [ -73.964268, 40.619984 ], [ -73.96472, 40.622373 ], [ -73.965173, 40.624766 ], [ -73.965625, 40.627155 ], [ -73.966074, 40.629545 ], [ -73.967076, 40.629435 ], [ -73.968001, 40.629333 ], [ -73.968929, 40.629231 ], [ -73.971374, 40.628966 ], [ -73.971208, 40.62809 ], [ -73.970922, 40.62657 ], [ -73.972298, 40.626432 ], [ -73.974149, 40.626215 ], [ -73.976235, 40.625976 ], [ -73.976514, 40.627294 ], [ -73.976578, 40.627574 ], [ -73.97685, 40.629089 ], [ -73.977071, 40.630253 ], [ -73.977165, 40.630747 ] ] ] } },
{ "type": "Feature", "properties": { "STATEFP20": "36", "PUMACE20": "04301", "AFFGEOID20": "795P200US3604301", "GEOID20": "3604301", "NAMELSAD20": "NYC-Brooklyn Community District 1--Williamsburg & Greenpoint PUMA", "STUSPS20": "NY", "ST_NAME20": "New York", "LSAD20": "P0", "ALAND20": 12239875, "AWATER20": 359426, "puma_geoid": "3604301", "display": "Williamsburg & Greenpoint (Brooklyn CD 1)", "place": "Williamsburg & Greenpoint", "NAME": "NYC-Brooklyn Community District 1--Williamsburg & Greenpoint PUMA; New York", "total_housing_units": 88227, "occupied_units": 83176, "vacant_units": 5051, "vacancy_rate": 0.057250048171194702, "median_gross_rent": 2345, "median_gross_rent_display": "$2,345", "median_home_value": 1131400, "median_home_value_display": "$1,131,400", "home_value_topcoded": false, "borough": "Brooklyn", "district": "CD 1", "city": "NYC" }, "geometry": { "type": "Polygon", "coordinates": [ [ [ -73.969941, 40.70931 ], [ -73.969612, 40.71016 ], [ -73.969021, 40.712508 ], [ -73.968861, 40.71265 ], [ -73.968469, 40.712999 ], [ -73.96837, 40.714127 ], [ -73.967716, 40.71604 ], [ -73.967578, 40.716496 ], [ -73.966511, 40.717917 ], [ -73.965572, 40.71895 ], [ -73.964038, 40.720939 ], [ -73.96355, 40.721571 ], [ -73.962787, 40.722562 ], [ -73.962645, 40.722747 ], [ -73.961543, 40.723876 ], [ -73.961611, 40.724951 ], [ -73.961531, 40.72591 ], [ -73.961436, 40.727298 ], [ -73.961215, 40.728151 ], [ -73.961214, 40.729508 ], [ -73.96145, 40.730994 ], [ -73.961843, 40.731625 ], [ -73.962148, 40.732452 ], [ -73.962288, 40.732899 ], [ -73.962307, 40.733119 ], [ -73.962348, 40.733812 ], [ -73.962672, 40.736446 ], [ -73.962478, 40.736802 ], [ -73.95706, 40.739167 ], [ -73.955087, 40.7394 ], [ -73.952669, 40.739258 ], [ -73.947064, 40.737516 ], [ -73.942163, 40.735678 ], [ -73.940368, 40.733269 ], [ -73.93966, 40.731487 ], [ -73.937525, 40.729815 ], [ -73.931825, 40.728482 ], [ -73.929058, 40.727688 ], [ -73.927801, 40.726494 ], [ -73.927171, 40.725233 ], [ -73.92418, 40.72002 ], [ -73.924278, 40.718536 ], [ -73.923127, 40.717024 ], [ -73.922711, 40.716478 ], [ -73.924327, 40.715568 ], [ -73.92404, 40.714008 ], [ -73.922233, 40.712854 ], [ -73.920745, 40.71053 ], [ -73.921892, 40.709396 ], [ -73.923062, 40.708369 ], [ -73.924169, 40.707394 ], [ -73.926089, 40.70568 ], [ -73.926578, 40.705557 ], [ -73.928738, 40.704717 ], [ -73.931155, 40.703773 ], [ -73.932698, 40.703171 ], [ -73.933523, 40.702849 ], [ -73.933951, 40.702674 ], [ -73.936982, 40.70191 ], [ -73.93763, 40.701739 ], [ -73.94042, 40.701077 ], [ -73.941931, 40.700725 ], [ -73.944388, 40.700425 ], [ -73.947128, 40.700123 ], [ -73.950091, 40.699791 ], [ -73.95337, 40.699405 ], [ -73.956075, 40.69909 ], [ -73.956645, 40.699019 ], [ -73.95702, 40.698974 ], [ -73.957434, 40.698905 ], [ -73.958858, 40.698677 ], [ -73.961051, 40.698326 ], [ -73.962469, 40.698098 ], [ -73.962839, 40.698039 ], [ -73.962179, 40.700221 ], [ -73.965204, 40.702623 ], [ -73.965875, 40.703158 ], [ -73.96721, 40.704256 ], [ -73.967951, 40.705731 ], [ -73.968389, 40.706829 ], [ -73.969178, 40.706936 ], [ -73.969613, 40.707634 ], [ -73.969941, 40.70931 ] ] ] } },
{ "type": "Feature", "properties": { "STATEFP20": "36", "PUMACE20": "04401", "AFFGEOID20": "795P200US3604401", "GEOID20": "3604401", "NAMELSAD20": "NYC-Queens Community District 1--Astoria & Queensbridge PUMA", "STUSPS20": "NY", "ST_NAME20": "New York", "LSAD20": "P0", "ALAND20": 17307796, "AWATER20": 3578404, "puma_geoid": "3604401", "display": "Astoria & Queensbridge (Queens CD 1)", "place": "Astoria & Queensbridge", "NAME": "NYC-Queens Community District 1--Astoria & Queensbridge PUMA; New York", "total_housing_units": 96200, "occupied_units": 79178, "vacant_units": 17022, "vacancy_rate": 0.17694386694386691, "median_gross_rent": 2104, "median_gross_rent_display": "$2,104", "median_home_value": 826900, "median_home_value_display": "$826,900", "home_value_topcoded": false, "borough": "Queens", "district": "CD 1", "city": "NYC" }, "geometry": { "type": "Polygon", "coordinates": [ [ [ -73.95084, 40.755219 ], [ -73.947832, 40.758989 ], [ -73.944715, 40.762879 ], [ -73.941312, 40.766918 ], [ -73.940463, 40.76753 ], [ -73.939836, 40.767988 ], [ -73.936404, 40.769475 ], [ -73.934956, 40.77173 ], [ -73.937466, 40.772504 ], [ -73.937466, 40.772531 ], [ -73.937858, 40.774088 ], [ -73.937655, 40.775086 ], [ -73.93638, 40.776921 ], [ -73.935855, 40.777212 ], [ -73.934412, 40.778093 ], [ -73.933908, 40.778117 ], [ -73.931847, 40.777892 ], [ -73.929881, 40.776222 ], [ -73.928277, 40.776899 ], [ -73.926318, 40.778242 ], [ -73.925745, 40.778405 ], [ -73.924816, 40.778758 ], [ -73.920999, 40.781749 ], [ -73.919965, 40.782635 ], [ -73.91909, 40.783368 ], [ -73.917171, 40.784193 ], [ -73.915344, 40.786116 ], [ -73.912069, 40.789339 ], [ -73.910296, 40.790657 ], [ -73.910673, 40.793116 ], [ -73.912456, 40.796096 ], [ -73.899869, 40.792449 ], [ -73.892182, 40.790394 ], [ -73.89057, 40.790108 ], [ -73.888307, 40.787006 ], [ -73.885303, 40.786685 ], [ -73.878307, 40.785357 ], [ -73.876973, 40.785778 ], [ -73.873088, 40.785855 ], [ -73.871631, 40.786798 ], [ -73.86542, 40.78497 ], [ -73.860505, 40.778984 ], [ -73.852897, 40.775457 ], [ -73.852642, 40.77208 ], [ -73.853702, 40.76948 ], [ -73.854982, 40.767448 ], [ -73.860433, 40.763869 ], [ -73.860937, 40.763729 ], [ -73.863123, 40.766302 ], [ -73.865983, 40.76886 ], [ -73.868002, 40.770255 ], [ -73.869569, 40.771087 ], [ -73.872596, 40.771831 ], [ -73.876119, 40.771629 ], [ -73.877876, 40.771151 ], [ -73.884319, 40.767982 ], [ -73.887731, 40.766915 ], [ -73.888365, 40.76677 ], [ -73.888773, 40.766511 ], [ -73.890898, 40.765857 ], [ -73.89109, 40.766337 ], [ -73.894324, 40.766146 ], [ -73.8952, 40.76423 ], [ -73.897345, 40.761977 ], [ -73.898773, 40.759916 ], [ -73.898552, 40.759926 ], [ -73.899608, 40.758386 ], [ -73.899703, 40.757783 ], [ -73.89948, 40.756247 ], [ -73.898863, 40.754712 ], [ -73.898769, 40.754203 ], [ -73.898738, 40.754154 ], [ -73.902472, 40.753763 ], [ -73.903923, 40.753611 ], [ -73.904917, 40.753505 ], [ -73.905864, 40.753404 ], [ -73.906909, 40.753285 ], [ -73.910231, 40.752977 ], [ -73.910451, 40.752961 ], [ -73.909847, 40.751637 ], [ -73.913143, 40.750967 ], [ -73.915256, 40.750846 ], [ -73.920215, 40.749804 ], [ -73.921506, 40.751314 ], [ -73.924689, 40.751727 ], [ -73.931637, 40.751367 ], [ -73.935387, 40.749412 ], [ -73.936835, 40.748395 ], [ -73.937875, 40.749804 ], [ -73.939557, 40.75047 ], [ -73.940513, 40.750856 ], [ -73.944018, 40.75235 ], [ -73.944085, 40.752281 ], [ -73.949144, 40.754485 ], [ -73.95084, 40.755219 ] ] ] } },
{ "type": "Feature", "properties": { "STATEFP20": "36", "PUMACE20": "04404", "AFFGEOID20": "795P200US3604404", "GEOID20": "3604404", "NAMELSAD20": "NYC-Queens Community District 4--Elmhurst & Corona PUMA", "STUSPS20": "NY", "ST_NAME20": "New York", "LSAD20": "P0", "ALAND20": 10626469, "AWATER20": 1281692, "puma_geoid": "3604404", "display": "Elmhurst & Corona (Queens CD 4)", "place": "Elmhurst & Corona", "NAME": "NYC-Queens Community District 4--Elmhurst & Corona PUMA; New York", "total_housing_units": 56337, "occupied_units": 53009, "vacant_units": 3328, "vacancy_rate": 0.059073078083674999, "median_gross_rent": 1914, "median_gross_rent_display": "$1,914", "median_home_value": 681500, "median_home_value_display": "$681,500", "home_value_topcoded": false, "borough": "Queens", "district": "CD 4", "city": "NYC" }, "geometry": { "type": "Polygon", "coordinates": [ [ [ -73.895277, 40.748317 ], [ -73.893797, 40.747692 ], [ -73.892409, 40.747135 ], [ -73.891431, 40.746845 ], [ -73.890501, 40.746942 ], [ -73.889571, 40.747039 ], [ -73.888678, 40.747134 ], [ -73.887783, 40.747229 ], [ -73.887647, 40.747245 ], [ -73.886717, 40.747341 ], [ -73.885787, 40.74744 ], [ -73.884855, 40.747535 ], [ -73.883936, 40.74763 ], [ -73.882999, 40.747734 ], [ -73.882569, 40.747778 ], [ -73.882071, 40.74783 ], [ -73.881304, 40.747909 ], [ -73.881137, 40.747927 ], [ -73.880206, 40.748025 ], [ -73.879839, 40.748062 ], [ -73.879278, 40.748124 ], [ -73.878406, 40.748216 ], [ -73.877416, 40.748319 ], [ -73.87648, 40.748416 ], [ -73.876252, 40.748439 ], [ -73.875552, 40.748514 ], [ -73.873701, 40.748717 ], [ -73.873303, 40.748758 ], [ -73.872774, 40.748813 ], [ -73.872373, 40.748852 ], [ -73.871356, 40.748957 ], [ -73.870379, 40.749064 ], [ -73.869739, 40.749126 ], [ -73.869425, 40.749157 ], [ -73.868458, 40.749264 ], [ -73.866557, 40.749464 ], [ -73.864185, 40.74972 ], [ -73.862726, 40.749868 ], [ -73.861751, 40.749968 ], [ -73.861117, 40.750024 ], [ -73.858763, 40.750717 ], [ -73.855835, 40.751577 ], [ -73.854556, 40.751962 ], [ -73.852604, 40.752542 ], [ -73.852205, 40.752661 ], [ -73.852617, 40.753405 ], [ -73.853126, 40.755109 ], [ -73.853654, 40.756835 ], [ -73.85464, 40.758466 ], [ -73.85604, 40.759726 ], [ -73.859756, 40.761836 ], [ -73.860937, 40.763729 ], [ -73.860433, 40.763869 ], [ -73.854982, 40.767448 ], [ -73.853702, 40.76948 ], [ -73.850281, 40.76606 ], [ -73.849215, 40.764209 ], [ -73.848515, 40.763822 ], [ -73.846709, 40.761345 ], [ -73.846017, 40.760805 ], [ -73.845975, 40.760717 ], [ -73.843244, 40.755337 ], [ -73.838619, 40.757045 ], [ -73.838211, 40.755253 ], [ -73.837917, 40.754541 ], [ -73.837674, 40.754114 ], [ -73.835602, 40.751395 ], [ -73.832295, 40.751942 ], [ -73.832181, 40.751506 ], [ -73.833099, 40.747994 ], [ -73.834629, 40.746896 ], [ -73.835399, 40.74552 ], [ -73.835503, 40.745328 ], [ -73.835676, 40.744851 ], [ -73.835925, 40.743501 ], [ -73.835896, 40.743381 ], [ -73.835861, 40.743228 ], [ -73.837089, 40.741748 ], [ -73.836628, 40.739252 ], [ -73.836044, 40.739173 ], [ -73.836081, 40.734334 ], [ -73.833863, 40.730553 ], [ -73.833071, 40.729919 ], [ -73.8317, 40.728034 ], [ -73.831468, 40.727664 ], [ -73.830255, 40.726143 ], [ -73.827555, 40.724961 ], [ -73.827129, 40.724304 ], [ -73.826726, 40.723082 ], [ -73.825859, 40.720463 ], [ -73.824881, 40.717365 ], [ -73.823726, 40.717481 ], [ -73.821705, 40.71736 ], [ -73.819305, 40.717136 ], [ -73.820323, 40.71666 ], [ -73.821892, 40.716759 ], [ -73.823588, 40.71637 ], [ -73.825705, 40.716063 ], [ -73.826253, 40.71573 ], [ -73.826976, 40.715391 ], [ -73.830982, 40.71431 ], [ -73.831385, 40.714529 ], [ -73.829796, 40.715566 ], [ -73.833481, 40.718333 ], [ -73.834959, 40.719412 ], [ -73.835963, 40.721677 ], [ -73.836038, 40.72177 ], [ -73.836524, 40.722371 ], [ -73.838362, 40.725562 ], [ -73.838715, 40.726221 ], [ -73.839854, 40.728178 ], [ -73.840327, 40.728807 ], [ -73.841468, 40.729998 ], [ -73.842814, 40.731153 ], [ -73.843505, 40.731814 ], [ -73.844347, 40.732979 ], [ -73.844957, 40.733987 ], [ -73.845426, 40.73495 ], [ -73.845909, 40.7364 ], [ -73.846055, 40.737099 ], [ -73.847214, 40.738644 ], [ -73.847325, 40.738771 ], [ -73.847558, 40.739064 ], [ -73.849582, 40.738186 ], [ -73.851914, 40.737426 ], [ -73.854181, 40.736954 ], [ -73.855085, 40.736801 ], [ -73.858771, 40.735785 ], [ -73.858866, 40.735939 ], [ -73.861064, 40.735314 ], [ -73.86284, 40.734799 ], [ -73.864618, 40.734271 ], [ -73.864577, 40.734194 ], [ -73.869037, 40.732849 ], [ -73.871211, 40.732096 ], [ -73.874996, 40.730788 ], [ -73.875237, 40.730724 ], [ -73.877965, 40.72977 ], [ -73.88039, 40.728905 ], [ -73.88214, 40.72868 ], [ -73.883931, 40.728538 ], [ -73.885612, 40.728342 ], [ -73.887205, 40.727869 ], [ -73.887201, 40.728612 ], [ -73.88756, 40.730197 ], [ -73.88806, 40.730087 ], [ -73.88811, 40.730572 ], [ -73.888178, 40.731195 ], [ -73.888253, 40.731897 ], [ -73.888566, 40.734592 ], [ -73.889016, 40.735231 ], [ -73.891379, 40.735918 ], [ -73.891369, 40.736061 ], [ -73.889383, 40.736422 ], [ -73.888802, 40.736531 ], [ -73.887535, 40.736763 ], [ -73.887253, 40.738836 ], [ -73.887694, 40.738905 ], [ -73.889669, 40.739302 ], [ -73.890254, 40.739391 ], [ -73.892208, 40.739756 ], [ -73.894685, 40.740233 ], [ -73.890887, 40.740687 ], [ -73.891337, 40.74142 ], [ -73.891746, 40.742138 ], [ -73.892179, 40.742873 ], [ -73.893445, 40.744958 ], [ -73.894447, 40.746535 ], [ -73.895659, 40.748473 ], [ -73.895277, 40.748317 ] ] ] } },
{ "type": "Feature", "properties": { "STATEFP20": "36", "PUMACE20": "04316", "AFFGEOID20": "795P200US3604316", "GEOID20": "3604316", "NAMELSAD20": "NYC-Brooklyn Community District 16--Ocean Hill & Brownsville PUMA", "STUSPS20": "NY", "ST_NAME20": "New York", "LSAD20": "P0", "ALAND20": 4906187, "AWATER20": 0, "puma_geoid": "3604316", "display": "Ocean Hill & Brownsville (Brooklyn CD 16)", "place": "Ocean Hill & Brownsville", "NAME": "NYC-Brooklyn Community District 16--Ocean Hill & Brownsville PUMA; New York", "total_housing_units": 40598, "occupied_units": 38334, "vacant_units": 2264, "vacancy_rate": 0.055766293906103701, "median_gross_rent": 1195, "median_gross_rent_display": "$1,195", "median_home_value": 621300, "median_home_value_display": "$621,300", "home_value_topcoded": false, "borough": "Brooklyn", "district": "CD 16", "city": "NYC" }, "geometry": { "type": "Polygon", "coordinates": [ [ [ -73.92638, 40.665515 ], [ -73.924389, 40.666385 ], [ -73.923368, 40.666827 ], [ -73.922753, 40.667098 ], [ -73.922632, 40.668373 ], [ -73.922544, 40.669276 ], [ -73.922467, 40.670117 ], [ -73.922384, 40.671009 ], [ -73.9223, 40.6719 ], [ -73.922215, 40.672792 ], [ -73.922132, 40.673684 ], [ -73.922049, 40.674574 ], [ -73.921901, 40.676131 ], [ -73.921816, 40.677019 ], [ -73.921711, 40.678116 ], [ -73.921646, 40.67887 ], [ -73.91905, 40.678729 ], [ -73.916301, 40.678577 ], [ -73.916393, 40.678906 ], [ -73.91654, 40.679637 ], [ -73.916687, 40.680371 ], [ -73.916831, 40.681101 ], [ -73.916977, 40.681834 ], [ -73.917122, 40.682568 ], [ -73.917266, 40.683303 ], [ -73.917413, 40.684034 ], [ -73.917558, 40.684767 ], [ -73.917701, 40.6855 ], [ -73.91785, 40.686233 ], [ -73.917927, 40.686625 ], [ -73.917996, 40.686965 ], [ -73.918046, 40.687213 ], [ -73.916798, 40.686497 ], [ -73.916611, 40.686391 ], [ -73.916046, 40.686072 ], [ -73.91529, 40.685645 ], [ -73.914701, 40.685317 ], [ -73.913308, 40.684521 ], [ -73.913238, 40.684482 ], [ -73.913037, 40.684368 ], [ -73.912273, 40.683935 ], [ -73.911512, 40.683505 ], [ -73.910067, 40.682684 ], [ -73.909275, 40.682235 ], [ -73.90886, 40.681994 ], [ -73.908517, 40.681804 ], [ -73.907018, 40.680948 ], [ -73.905493, 40.680037 ], [ -73.904791, 40.679641 ], [ -73.904046, 40.67922 ], [ -73.903466, 40.678897 ], [ -73.900627, 40.677265 ], [ -73.89999, 40.6769 ], [ -73.900792, 40.676572 ], [ -73.902535, 40.675884 ], [ -73.903475, 40.675507 ], [ -73.90266, 40.672197 ], [ -73.902289, 40.670936 ], [ -73.901982, 40.66967 ], [ -73.901668, 40.668413 ], [ -73.900851, 40.665346 ], [ -73.900417, 40.663806 ], [ -73.901451, 40.663659 ], [ -73.901053, 40.662125 ], [ -73.900661, 40.660587 ], [ -73.899652, 40.660735 ], [ -73.899217, 40.659112 ], [ -73.898807, 40.657407 ], [ -73.899041, 40.657372 ], [ -73.899967, 40.657285 ], [ -73.900303, 40.657263 ], [ -73.903173, 40.655301 ], [ -73.906916, 40.654732 ], [ -73.907856, 40.654589 ], [ -73.907816, 40.654435 ], [ -73.9074, 40.652844 ], [ -73.908558, 40.652096 ], [ -73.909335, 40.652809 ], [ -73.909682, 40.654143 ], [ -73.909726, 40.654313 ], [ -73.910123, 40.655852 ], [ -73.911996, 40.655561 ], [ -73.912339, 40.655531 ], [ -73.91378, 40.656783 ], [ -73.915567, 40.658393 ], [ -73.917074, 40.659745 ], [ -73.917419, 40.660051 ], [ -73.918185, 40.660726 ], [ -73.918299, 40.661162 ], [ -73.918602, 40.661118 ], [ -73.919584, 40.661994 ], [ -73.919744, 40.660771 ], [ -73.920082, 40.659858 ], [ -73.920909, 40.660599 ], [ -73.922728, 40.662231 ], [ -73.924549, 40.663862 ], [ -73.92638, 40.665515 ] ] ] } },
{ "type": "Feature", "properties": { "STATEFP20": "36", "PUMACE20": "04205", "AFFGEOID20": "795P200US3604205", "GEOID20": "3604205", "NAMELSAD20": "NYC-Bronx Community District 5--Morris Heights & Mount Hope PUMA", "STUSPS20": "NY", "ST_NAME20": "New York", "LSAD20": "P0", "ALAND20": 3677820, "AWATER20": 0, "puma_geoid": "3604205", "display": "Morris Heights & Mount Hope (Bronx CD 5)", "place": "Morris Heights & Mount Hope", "NAME": "NYC-Bronx Community District 5--Morris Heights & Mount Hope PUMA; New York", "total_housing_units": 47540, "occupied_units": 46580, "vacant_units": 960, "vacancy_rate": 0.020193521245267101, "median_gross_rent": 1435, "median_gross_rent_display": "$1,435", "median_home_value": 483200, "median_home_value_display": "$483,200", "home_value_topcoded": false, "borough": "Bronx", "district": "CD 5", "city": "NYC" }, "geometry": { "type": "Polygon", "coordinates": [ [ [ -73.927296, 40.846557 ], [ -73.923904, 40.850488 ], [ -73.922978, 40.852022 ], [ -73.921405, 40.854358 ], [ -73.920958, 40.855112 ], [ -73.920005, 40.856679 ], [ -73.91929, 40.857475 ], [ -73.917901, 40.856937 ], [ -73.917425, 40.856774 ], [ -73.917217, 40.856015 ], [ -73.91719, 40.856837 ], [ -73.916642, 40.857988 ], [ -73.915388, 40.859129 ], [ -73.915417, 40.858701 ], [ -73.913284, 40.859619 ], [ -73.910904, 40.858778 ], [ -73.910208, 40.858289 ], [ -73.90981, 40.857348 ], [ -73.907773, 40.859608 ], [ -73.907071, 40.859362 ], [ -73.906798, 40.859374 ], [ -73.90627, 40.859187 ], [ -73.905871, 40.859045 ], [ -73.905723, 40.858993 ], [ -73.904868, 40.858693 ], [ -73.904475, 40.859342 ], [ -73.904081, 40.859988 ], [ -73.903514, 40.860918 ], [ -73.902545, 40.860578 ], [ -73.901614, 40.862139 ], [ -73.90108, 40.862756 ], [ -73.900284, 40.862472 ], [ -73.899962, 40.862351 ], [ -73.899618, 40.862159 ], [ -73.898387, 40.862344 ], [ -73.897068, 40.862534 ], [ -73.895884, 40.862258 ], [ -73.894825, 40.862065 ], [ -73.893724, 40.861944 ], [ -73.893559, 40.861926 ], [ -73.892852, 40.861833 ], [ -73.891815, 40.861817 ], [ -73.891447, 40.861634 ], [ -73.893215, 40.859874 ], [ -73.893808, 40.858942 ], [ -73.893885, 40.85882 ], [ -73.895263, 40.856743 ], [ -73.895581, 40.856246 ], [ -73.8958, 40.855909 ], [ -73.896007, 40.855596 ], [ -73.89644, 40.854908 ], [ -73.895609, 40.854571 ], [ -73.896624, 40.852787 ], [ -73.897087, 40.851969 ], [ -73.898086, 40.850213 ], [ -73.899671, 40.847438 ], [ -73.901304, 40.844477 ], [ -73.902633, 40.84467 ], [ -73.904851, 40.844726 ], [ -73.906653, 40.844849 ], [ -73.907548, 40.844908 ], [ -73.909361, 40.845006 ], [ -73.911143, 40.845063 ], [ -73.912001, 40.845087 ], [ -73.913192, 40.845116 ], [ -73.914199, 40.845115 ], [ -73.916726, 40.84505 ], [ -73.917402, 40.845036 ], [ -73.918479, 40.844973 ], [ -73.922633, 40.844727 ], [ -73.922818, 40.844262 ], [ -73.92354, 40.844457 ], [ -73.923967, 40.844795 ], [ -73.928159, 40.845492 ], [ -73.927296, 40.846557 ] ] ] } },
{ "type": "Feature", "properties": { "STATEFP20": "36", "PUMACE20": "04312", "AFFGEOID20": "795P200US3604312", "GEOID20": "3604312", "NAMELSAD20": "NYC-Brooklyn Community District 12--Borough Park & Kensington PUMA", "STUSPS20": "NY", "ST_NAME20": "New York", "LSAD20": "P0", "ALAND20": 9388169, "AWATER20": 0, "puma_geoid": "3604312", "display": "Borough Park & Kensington (Brooklyn CD 12)", "place": "Borough Park & Kensington", "NAME": "NYC-Brooklyn Community District 12--Borough Park & Kensington PUMA; New York", "total_housing_units": 61842, "occupied_units": 55367, "vacant_units": 6475, "vacancy_rate": 0.10470230587626531, "median_gross_rent": 1790, "median_gross_rent_display": "$1,790", "median_home_value": 1051300, "median_home_value_display": "$1,051,300", "home_value_topcoded": false, "borough": "Brooklyn", "district": "CD 12", "city": "NYC" }, "geometry": { "type": "Polygon", "coordinates": [ [ [ -74.008953, 40.636075 ], [ -74.008371, 40.636635 ], [ -74.007788, 40.637195 ], [ -74.007206, 40.637755 ], [ -74.006041, 40.638877 ], [ -74.004877, 40.639995 ], [ -74.004295, 40.640557 ], [ -74.003713, 40.641116 ], [ -74.002545, 40.642236 ], [ -74.00196, 40.642799 ], [ -74.00138, 40.643357 ], [ -74.000798, 40.643918 ], [ -74.000213, 40.644477 ], [ -73.99963, 40.645037 ], [ -73.999048, 40.645597 ], [ -73.998466, 40.646159 ], [ -73.997883, 40.646719 ], [ -73.997301, 40.647272 ], [ -73.996562, 40.647891 ], [ -73.996088, 40.648307 ], [ -73.993985, 40.647101 ], [ -73.991808, 40.645784 ], [ -73.989059, 40.644119 ], [ -73.98835, 40.644562 ], [ -73.985284, 40.645768 ], [ -73.983073, 40.646625 ], [ -73.981805, 40.647128 ], [ -73.981328, 40.647182 ], [ -73.980291, 40.647297 ], [ -73.978191, 40.647526 ], [ -73.975176, 40.647818 ], [ -73.974959, 40.647796 ], [ -73.973504, 40.647595 ], [ -73.971397, 40.648258 ], [ -73.971211, 40.64762 ], [ -73.970841, 40.646378 ], [ -73.970546, 40.645317 ], [ -73.970089, 40.643746 ], [ -73.969484, 40.64169 ], [ -73.969399, 40.641383 ], [ -73.968791, 40.639256 ], [ -73.968722, 40.639018 ], [ -73.968224, 40.637297 ], [ -73.968039, 40.636651 ], [ -73.970291, 40.636407 ], [ -73.969869, 40.634194 ], [ -73.970876, 40.63372 ], [ -73.972161, 40.633112 ], [ -73.972419, 40.632992 ], [ -73.972808, 40.632806 ], [ -73.976049, 40.631276 ], [ -73.977165, 40.630747 ], [ -73.977071, 40.630253 ], [ -73.97685, 40.629089 ], [ -73.976578, 40.627574 ], [ -73.976514, 40.627294 ], [ -73.976235, 40.625976 ], [ -73.974149, 40.626215 ], [ -73.972298, 40.626432 ], [ -73.970922, 40.62657 ], [ -73.971208, 40.62809 ], [ -73.971374, 40.628966 ], [ -73.968929, 40.629231 ], [ -73.968001, 40.629333 ], [ -73.967076, 40.629435 ], [ -73.966074, 40.629545 ], [ -73.965625, 40.627155 ], [ -73.965173, 40.624766 ], [ -73.96472, 40.622373 ], [ -73.964268, 40.619984 ], [ -73.963811, 40.617589 ], [ -73.963361, 40.615204 ], [ -73.96286, 40.61255 ], [ -73.963853, 40.612433 ], [ -73.964781, 40.612331 ], [ -73.964296, 40.609777 ], [ -73.965224, 40.609674 ], [ -73.967668, 40.609404 ], [ -73.96997, 40.60915 ], [ -73.971913, 40.608936 ], [ -73.972994, 40.608814 ], [ -73.974031, 40.608702 ], [ -73.974184, 40.609463 ], [ -73.974391, 40.61058 ], [ -73.974445, 40.610874 ], [ -73.974515, 40.611257 ], [ -73.974551, 40.611443 ], [ -73.974777, 40.612638 ], [ -73.975208, 40.612885 ], [ -73.977408, 40.614218 ], [ -73.979638, 40.615565 ], [ -73.981868, 40.616912 ], [ -73.984068, 40.618241 ], [ -73.986275, 40.619567 ], [ -73.985693, 40.620131 ], [ -73.987851, 40.621435 ], [ -73.990094, 40.622789 ], [ -73.99255, 40.624274 ], [ -73.994325, 40.625343 ], [ -73.994649, 40.625698 ], [ -73.996788, 40.626826 ], [ -73.996878, 40.62653 ], [ -73.997017, 40.626062 ], [ -73.997241, 40.625289 ], [ -73.998117, 40.625816 ], [ -74.000314, 40.627145 ], [ -74.002515, 40.628475 ], [ -74.001931, 40.629033 ], [ -74.004137, 40.630364 ], [ -74.007023, 40.63211 ], [ -74.006617, 40.632379 ], [ -74.006307, 40.632584 ], [ -74.005564, 40.633084 ], [ -74.007356, 40.634164 ], [ -74.009557, 40.635493 ], [ -74.008953, 40.636075 ] ] ] } },
{ "type": "Feature", "properties": { "STATEFP20": "36", "PUMACE20": "04302", "AFFGEOID20": "795P200US3604302", "GEOID20": "3604302", "NAMELSAD20": "NYC-Brooklyn Community District 2--Downtown Brooklyn & Fort Greene PUMA", "STUSPS20": "NY", "ST_NAME20": "New York", "LSAD20": "P0", "ALAND20": 7071145, "AWATER20": 415980, "puma_geoid": "3604302", "display": "Downtown Brooklyn & Fort Greene (Brooklyn CD 2)", "place": "Downtown Brooklyn & Fort Greene", "NAME": "NYC-Brooklyn Community District 2--Downtown Brooklyn & Fort Greene PUMA; New York", "total_housing_units": 65505, "occupied_units": 59519, "vacant_units": 5986, "vacancy_rate": 0.091382337226165899, "median_gross_rent": 2869, "median_gross_rent_display": "$2,869", "median_home_value": 1071600, "median_home_value_display": "$1,071,600", "home_value_topcoded": false, "borough": "Brooklyn", "district": "CD 2", "city": "NYC" }, "geometry": { "type": "Polygon", "coordinates": [ [ [ -74.000959, 40.694069 ], [ -74.000701, 40.694388 ], [ -74.000277, 40.694959 ], [ -73.999604, 40.696069 ], [ -73.999461, 40.69628 ], [ -73.99942, 40.696361 ], [ -73.998847, 40.697141 ], [ -73.998032, 40.698762 ], [ -73.9975, 40.699653 ], [ -73.998459260798995, 40.700310390097798 ], [ -73.997747178028703, 40.701349458208902 ], [ -73.995138, 40.70298 ], [ -73.995069, 40.703102 ], [ -73.994498, 40.704318 ], [ -73.993693, 40.704476 ], [ -73.99148, 40.705625 ], [ -73.990549, 40.705144 ], [ -73.989381, 40.705137 ], [ -73.987957, 40.705134 ], [ -73.98653, 40.704979 ], [ -73.984189, 40.705582 ], [ -73.982033, 40.705515 ], [ -73.980987, 40.705374 ], [ -73.980907, 40.705907 ], [ -73.979233, 40.705769 ], [ -73.975476, 40.707492 ], [ -73.972789, 40.709378 ], [ -73.970318, 40.707332 ], [ -73.969613, 40.707634 ], [ -73.969178, 40.706936 ], [ -73.968389, 40.706829 ], [ -73.967951, 40.705731 ], [ -73.96721, 40.704256 ], [ -73.965875, 40.703158 ], [ -73.965204, 40.702623 ], [ -73.962179, 40.700221 ], [ -73.962839, 40.698039 ], [ -73.962469, 40.698098 ], [ -73.961051, 40.698326 ], [ -73.960621, 40.69632 ], [ -73.960158, 40.694117 ], [ -73.959844, 40.69253 ], [ -73.959428, 40.690448 ], [ -73.960293, 40.690346 ], [ -73.960197, 40.689856 ], [ -73.960006, 40.688881 ], [ -73.959714, 40.687416 ], [ -73.959568, 40.686683 ], [ -73.959276, 40.685217 ], [ -73.959132, 40.684486 ], [ -73.958841, 40.683018 ], [ -73.959785, 40.682909 ], [ -73.961671, 40.682691 ], [ -73.961611, 40.682375 ], [ -73.961312, 40.680456 ], [ -73.964454, 40.681125 ], [ -73.967477, 40.681754 ], [ -73.968664, 40.682 ], [ -73.97064, 40.682414 ], [ -73.971742, 40.682646 ], [ -73.972324, 40.682768 ], [ -73.97378, 40.683061 ], [ -73.975929, 40.683505 ], [ -73.977457, 40.684052 ], [ -73.978026, 40.684864 ], [ -73.978337, 40.684395 ], [ -73.978743, 40.68376 ], [ -73.979605, 40.682489 ], [ -73.981993, 40.683418 ], [ -73.983953, 40.684182 ], [ -73.986119, 40.685024 ], [ -73.988289, 40.685869 ], [ -73.988712, 40.685224 ], [ -73.989129, 40.68459 ], [ -73.991332, 40.685448 ], [ -73.99393, 40.686453 ], [ -73.993604, 40.687127 ], [ -73.993338, 40.687679 ], [ -73.993269, 40.687825 ], [ -73.993005, 40.688364 ], [ -73.992364, 40.68969 ], [ -73.994361, 40.690239 ], [ -73.996233, 40.690758 ], [ -73.997793, 40.691188 ], [ -74.000315, 40.691875 ], [ -74.001744, 40.692407 ], [ -74.000959, 40.694069 ] ] ] } },
{ "type": "Feature", "properties": { "STATEFP20": "36", "PUMACE20": "04413", "AFFGEOID20": "795P200US3604413", "GEOID20": "3604413", "NAMELSAD20": "NYC-Queens Community District 13--Queens Village, Bellerose, & Rosedale PUMA", "STUSPS20": "NY", "ST_NAME20": "New York", "LSAD20": "P0", "ALAND20": 32683840, "AWATER20": 181138, "puma_geoid": "3604413", "display": "Queens Village, Bellerose, & Rosedale (Queens CD 13)", "place": "Queens Village, Bellerose, & Rosedale", "NAME": "NYC-Queens Community District 13--Queens Village, Bellerose, & Rosedale PUMA; New York", "total_housing_units": 68282, "occupied_units": 64701, "vacant_units": 3581, "vacancy_rate": 0.052444275211622302, "median_gross_rent": 1982, "median_gross_rent_display": "$1,982", "median_home_value": 643300, "median_home_value_display": "$643,300", "home_value_topcoded": false, "borough": "Queens", "district": "CD 13", "city": "NYC" }, "geometry": { "type": "Polygon", "coordinates": [ [ [ -73.801964, 40.665901 ], [ -73.80166, 40.666756 ], [ -73.799876, 40.66659 ], [ -73.799466, 40.66655 ], [ -73.799083, 40.666546 ], [ -73.798896, 40.666563 ], [ -73.798092, 40.666706 ], [ -73.797395, 40.66694 ], [ -73.797111, 40.666946 ], [ -73.793934, 40.667001 ], [ -73.79323, 40.667074 ], [ -73.792174, 40.66704 ], [ -73.78941, 40.666841 ], [ -73.78697, 40.667085 ], [ -73.78062, 40.667526 ], [ -73.779705, 40.66759 ], [ -73.776164, 40.667867 ], [ -73.773425, 40.668028 ], [ -73.771545, 40.667963 ], [ -73.766754, 40.667433 ], [ -73.76376, 40.667098 ], [ -73.761871, 40.666929 ], [ -73.759789, 40.666114 ], [ -73.757891, 40.665917 ], [ -73.757631, 40.666451 ], [ -73.757317, 40.66704 ], [ -73.756437, 40.669666 ], [ -73.756406, 40.670373 ], [ -73.756425, 40.670634 ], [ -73.756464, 40.671684 ], [ -73.756362, 40.672429 ], [ -73.758572, 40.672637 ], [ -73.758596, 40.672748 ], [ -73.758738, 40.672881 ], [ -73.760315, 40.67511 ], [ -73.759509, 40.675447 ], [ -73.758008, 40.676081 ], [ -73.756108, 40.675955 ], [ -73.755762, 40.675886 ], [ -73.755657, 40.676157 ], [ -73.755494, 40.67663 ], [ -73.755235, 40.677288 ], [ -73.754179, 40.678844 ], [ -73.753238, 40.680117 ], [ -73.751724, 40.682377 ], [ -73.75147, 40.683023 ], [ -73.75097, 40.684202 ], [ -73.750017, 40.685891 ], [ -73.749353, 40.686639 ], [ -73.74745, 40.689351 ], [ -73.74722, 40.689715 ], [ -73.746243, 40.691279 ], [ -73.74603, 40.69156 ], [ -73.745105, 40.692783 ], [ -73.744159, 40.69455 ], [ -73.743593, 40.696215 ], [ -73.745237, 40.696375 ], [ -73.74619, 40.696119 ], [ -73.746819, 40.697525 ], [ -73.74773, 40.699553 ], [ -73.748041, 40.700239 ], [ -73.748329, 40.700887 ], [ -73.748643, 40.701587 ], [ -73.74925, 40.702928 ], [ -73.749556, 40.703613 ], [ -73.750471, 40.70564 ], [ -73.751212, 40.707307 ], [ -73.751368, 40.707682 ], [ -73.751843, 40.708823 ], [ -73.75231, 40.709954 ], [ -73.75246, 40.710317 ], [ -73.753184, 40.712055 ], [ -73.753607, 40.713071 ], [ -73.753708, 40.713325 ], [ -73.754037, 40.71388 ], [ -73.754349, 40.71427 ], [ -73.754701, 40.71471 ], [ -73.755889, 40.716299 ], [ -73.757257, 40.718139 ], [ -73.758327, 40.719582 ], [ -73.75913, 40.720649 ], [ -73.759441, 40.721063 ], [ -73.756547, 40.723088 ], [ -73.755771, 40.72364 ], [ -73.754969, 40.72416 ], [ -73.755244, 40.724783 ], [ -73.756028, 40.725596 ], [ -73.75671, 40.726179 ], [ -73.75688, 40.726279 ], [ -73.756783, 40.726306 ], [ -73.754548, 40.727076 ], [ -73.752637, 40.727988 ], [ -73.750658, 40.729195 ], [ -73.747338, 40.732036 ], [ -73.746738, 40.732583 ], [ -73.743065, 40.735465 ], [ -73.741676, 40.736827 ], [ -73.740291, 40.738517 ], [ -73.73983, 40.739054 ], [ -73.738351, 40.74034 ], [ -73.733763, 40.742869 ], [ -73.732703, 40.743854 ], [ -73.732325, 40.743645 ], [ -73.730958, 40.744859 ], [ -73.729044, 40.747232 ], [ -73.728291, 40.747459 ], [ -73.728649, 40.748068 ], [ -73.727962, 40.750026 ], [ -73.725764, 40.752189 ], [ -73.723766, 40.753416 ], [ -73.722934, 40.754128 ], [ -73.722115, 40.755208 ], [ -73.721489, 40.756427 ], [ -73.720145, 40.757911 ], [ -73.718769, 40.758804 ], [ -73.716986, 40.759428 ], [ -73.713325, 40.75973 ], [ -73.707825, 40.756216 ], [ -73.705271, 40.75477 ], [ -73.701633, 40.752493 ], [ -73.701205, 40.748861 ], [ -73.700988, 40.746878 ], [ -73.700768, 40.745014 ], [ -73.700582, 40.743184 ], [ -73.70036, 40.741031 ], [ -73.700384, 40.73919 ], [ -73.700506, 40.739061 ], [ -73.701487, 40.737555 ], [ -73.702699, 40.735723 ], [ -73.70337, 40.734711 ], [ -73.704674, 40.732714 ], [ -73.705179, 40.73193 ], [ -73.707747, 40.72805 ], [ -73.707939, 40.727771 ], [ -73.70976, 40.727382 ], [ -73.710485, 40.72723 ], [ -73.712403, 40.726978 ], [ -73.715865, 40.726541 ], [ -73.716494, 40.726454 ], [ -73.720919, 40.725341 ], [ -73.721196, 40.725265 ], [ -73.724141, 40.724469 ], [ -73.724551, 40.72435 ], [ -73.72472, 40.724298 ], [ -73.725526, 40.724076 ], [ -73.728175, 40.723092 ], [ -73.729503, 40.722595 ], [ -73.730326, 40.722157 ], [ -73.729661, 40.720483 ], [ -73.729176, 40.719167 ], [ -73.728501, 40.716706 ], [ -73.726971, 40.710715 ], [ -73.727047, 40.709497 ], [ -73.726895, 40.7058 ], [ -73.726781, 40.703145 ], [ -73.726772, 40.702954 ], [ -73.726762, 40.702768 ], [ -73.726713, 40.701448 ], [ -73.726503, 40.696886 ], [ -73.726258, 40.690611 ], [ -73.7262, 40.688984 ], [ -73.725996, 40.686932 ], [ -73.725926, 40.686225 ], [ -73.725821, 40.68395 ], [ -73.725861, 40.683223 ], [ -73.72563, 40.679588 ], [ -73.725841, 40.678753 ], [ -73.726198, 40.677381 ], [ -73.726543, 40.676487 ], [ -73.727542, 40.67416 ], [ -73.728, 40.670112 ], [ -73.728264, 40.668073 ], [ -73.728222, 40.667314 ], [ -73.728272, 40.66644 ], [ -73.728224, 40.665965 ], [ -73.727954, 40.665344 ], [ -73.727763, 40.663985 ], [ -73.728153, 40.662454 ], [ -73.727592, 40.661094 ], [ -73.72681, 40.659795 ], [ -73.726211, 40.658479 ], [ -73.724787, 40.654001 ], [ -73.724874, 40.653447 ], [ -73.724984, 40.652678 ], [ -73.72853, 40.650973 ], [ -73.729739, 40.650558 ], [ -73.732208, 40.650091 ], [ -73.734388, 40.649821 ], [ -73.735135, 40.649732 ], [ -73.736735, 40.6491 ], [ -73.739045, 40.648201 ], [ -73.741437, 40.646889 ], [ -73.741428, 40.640502 ], [ -73.742283, 40.640121 ], [ -73.741534, 40.63923 ], [ -73.739471, 40.635706 ], [ -73.73996, 40.635144 ], [ -73.74258, 40.635648 ], [ -73.74127, 40.637257 ], [ -73.742361, 40.638093 ], [ -73.743941, 40.637541 ], [ -73.746022, 40.635212 ], [ -73.748001, 40.634631 ], [ -73.747, 40.637354 ], [ -73.746264, 40.640487 ], [ -73.74943, 40.644925 ], [ -73.752019, 40.646665 ], [ -73.751616, 40.647235 ], [ -73.764388, 40.654558 ], [ -73.767353, 40.65616 ], [ -73.77383, 40.659651 ], [ -73.777241, 40.660789 ], [ -73.780791, 40.662332 ], [ -73.785053, 40.663443 ], [ -73.791188, 40.664333 ], [ -73.79509, 40.66489 ], [ -73.802162, 40.66525 ], [ -73.801964, 40.665901 ] ] ] } },
{ "type": "Feature", "properties": { "STATEFP20": "36", "PUMACE20": "04503", "AFFGEOID20": "795P200US3604503", "GEOID20": "3604503", "NAMELSAD20": "NYC-Staten Island Community District 3--South Shore PUMA", "STUSPS20": "NY", "ST_NAME20": "New York", "LSAD20": "P0", "ALAND20": 57130664, "AWATER20": 19047784, "puma_geoid": "3604503", "display": "South Shore (Staten Island CD 3)", "place": "South Shore", "NAME": "NYC-Staten Island Community District 3--South Shore PUMA; New York", "total_housing_units": 61878, "occupied_units": 58413, "vacant_units": 3465, "vacancy_rate": 0.055997284980122103, "median_gross_rent": 1818, "median_gross_rent_display": "$1,818", "median_home_value": 693100, "median_home_value_display": "$693,100", "home_value_topcoded": false, "borough": "Staten Island", "district": "CD 3", "city": "NYC" }, "geometry": { "type": "Polygon", "coordinates": [ [ [ -74.255629, 40.507919 ], [ -74.255469647041906, 40.508175109114298 ], [ -74.253133273466403, 40.511930085327897 ], [ -74.253036694293399, 40.512085305580896 ], [ -74.252997894643002, 40.512147663658297 ], [ -74.251925, 40.513872 ], [ -74.250038380997793, 40.515019295205398 ], [ -74.244341, 40.518484 ], [ -74.242522, 40.518306 ], [ -74.241032955949095, 40.519137703548999 ], [ -74.240703, 40.519322 ], [ -74.240703597916095, 40.520044282617597 ], [ -74.240703745363803, 40.520222399474399 ], [ -74.240704, 40.52053 ], [ -74.241936308515093, 40.520892208436997 ], [ -74.242861, 40.521164 ], [ -74.2424289804745, 40.525032277575797 ], [ -74.241846839863499, 40.530244730575703 ], [ -74.241732, 40.531273 ], [ -74.2441961785606, 40.536189595900197 ], [ -74.245226767323402, 40.538245854552599 ], [ -74.247647324792993, 40.543075416468902 ], [ -74.247808, 40.543396 ], [ -74.235300976904497, 40.551078702831397 ], [ -74.228258, 40.555405 ], [ -74.218902, 40.554568 ], [ -74.217796463839406, 40.555007126467203 ], [ -74.217389277690501, 40.555168863569399 ], [ -74.213860488153102, 40.556570522726403 ], [ -74.212243, 40.557213 ], [ -74.212111516185502, 40.557637970595302 ], [ -74.208161751313696, 40.570404058460298 ], [ -74.207866923231407, 40.571356976247998 ], [ -74.205328288980894, 40.579562129960003 ], [ -74.205193065512006, 40.579999187542199 ], [ -74.204412, 40.58017 ], [ -74.200584, 40.579511 ], [ -74.198879, 40.579302 ], [ -74.193625, 40.57726 ], [ -74.191958, 40.576571 ], [ -74.191768, 40.576624 ], [ -74.190642, 40.576685 ], [ -74.190548, 40.576282 ], [ -74.190532, 40.576211 ], [ -74.189558, 40.57627 ], [ -74.189389, 40.572558 ], [ -74.184293, 40.572851 ], [ -74.179572, 40.571047 ], [ -74.177618, 40.563804 ], [ -74.176594, 40.563241 ], [ -74.174888, 40.562826 ], [ -74.173485, 40.562267 ], [ -74.172255, 40.561704 ], [ -74.171878, 40.561566 ], [ -74.169827, 40.561078 ], [ -74.165894, 40.560283 ], [ -74.164941, 40.560112 ], [ -74.162721, 40.560775 ], [ -74.160968, 40.56146 ], [ -74.156846, 40.5628 ], [ -74.155851, 40.563774 ], [ -74.154634, 40.56554 ], [ -74.152956, 40.566776 ], [ -74.1517, 40.567857 ], [ -74.150862, 40.568529 ], [ -74.150346, 40.568942 ], [ -74.149838, 40.569357 ], [ -74.147897, 40.570888 ], [ -74.147207, 40.570534 ], [ -74.144388, 40.569707 ], [ -74.143874, 40.570606 ], [ -74.144186, 40.572038 ], [ -74.138466, 40.57274 ], [ -74.137042, 40.572909 ], [ -74.136354, 40.572991 ], [ -74.133007, 40.573433 ], [ -74.129144, 40.57473 ], [ -74.127653, 40.575235 ], [ -74.127089, 40.576369 ], [ -74.124084, 40.575834 ], [ -74.123177, 40.57575 ], [ -74.12177, 40.575054 ], [ -74.121831, 40.574217 ], [ -74.1217, 40.573833 ], [ -74.121286, 40.572107 ], [ -74.122169, 40.57094 ], [ -74.123427, 40.569908 ], [ -74.124899, 40.568949 ], [ -74.123951, 40.568431 ], [ -74.123093, 40.567967 ], [ -74.12024, 40.566228 ], [ -74.116362, 40.563915 ], [ -74.11493, 40.565338 ], [ -74.113762, 40.566497 ], [ -74.11014, 40.564311 ], [ -74.107869, 40.563146 ], [ -74.107104, 40.562771 ], [ -74.106172, 40.562296 ], [ -74.105576, 40.56199 ], [ -74.104132, 40.561173 ], [ -74.101733, 40.559901 ], [ -74.100131369512795, 40.558851193603203 ], [ -74.102253777691601, 40.556943765166899 ], [ -74.104993, 40.554482 ], [ -74.107777984631994, 40.554281335168398 ], [ -74.108199, 40.554251 ], [ -74.109377950623994, 40.552705122262701 ], [ -74.11298, 40.547982 ], [ -74.113392107159498, 40.547979229329201 ], [ -74.116401, 40.547959 ], [ -74.122761, 40.543596 ], [ -74.135401, 40.530407 ], [ -74.137241, 40.530076 ], [ -74.140293, 40.533277 ], [ -74.13967, 40.535087 ], [ -74.134809, 40.535185 ], [ -74.134747906667101, 40.5352400222855 ], [ -74.128107, 40.541221 ], [ -74.12754, 40.542649 ], [ -74.129467, 40.545379 ], [ -74.132199, 40.546225 ], [ -74.135683, 40.546373 ], [ -74.138394, 40.545065 ], [ -74.140106677854106, 40.543493343320698 ], [ -74.141916, 40.541833 ], [ -74.142169, 40.537293 ], [ -74.146190190991504, 40.535565760487103 ], [ -74.146670110425404, 40.535359618622401 ], [ -74.148697, 40.534489 ], [ -74.149176296795403, 40.534170260103998 ], [ -74.149739329114396, 40.533795834769997 ], [ -74.149792675893906, 40.533760358323804 ], [ -74.156975, 40.528984 ], [ -74.160036376757404, 40.527598446423298 ], [ -74.160217764562901, 40.527516351815997 ], [ -74.169631, 40.523256 ], [ -74.172006, 40.523263 ], [ -74.1779760655335, 40.519609080292199 ], [ -74.177986, 40.519603 ], [ -74.181059, 40.520659 ], [ -74.183178839341906, 40.5199197360621 ], [ -74.1845, 40.519459 ], [ -74.193024181042702, 40.5117497581329 ], [ -74.194219939613902, 40.510668317934297 ], [ -74.194803, 40.510141 ], [ -74.196481, 40.509775 ], [ -74.197705093136904, 40.510751542921 ], [ -74.200783, 40.513207 ], [ -74.201144672784594, 40.513129237677497 ], [ -74.205073060737803, 40.512284605225801 ], [ -74.208899, 40.511462 ], [ -74.209400288443604, 40.5109434121905 ], [ -74.211449, 40.508824 ], [ -74.219787, 40.502603 ], [ -74.221909068509802, 40.502397307787298 ], [ -74.226294434104105, 40.501972234068802 ], [ -74.228287513446602, 40.501779044783 ], [ -74.232474895920006, 40.501373161578897 ], [ -74.23324, 40.501299 ], [ -74.2363634092155, 40.500092186028802 ], [ -74.239539177843099, 40.4988651415769 ], [ -74.246688, 40.496103 ], [ -74.250188, 40.496703 ], [ -74.252372246056794, 40.499482949526801 ], [ -74.254252274447893, 40.501875712933803 ], [ -74.254588, 40.502303 ], [ -74.254670623034897, 40.502748735796203 ], [ -74.255594215735002, 40.507731345405801 ], [ -74.255629, 40.507919 ] ] ] } },
{ "type": "Feature", "properties": { "STATEFP20": "36", "PUMACE20": "04305", "AFFGEOID20": "795P200US3604305", "GEOID20": "3604305", "NAMELSAD20": "NYC-Brooklyn Community District 5--East New York & Cypress Hills PUMA", "STUSPS20": "NY", "ST_NAME20": "New York", "LSAD20": "P0", "ALAND20": 15551449, "AWATER20": 27109, "puma_geoid": "3604305", "display": "East New York & Cypress Hills (Brooklyn CD 5)", "place": "East New York & Cypress Hills", "NAME": "NYC-Brooklyn Community District 5--East New York & Cypress Hills PUMA; New York", "total_housing_units": 77569, "occupied_units": 72184, "vacant_units": 5385, "vacancy_rate": 0.069422062937513698, "median_gross_rent": 1429, "median_gross_rent_display": "$1,429", "median_home_value": 632500, "median_home_value_display": "$632,500", "home_value_topcoded": false, "borough": "Brooklyn", "district": "CD 5", "city": "NYC" }, "geometry": { "type": "Polygon", "coordinates": [ [ [ -73.909449, 40.651522 ], [ -73.908558, 40.652096 ], [ -73.9074, 40.652844 ], [ -73.907816, 40.654435 ], [ -73.907856, 40.654589 ], [ -73.906916, 40.654732 ], [ -73.903173, 40.655301 ], [ -73.900303, 40.657263 ], [ -73.899967, 40.657285 ], [ -73.899041, 40.657372 ], [ -73.898807, 40.657407 ], [ -73.899217, 40.659112 ], [ -73.899652, 40.660735 ], [ -73.900661, 40.660587 ], [ -73.901053, 40.662125 ], [ -73.901451, 40.663659 ], [ -73.900417, 40.663806 ], [ -73.900851, 40.665346 ], [ -73.901668, 40.668413 ], [ -73.901982, 40.66967 ], [ -73.902289, 40.670936 ], [ -73.90266, 40.672197 ], [ -73.903475, 40.675507 ], [ -73.902535, 40.675884 ], [ -73.900792, 40.676572 ], [ -73.89999, 40.6769 ], [ -73.900627, 40.677265 ], [ -73.903466, 40.678897 ], [ -73.904046, 40.67922 ], [ -73.902622, 40.680664 ], [ -73.900283, 40.679442 ], [ -73.897769, 40.679926 ], [ -73.897494, 40.680074 ], [ -73.896615, 40.682008 ], [ -73.896518, 40.682397 ], [ -73.896331, 40.68283 ], [ -73.894942, 40.684548 ], [ -73.8942, 40.685309 ], [ -73.892523, 40.683424 ], [ -73.89166, 40.684044 ], [ -73.89014, 40.685005 ], [ -73.889607, 40.684214 ], [ -73.884517, 40.686691 ], [ -73.883777, 40.687863 ], [ -73.879616, 40.691106 ], [ -73.874021, 40.694191 ], [ -73.868917, 40.69515 ], [ -73.868717, 40.694622 ], [ -73.868672, 40.693855 ], [ -73.868059, 40.691184 ], [ -73.867768, 40.689803 ], [ -73.867461, 40.688415 ], [ -73.867277, 40.687745 ], [ -73.867018, 40.68683 ], [ -73.866598, 40.68527 ], [ -73.866295, 40.683189 ], [ -73.866027, 40.681918 ], [ -73.864101, 40.682373 ], [ -73.863787, 40.681114 ], [ -73.863349, 40.679352 ], [ -73.862346, 40.679165 ], [ -73.862028, 40.677886 ], [ -73.861712, 40.676611 ], [ -73.861318, 40.675021 ], [ -73.861064, 40.674343 ], [ -73.861077, 40.674021 ], [ -73.860389, 40.671269 ], [ -73.857633, 40.671656 ], [ -73.857282, 40.670312 ], [ -73.856847, 40.668603 ], [ -73.856425, 40.667033 ], [ -73.856063, 40.665511 ], [ -73.855685, 40.663867 ], [ -73.85843, 40.663453 ], [ -73.858025, 40.661721 ], [ -73.857615, 40.660119 ], [ -73.86036, 40.659646 ], [ -73.863171, 40.658277 ], [ -73.860676, 40.654868 ], [ -73.860483, 40.654659 ], [ -73.870893, 40.648807 ], [ -73.873384, 40.646821 ], [ -73.874892, 40.645095 ], [ -73.876082, 40.643293 ], [ -73.877848, 40.639904 ], [ -73.878497, 40.638575 ], [ -73.878814, 40.637942 ], [ -73.880739, 40.639613 ], [ -73.889587, 40.648111 ], [ -73.891252, 40.650026 ], [ -73.889994, 40.651138 ], [ -73.891366, 40.652365 ], [ -73.893547, 40.655202 ], [ -73.895206, 40.654488 ], [ -73.896992, 40.653719 ], [ -73.89761, 40.653454 ], [ -73.895861, 40.651881 ], [ -73.897943, 40.650515 ], [ -73.900892, 40.648641 ], [ -73.902355, 40.647689 ], [ -73.903982, 40.646629 ], [ -73.9058, 40.648265 ], [ -73.907615, 40.649896 ], [ -73.908681, 40.650717 ], [ -73.909449, 40.651522 ] ] ] } },
{ "type": "Feature", "properties": { "STATEFP20": "36", "PUMACE20": "04209", "AFFGEOID20": "795P200US3604209", "GEOID20": "3604209", "NAMELSAD20": "NYC-Bronx Community District 9--Soundview & Parkchester PUMA", "STUSPS20": "NY", "ST_NAME20": "New York", "LSAD20": "P0", "ALAND20": 10330661, "AWATER20": 2995315, "puma_geoid": "3604209", "display": "Soundview & Parkchester (Bronx CD 9)", "place": "Soundview & Parkchester", "NAME": "NYC-Bronx Community District 9--Soundview & Parkchester PUMA; New York", "total_housing_units": 67133, "occupied_units": 62966, "vacant_units": 4167, "vacancy_rate": 0.062070814651512603, "median_gross_rent": 1464, "median_gross_rent_display": "$1,464", "median_home_value": 547800, "median_home_value_display": "$547,800", "home_value_topcoded": false, "borough": "Bronx", "district": "CD 9", "city": "NYC" }, "geometry": { "type": "Polygon", "coordinates": [ [ [ -73.884531, 40.825647 ], [ -73.883832, 40.828271 ], [ -73.883887, 40.829809 ], [ -73.882354, 40.831505 ], [ -73.879983, 40.83468 ], [ -73.879252, 40.834424 ], [ -73.877968, 40.835615 ], [ -73.876937, 40.836137 ], [ -73.875887, 40.836164 ], [ -73.875207, 40.836109 ], [ -73.873943, 40.83598 ], [ -73.873843, 40.836327 ], [ -73.873824, 40.836399 ], [ -73.873659, 40.836905 ], [ -73.873229, 40.838156 ], [ -73.872843, 40.839758 ], [ -73.871206, 40.839675 ], [ -73.870261, 40.839594 ], [ -73.869426, 40.839517 ], [ -73.869208, 40.8396 ], [ -73.867406, 40.840305 ], [ -73.867248, 40.840344 ], [ -73.866361, 40.840592 ], [ -73.864465, 40.841088 ], [ -73.86358, 40.841278 ], [ -73.861762, 40.841513 ], [ -73.856916, 40.842062 ], [ -73.855465, 40.842227 ], [ -73.853335, 40.84247 ], [ -73.853268, 40.842075 ], [ -73.853095, 40.841047 ], [ -73.853035, 40.840735 ], [ -73.852914, 40.840086 ], [ -73.852331, 40.83701 ], [ -73.852207, 40.836347 ], [ -73.85207, 40.835625 ], [ -73.851684, 40.834201 ], [ -73.850166, 40.834355 ], [ -73.849559, 40.834409 ], [ -73.848486, 40.834525 ], [ -73.848314, 40.833781 ], [ -73.848147, 40.83306 ], [ -73.847979, 40.832339 ], [ -73.847812, 40.831622 ], [ -73.847318, 40.829533 ], [ -73.847261, 40.829313 ], [ -73.845255, 40.828463 ], [ -73.843917, 40.828447 ], [ -73.843142, 40.828579 ], [ -73.842812, 40.828637 ], [ -73.842385, 40.828688 ], [ -73.841446, 40.828793 ], [ -73.837017, 40.829053 ], [ -73.836838, 40.828464 ], [ -73.83602, 40.82376 ], [ -73.83645, 40.81784 ], [ -73.836961, 40.816341 ], [ -73.83998, 40.816391 ], [ -73.840426, 40.811873 ], [ -73.837984, 40.806226 ], [ -73.834499, 40.805015 ], [ -73.831833, 40.804939 ], [ -73.830676, 40.803108 ], [ -73.831706, 40.802894 ], [ -73.835409, 40.802199 ], [ -73.844076, 40.801023 ], [ -73.846654, 40.801024 ], [ -73.853072, 40.800113 ], [ -73.854632, 40.799724 ], [ -73.862965, 40.79767 ], [ -73.866484, 40.805901 ], [ -73.871303, 40.813954 ], [ -73.876899, 40.815799 ], [ -73.87797, 40.816152 ], [ -73.880981, 40.818238 ], [ -73.882639, 40.819648 ], [ -73.883788, 40.821933 ], [ -73.884328, 40.822614 ], [ -73.884411, 40.82297 ], [ -73.884531, 40.825647 ] ] ] } },
{ "type": "Feature", "properties": { "STATEFP20": "36", "PUMACE20": "04406", "AFFGEOID20": "795P200US3604406", "GEOID20": "3604406", "NAMELSAD20": "NYC-Queens Community District 6--Forest Hills & Rego Park PUMA", "STUSPS20": "NY", "ST_NAME20": "New York", "LSAD20": "P0", "ALAND20": 7257383, "AWATER20": 0, "puma_geoid": "3604406", "display": "Forest Hills & Rego Park (Queens CD 6)", "place": "Forest Hills & Rego Park", "NAME": "NYC-Queens Community District 6--Forest Hills & Rego Park PUMA; New York", "total_housing_units": 56642, "occupied_units": 52706, "vacant_units": 3936, "vacancy_rate": 0.069489071713569397, "median_gross_rent": 2074, "median_gross_rent_display": "$2,074", "median_home_value": 539000, "median_home_value_display": "$539,000", "home_value_topcoded": false, "borough": "Queens", "district": "CD 6", "city": "NYC" }, "geometry": { "type": "Polygon", "coordinates": [ [ [ -73.874996, 40.730788 ], [ -73.871211, 40.732096 ], [ -73.869037, 40.732849 ], [ -73.864577, 40.734194 ], [ -73.864618, 40.734271 ], [ -73.86284, 40.734799 ], [ -73.861064, 40.735314 ], [ -73.858866, 40.735939 ], [ -73.858771, 40.735785 ], [ -73.855085, 40.736801 ], [ -73.854181, 40.736954 ], [ -73.851914, 40.737426 ], [ -73.849582, 40.738186 ], [ -73.847558, 40.739064 ], [ -73.847325, 40.738771 ], [ -73.847214, 40.738644 ], [ -73.846055, 40.737099 ], [ -73.845909, 40.7364 ], [ -73.845426, 40.73495 ], [ -73.844957, 40.733987 ], [ -73.844347, 40.732979 ], [ -73.843505, 40.731814 ], [ -73.842814, 40.731153 ], [ -73.841468, 40.729998 ], [ -73.840327, 40.728807 ], [ -73.839854, 40.728178 ], [ -73.838715, 40.726221 ], [ -73.838362, 40.725562 ], [ -73.836524, 40.722371 ], [ -73.836038, 40.72177 ], [ -73.835963, 40.721677 ], [ -73.834959, 40.719412 ], [ -73.833481, 40.718333 ], [ -73.829796, 40.715566 ], [ -73.831385, 40.714529 ], [ -73.830982, 40.71431 ], [ -73.833634, 40.712989 ], [ -73.834234, 40.712658 ], [ -73.835014, 40.712221 ], [ -73.835977, 40.711706 ], [ -73.836115, 40.711825 ], [ -73.837037, 40.711312 ], [ -73.840692, 40.710153 ], [ -73.843016, 40.709176 ], [ -73.84568, 40.70848 ], [ -73.850533, 40.708067 ], [ -73.851099, 40.707901 ], [ -73.852766, 40.707442 ], [ -73.854746, 40.706767 ], [ -73.85594, 40.706395 ], [ -73.856677, 40.707692 ], [ -73.857143, 40.710991 ], [ -73.857298, 40.711465 ], [ -73.858187, 40.7116 ], [ -73.859759, 40.711845 ], [ -73.859654, 40.71338 ], [ -73.859632, 40.713598 ], [ -73.860038, 40.714932 ], [ -73.861224, 40.716037 ], [ -73.861834, 40.716593 ], [ -73.863018, 40.717708 ], [ -73.864123, 40.718845 ], [ -73.865476, 40.720281 ], [ -73.867285, 40.722257 ], [ -73.868768, 40.723821 ], [ -73.869293, 40.724436 ], [ -73.869699, 40.725146 ], [ -73.870211, 40.726187 ], [ -73.870632, 40.727059 ], [ -73.870694, 40.727207 ], [ -73.871018, 40.727979 ], [ -73.871133, 40.728372 ], [ -73.871429, 40.729248 ], [ -73.875237, 40.730724 ], [ -73.874996, 40.730788 ] ] ] } },
{ "type": "Feature", "properties": { "STATEFP20": "36", "PUMACE20": "04502", "AFFGEOID20": "795P200US3604502", "GEOID20": "3604502", "NAMELSAD20": "NYC-Staten Island Community District 2--Mid-Island PUMA", "STUSPS20": "NY", "ST_NAME20": "New York", "LSAD20": "P0", "ALAND20": 56437105, "AWATER20": 89209065, "puma_geoid": "3604502", "display": "Mid-Island (Staten Island CD 2)", "place": "Mid-Island", "NAME": "NYC-Staten Island Community District 2--Mid-Island PUMA; New York", "total_housing_units": 51727, "occupied_units": 48535, "vacant_units": 3192, "vacancy_rate": 0.061708585458271299, "median_gross_rent": 1721, "median_gross_rent_display": "$1,721", "median_home_value": 684700, "median_home_value_display": "$684,700", "home_value_topcoded": false, "borough": "Staten Island", "district": "CD 2", "city": "NYC" }, "geometry": { "type": "Polygon", "coordinates": [ [ [ -74.205137101254095, 40.580180070368797 ], [ -74.204975, 40.580704 ], [ -74.20371, 40.584965 ], [ -74.203721485911402, 40.585110944531301 ], [ -74.204054, 40.589336 ], [ -74.19682, 40.597037 ], [ -74.195407, 40.601806 ], [ -74.195417778224396, 40.602030684524202 ], [ -74.196096, 40.616169 ], [ -74.200523505646402, 40.616835204912498 ], [ -74.200994, 40.616906 ], [ -74.201812, 40.619507 ], [ -74.201495790244493, 40.622571821989602 ], [ -74.20058, 40.631448 ], [ -74.198668961037995, 40.633109928014498 ], [ -74.196190765716295, 40.635265081474301 ], [ -74.192314, 40.633249 ], [ -74.186531, 40.63021 ], [ -74.18642, 40.630294 ], [ -74.178845, 40.626106 ], [ -74.17767, 40.625066 ], [ -74.174108, 40.62226 ], [ -74.168725, 40.621209 ], [ -74.160501, 40.617416 ], [ -74.157312, 40.615155 ], [ -74.153689, 40.612322 ], [ -74.149969, 40.60954 ], [ -74.148381, 40.608649 ], [ -74.147209, 40.608259 ], [ -74.143992, 40.607741 ], [ -74.140901, 40.607787 ], [ -74.139831, 40.607825 ], [ -74.1364, 40.608023 ], [ -74.132123, 40.608275 ], [ -74.12879, 40.608487 ], [ -74.127323, 40.608661 ], [ -74.125845, 40.608862 ], [ -74.121384, 40.609899 ], [ -74.121339, 40.609684 ], [ -74.116764, 40.61087 ], [ -74.115014, 40.61108 ], [ -74.110535, 40.610254 ], [ -74.105349, 40.610215 ], [ -74.097658, 40.610503 ], [ -74.094473, 40.610329 ], [ -74.090568, 40.609002 ], [ -74.088888, 40.60823 ], [ -74.085559, 40.606906 ], [ -74.082909, 40.606307 ], [ -74.081644, 40.606178 ], [ -74.077867, 40.606066 ], [ -74.07659, 40.606005 ], [ -74.073085, 40.605374 ], [ -74.068928, 40.603826 ], [ -74.066265, 40.602838 ], [ -74.063769, 40.602127 ], [ -74.064761, 40.603663 ], [ -74.065163, 40.604201 ], [ -74.06043, 40.606354 ], [ -74.058011, 40.607369 ], [ -74.056887905417, 40.608014722434199 ], [ -74.056747220045395, 40.607852583517698 ], [ -74.055569482489602, 40.6064952491407 ], [ -74.053150838791296, 40.603707779028099 ], [ -74.053125, 40.603678 ], [ -74.053267602142895, 40.6022956525455 ], [ -74.053556, 40.5995 ], [ -74.059725523440605, 40.594118359423 ], [ -74.060948, 40.593052 ], [ -74.063451980917804, 40.590603135548697 ], [ -74.065021309922102, 40.589068349886603 ], [ -74.068512116405998, 40.5856543814158 ], [ -74.069514477853502, 40.584674083483499 ], [ -74.072297636673198, 40.5819521862649 ], [ -74.076031, 40.578301 ], [ -74.076244757441998, 40.578137274721698 ], [ -74.076538590593699, 40.577912216290699 ], [ -74.084742879538695, 40.571628226933498 ], [ -74.084846696226407, 40.571548709626803 ], [ -74.087623832797505, 40.5694215908998 ], [ -74.091183612013197, 40.566695015220198 ], [ -74.092672, 40.565555 ], [ -74.095242807756605, 40.563244590594202 ], [ -74.099313354780094, 40.559586351231196 ], [ -74.100045430723299, 40.558928427611498 ], [ -74.100131369512795, 40.558851193603203 ], [ -74.101733, 40.559901 ], [ -74.104132, 40.561173 ], [ -74.105576, 40.56199 ], [ -74.106172, 40.562296 ], [ -74.107104, 40.562771 ], [ -74.107869, 40.563146 ], [ -74.11014, 40.564311 ], [ -74.113762, 40.566497 ], [ -74.11493, 40.565338 ], [ -74.116362, 40.563915 ], [ -74.12024, 40.566228 ], [ -74.123093, 40.567967 ], [ -74.123951, 40.568431 ], [ -74.124899, 40.568949 ], [ -74.123427, 40.569908 ], [ -74.122169, 40.57094 ], [ -74.121286, 40.572107 ], [ -74.1217, 40.573833 ], [ -74.121831, 40.574217 ], [ -74.12177, 40.575054 ], [ -74.123177, 40.57575 ], [ -74.124084, 40.575834 ], [ -74.127089, 40.576369 ], [ -74.127653, 40.575235 ], [ -74.129144, 40.57473 ], [ -74.133007, 40.573433 ], [ -74.136354, 40.572991 ], [ -74.137042, 40.572909 ], [ -74.138466, 40.57274 ], [ -74.144186, 40.572038 ], [ -74.143874, 40.570606 ], [ -74.144388, 40.569707 ], [ -74.147207, 40.570534 ], [ -74.147897, 40.570888 ], [ -74.149838, 40.569357 ], [ -74.150346, 40.568942 ], [ -74.150862, 40.568529 ], [ -74.1517, 40.567857 ], [ -74.152956, 40.566776 ], [ -74.154634, 40.56554 ], [ -74.155851, 40.563774 ], [ -74.156846, 40.5628 ], [ -74.160968, 40.56146 ], [ -74.162721, 40.560775 ], [ -74.164941, 40.560112 ], [ -74.165894, 40.560283 ], [ -74.169827, 40.561078 ], [ -74.171878, 40.561566 ], [ -74.172255, 40.561704 ], [ -74.173485, 40.562267 ], [ -74.174888, 40.562826 ], [ -74.176594, 40.563241 ], [ -74.177618, 40.563804 ], [ -74.179572, 40.571047 ], [ -74.184293, 40.572851 ], [ -74.189389, 40.572558 ], [ -74.189558, 40.57627 ], [ -74.190532, 40.576211 ], [ -74.190548, 40.576282 ], [ -74.190642, 40.576685 ], [ -74.191768, 40.576624 ], [ -74.191958, 40.576571 ], [ -74.193625, 40.57726 ], [ -74.198879, 40.579302 ], [ -74.200584, 40.579511 ], [ -74.204412, 40.58017 ], [ -74.205193065512006, 40.579999187542199 ], [ -74.205137101254095, 40.580180070368797 ] ] ] } },
{ "type": "Feature", "properties": { "STATEFP20": "36", "PUMACE20": "04412", "AFFGEOID20": "795P200US3604412", "GEOID20": "3604412", "NAMELSAD20": "NYC-Queens Community District 12--Jamaica, St. Albans, & Hollis PUMA", "STUSPS20": "NY", "ST_NAME20": "New York", "LSAD20": "P0", "ALAND20": 24597104, "AWATER20": 106288, "puma_geoid": "3604412", "display": "Jamaica, St. Albans, & Hollis (Queens CD 12)", "place": "Jamaica, St. Albans, & Hollis", "NAME": "NYC-Queens Community District 12--Jamaica, St. Albans, & Hollis PUMA; New York", "total_housing_units": 83881, "occupied_units": 79053, "vacant_units": 4828, "vacancy_rate": 0.057557730594532702, "median_gross_rent": 1665, "median_gross_rent_display": "$1,665", "median_home_value": 621500, "median_home_value_display": "$621,500", "home_value_topcoded": false, "borough": "Queens", "district": "CD 12", "city": "NYC" }, "geometry": { "type": "Polygon", "coordinates": [ [ [ -73.816477, 40.70245 ], [ -73.814294, 40.702531 ], [ -73.813018, 40.702495 ], [ -73.811905, 40.702337 ], [ -73.811529, 40.702273 ], [ -73.811632, 40.703052 ], [ -73.811773, 40.704181 ], [ -73.811802, 40.704366 ], [ -73.811904, 40.705124 ], [ -73.812012, 40.705945 ], [ -73.809348, 40.706685 ], [ -73.806949, 40.707367 ], [ -73.807622, 40.708731 ], [ -73.808046, 40.709357 ], [ -73.807179, 40.709603 ], [ -73.805482, 40.710089 ], [ -73.805012, 40.709473 ], [ -73.804841, 40.709338 ], [ -73.80367, 40.708743 ], [ -73.803024, 40.70814 ], [ -73.801933, 40.708912 ], [ -73.801069, 40.709818 ], [ -73.798701, 40.710663 ], [ -73.797768, 40.709143 ], [ -73.797314, 40.70927 ], [ -73.795617, 40.709753 ], [ -73.794731, 40.710012 ], [ -73.793038, 40.710711 ], [ -73.792029, 40.711069 ], [ -73.791014, 40.711433 ], [ -73.790215, 40.711717 ], [ -73.789012, 40.712073 ], [ -73.787847, 40.711811 ], [ -73.786575, 40.711972 ], [ -73.785353, 40.712284 ], [ -73.783561, 40.712711 ], [ -73.782366, 40.713003 ], [ -73.781783, 40.71314 ], [ -73.780589, 40.713428 ], [ -73.779651, 40.713654 ], [ -73.77887, 40.713849 ], [ -73.778001, 40.714051 ], [ -73.777306, 40.714209 ], [ -73.777123, 40.714262 ], [ -73.776186, 40.714486 ], [ -73.775715, 40.714598 ], [ -73.775299, 40.714696 ], [ -73.774442, 40.714905 ], [ -73.773571, 40.71512 ], [ -73.771921, 40.715685 ], [ -73.767332, 40.71729 ], [ -73.766641, 40.717647 ], [ -73.765398, 40.718356 ], [ -73.765242, 40.718446 ], [ -73.764469, 40.71889 ], [ -73.761967, 40.72 ], [ -73.761138, 40.720329 ], [ -73.759441, 40.721063 ], [ -73.75913, 40.720649 ], [ -73.758327, 40.719582 ], [ -73.757257, 40.718139 ], [ -73.755889, 40.716299 ], [ -73.754701, 40.71471 ], [ -73.754349, 40.71427 ], [ -73.754037, 40.71388 ], [ -73.753708, 40.713325 ], [ -73.753607, 40.713071 ], [ -73.753184, 40.712055 ], [ -73.75246, 40.710317 ], [ -73.75231, 40.709954 ], [ -73.751843, 40.708823 ], [ -73.751368, 40.707682 ], [ -73.751212, 40.707307 ], [ -73.750471, 40.70564 ], [ -73.749556, 40.703613 ], [ -73.74925, 40.702928 ], [ -73.748643, 40.701587 ], [ -73.748329, 40.700887 ], [ -73.748041, 40.700239 ], [ -73.74773, 40.699553 ], [ -73.746819, 40.697525 ], [ -73.74619, 40.696119 ], [ -73.745237, 40.696375 ], [ -73.743593, 40.696215 ], [ -73.744159, 40.69455 ], [ -73.745105, 40.692783 ], [ -73.74603, 40.69156 ], [ -73.746243, 40.691279 ], [ -73.74722, 40.689715 ], [ -73.74745, 40.689351 ], [ -73.749353, 40.686639 ], [ -73.750017, 40.685891 ], [ -73.75097, 40.684202 ], [ -73.75147, 40.683023 ], [ -73.751724, 40.682377 ], [ -73.753238, 40.680117 ], [ -73.754179, 40.678844 ], [ -73.755235, 40.677288 ], [ -73.755494, 40.67663 ], [ -73.755657, 40.676157 ], [ -73.755762, 40.675886 ], [ -73.756108, 40.675955 ], [ -73.758008, 40.676081 ], [ -73.759509, 40.675447 ], [ -73.760315, 40.67511 ], [ -73.758738, 40.672881 ], [ -73.758596, 40.672748 ], [ -73.758572, 40.672637 ], [ -73.756362, 40.672429 ], [ -73.756464, 40.671684 ], [ -73.756425, 40.670634 ], [ -73.756406, 40.670373 ], [ -73.756437, 40.669666 ], [ -73.757317, 40.66704 ], [ -73.757631, 40.666451 ], [ -73.757891, 40.665917 ], [ -73.759789, 40.666114 ], [ -73.761871, 40.666929 ], [ -73.76376, 40.667098 ], [ -73.766754, 40.667433 ], [ -73.771545, 40.667963 ], [ -73.773425, 40.668028 ], [ -73.776164, 40.667867 ], [ -73.779705, 40.66759 ], [ -73.78062, 40.667526 ], [ -73.78697, 40.667085 ], [ -73.78941, 40.666841 ], [ -73.792174, 40.66704 ], [ -73.79323, 40.667074 ], [ -73.793934, 40.667001 ], [ -73.797111, 40.666946 ], [ -73.797395, 40.66694 ], [ -73.798092, 40.666706 ], [ -73.798896, 40.666563 ], [ -73.799083, 40.666546 ], [ -73.799466, 40.66655 ], [ -73.799876, 40.66659 ], [ -73.80166, 40.666756 ], [ -73.801221, 40.669108 ], [ -73.801255, 40.67126 ], [ -73.801393, 40.673117 ], [ -73.801793, 40.674394 ], [ -73.803356, 40.677644 ], [ -73.804235, 40.679416 ], [ -73.805031, 40.681146 ], [ -73.805891, 40.682897 ], [ -73.806748, 40.684683 ], [ -73.808017, 40.68706 ], [ -73.809088, 40.688929 ], [ -73.810749, 40.691917 ], [ -73.811897, 40.693962 ], [ -73.813719, 40.697153 ], [ -73.814201, 40.697911 ], [ -73.814429, 40.698335 ], [ -73.816477, 40.70245 ] ] ] } },
{ "type": "Feature", "properties": { "STATEFP20": "36", "PUMACE20": "04111", "AFFGEOID20": "795P200US3604111", "GEOID20": "3604111", "NAMELSAD20": "NYC-Manhattan Community District 11--East Harlem PUMA", "STUSPS20": "NY", "ST_NAME20": "New York", "LSAD20": "P0", "ALAND20": 6161677, "AWATER20": 2263223, "puma_geoid": "3604111", "display": "East Harlem (Manhattan CD 11)", "place": "East Harlem", "NAME": "NYC-Manhattan Community District 11--East Harlem PUMA; New York", "total_housing_units": 59665, "occupied_units": 53755, "vacant_units": 5910, "vacancy_rate": 0.099053046174474094, "median_gross_rent": 1229, "median_gross_rent_display": "$1,229", "median_home_value": 702700, "median_home_value_display": "$702,700", "home_value_topcoded": false, "borough": "Manhattan", "district": "CD 11", "city": "NYC" }, "geometry": { "type": "Polygon", "coordinates": [ [ [ -73.955275, 40.788584 ], [ -73.954817, 40.789205 ], [ -73.952984, 40.791722 ], [ -73.952073, 40.792967 ], [ -73.951111, 40.794285 ], [ -73.950613, 40.794965 ], [ -73.950158, 40.795588 ], [ -73.949405, 40.796631 ], [ -73.94922, 40.79691 ], [ -73.948792, 40.797478 ], [ -73.948311, 40.798129 ], [ -73.946974, 40.799961 ], [ -73.946462, 40.800665 ], [ -73.945968, 40.801342 ], [ -73.945508, 40.801971 ], [ -73.945052, 40.802599 ], [ -73.944667, 40.80313 ], [ -73.944597, 40.803228 ], [ -73.946131, 40.803877 ], [ -73.945693, 40.804515 ], [ -73.944783, 40.805761 ], [ -73.944302, 40.806391 ], [ -73.942754, 40.805744 ], [ -73.941771, 40.807089 ], [ -73.940861, 40.808334 ], [ -73.940404, 40.808958 ], [ -73.939949, 40.809582 ], [ -73.939018, 40.810856 ], [ -73.938593, 40.811435 ], [ -73.937635, 40.812748 ], [ -73.936688, 40.814044 ], [ -73.93621, 40.814674 ], [ -73.935756, 40.815326 ], [ -73.934454, 40.817189 ], [ -73.933982, 40.817704 ], [ -73.934436, 40.819152 ], [ -73.934475, 40.819697 ], [ -73.934313, 40.81963 ], [ -73.933823, 40.819491 ], [ -73.932327, 40.819503 ], [ -73.932401, 40.814151 ], [ -73.932605, 40.811517 ], [ -73.932477, 40.808864 ], [ -73.931801, 40.807876 ], [ -73.928225, 40.80385 ], [ -73.92725, 40.802558 ], [ -73.925081, 40.802521 ], [ -73.923022, 40.802425 ], [ -73.918901, 40.798903 ], [ -73.913624, 40.796786 ], [ -73.912456, 40.796096 ], [ -73.910673, 40.793116 ], [ -73.910296, 40.790657 ], [ -73.912069, 40.789339 ], [ -73.915344, 40.786116 ], [ -73.917171, 40.784193 ], [ -73.91909, 40.783368 ], [ -73.919965, 40.782635 ], [ -73.920999, 40.781749 ], [ -73.924816, 40.778758 ], [ -73.925745, 40.778405 ], [ -73.926318, 40.778242 ], [ -73.928277, 40.776899 ], [ -73.929881, 40.776222 ], [ -73.931847, 40.777892 ], [ -73.933908, 40.778117 ], [ -73.934412, 40.778093 ], [ -73.937608, 40.781754 ], [ -73.943604, 40.78265 ], [ -73.944054, 40.782964 ], [ -73.944723, 40.783247 ], [ -73.947069, 40.784236 ], [ -73.948925, 40.785021 ], [ -73.949332, 40.785194 ], [ -73.950174, 40.785549 ], [ -73.950927, 40.785866 ], [ -73.951288, 40.786018 ], [ -73.952551, 40.786549 ], [ -73.954163, 40.787227 ], [ -73.955778, 40.787914 ], [ -73.955275, 40.788584 ] ] ] } },
{ "type": "Feature", "properties": { "STATEFP20": "36", "PUMACE20": "04303", "AFFGEOID20": "795P200US3604303", "GEOID20": "3604303", "NAMELSAD20": "NYC-Brooklyn Community District 3--Bedford-Stuyvesant PUMA", "STUSPS20": "NY", "ST_NAME20": "New York", "LSAD20": "P0", "ALAND20": 7262622, "AWATER20": 0, "puma_geoid": "3604303", "display": "Bedford-Stuyvesant (Brooklyn CD 3)", "place": "Bedford-Stuyvesant", "NAME": "NYC-Brooklyn Community District 3--Bedford-Stuyvesant PUMA; New York", "total_housing_units": 74972, "occupied_units": 70270, "vacant_units": 4702, "vacancy_rate": 0.062716747585765301, "median_gross_rent": 1957, "median_gross_rent_display": "$1,957", "median_home_value": 1211900, "median_home_value_display": "$1,211,900", "home_value_topcoded": false, "borough": "Brooklyn", "district": "CD 3", "city": "NYC" }, "geometry": { "type": "Polygon", "coordinates": [ [ [ -73.961671, 40.682691 ], [ -73.959785, 40.682909 ], [ -73.958841, 40.683018 ], [ -73.959132, 40.684486 ], [ -73.959276, 40.685217 ], [ -73.959568, 40.686683 ], [ -73.959714, 40.687416 ], [ -73.960006, 40.688881 ], [ -73.960197, 40.689856 ], [ -73.960293, 40.690346 ], [ -73.959428, 40.690448 ], [ -73.959844, 40.69253 ], [ -73.960158, 40.694117 ], [ -73.960621, 40.69632 ], [ -73.961051, 40.698326 ], [ -73.958858, 40.698677 ], [ -73.957434, 40.698905 ], [ -73.95702, 40.698974 ], [ -73.956645, 40.699019 ], [ -73.956075, 40.69909 ], [ -73.95337, 40.699405 ], [ -73.950091, 40.699791 ], [ -73.947128, 40.700123 ], [ -73.944388, 40.700425 ], [ -73.941931, 40.700725 ], [ -73.941149, 40.700281 ], [ -73.938902, 40.699037 ], [ -73.938568, 40.698848 ], [ -73.938177, 40.698641 ], [ -73.937391, 40.698186 ], [ -73.93676, 40.697831 ], [ -73.935222, 40.696986 ], [ -73.933118, 40.695791 ], [ -73.932366, 40.695358 ], [ -73.931929, 40.695115 ], [ -73.931458, 40.694855 ], [ -73.931145, 40.694674 ], [ -73.929702, 40.693864 ], [ -73.928507, 40.693166 ], [ -73.928043, 40.692904 ], [ -73.927811, 40.692774 ], [ -73.927507, 40.692604 ], [ -73.927071, 40.692346 ], [ -73.92645, 40.692002 ], [ -73.926316, 40.691929 ], [ -73.925365, 40.691367 ], [ -73.924392, 40.690831 ], [ -73.923644, 40.690399 ], [ -73.922072, 40.68949 ], [ -73.921306, 40.689072 ], [ -73.921214, 40.689019 ], [ -73.92055, 40.688641 ], [ -73.918783, 40.687626 ], [ -73.918294, 40.687357 ], [ -73.918046, 40.687213 ], [ -73.917996, 40.686965 ], [ -73.917927, 40.686625 ], [ -73.91785, 40.686233 ], [ -73.917701, 40.6855 ], [ -73.917558, 40.684767 ], [ -73.917413, 40.684034 ], [ -73.917266, 40.683303 ], [ -73.917122, 40.682568 ], [ -73.916977, 40.681834 ], [ -73.916831, 40.681101 ], [ -73.916687, 40.680371 ], [ -73.91654, 40.679637 ], [ -73.916393, 40.678906 ], [ -73.916301, 40.678577 ], [ -73.91905, 40.678729 ], [ -73.921646, 40.67887 ], [ -73.921711, 40.678116 ], [ -73.921816, 40.677019 ], [ -73.922806, 40.677067 ], [ -73.923779, 40.677118 ], [ -73.924765, 40.677173 ], [ -73.926594, 40.677278 ], [ -73.928227, 40.677378 ], [ -73.930322, 40.677485 ], [ -73.933069, 40.677647 ], [ -73.935858, 40.677817 ], [ -73.938593, 40.67797 ], [ -73.941369, 40.678093 ], [ -73.944141, 40.678237 ], [ -73.946911, 40.678392 ], [ -73.949679, 40.678566 ], [ -73.952053, 40.678675 ], [ -73.953005, 40.678815 ], [ -73.954801, 40.67917 ], [ -73.955309, 40.679273 ], [ -73.956022, 40.679359 ], [ -73.958292, 40.679831 ], [ -73.961312, 40.680456 ], [ -73.961611, 40.682375 ], [ -73.961671, 40.682691 ] ] ] } },
{ "type": "Feature", "properties": { "STATEFP20": "36", "PUMACE20": "04107", "AFFGEOID20": "795P200US3604107", "GEOID20": "3604107", "NAMELSAD20": "NYC-Manhattan Community District 7--Upper West Side PUMA", "STUSPS20": "NY", "ST_NAME20": "New York", "LSAD20": "P0", "ALAND20": 8067603, "AWATER20": 3005267, "puma_geoid": "3604107", "display": "Upper West Side (Manhattan CD 7)", "place": "Upper West Side", "NAME": "NYC-Manhattan Community District 7--Upper West Side PUMA; New York", "total_housing_units": 130329, "occupied_units": 107117, "vacant_units": 23212, "vacancy_rate": 0.17810310828748779, "median_gross_rent": 2608, "median_gross_rent_display": "$2,608", "median_home_value": 1367800, "median_home_value_display": "$1,367,800", "home_value_topcoded": false, "borough": "Manhattan", "district": "CD 7", "city": "NYC" }, "geometry": { "type": "Polygon", "coordinates": [ [ [ -73.998651819795995, 40.778630035686199 ], [ -73.997819207596507, 40.779775870557202 ], [ -73.997423558559305, 40.780320359892897 ], [ -73.995888587504894, 40.782432775926502 ], [ -73.995787713489506, 40.782571598014897 ], [ -73.994870468221706, 40.783833904300799 ], [ -73.994866853107695, 40.783838879394501 ], [ -73.993968352451603, 40.785075389481499 ], [ -73.9930299710349, 40.786366783182203 ], [ -73.991727131765998, 40.7881597411359 ], [ -73.991405036777607, 40.7886030059232 ], [ -73.990046673715298, 40.790472375318799 ], [ -73.988193543085799, 40.793022640252303 ], [ -73.986305491752205, 40.7956209628056 ], [ -73.984801788299507, 40.797690348592603 ], [ -73.984417440418696, 40.798219285358797 ], [ -73.982577837407504, 40.800750933682203 ], [ -73.980702017041693, 40.803332424066397 ], [ -73.9789376576, 40.805760522735099 ], [ -73.977250659480305, 40.8080821573135 ], [ -73.971133, 40.805802 ], [ -73.968048, 40.804684 ], [ -73.966701, 40.804169 ], [ -73.964387, 40.803194 ], [ -73.963861, 40.802972 ], [ -73.961077, 40.8018 ], [ -73.959647, 40.801156 ], [ -73.958835, 40.800816 ], [ -73.958195, 40.800553 ], [ -73.957798, 40.800479 ], [ -73.955289, 40.799435 ], [ -73.952483, 40.798253 ], [ -73.949604, 40.79705 ], [ -73.94922, 40.79691 ], [ -73.949405, 40.796631 ], [ -73.950158, 40.795588 ], [ -73.950613, 40.794965 ], [ -73.951111, 40.794285 ], [ -73.952073, 40.792967 ], [ -73.952984, 40.791722 ], [ -73.954817, 40.789205 ], [ -73.955275, 40.788584 ], [ -73.955778, 40.787914 ], [ -73.956718, 40.786601 ], [ -73.957636, 40.785344 ], [ -73.958096, 40.784718 ], [ -73.958558, 40.784098 ], [ -73.959004, 40.783467 ], [ -73.959469, 40.782833 ], [ -73.959921, 40.782213 ], [ -73.960416, 40.781532 ], [ -73.961361, 40.780241 ], [ -73.962303, 40.778947 ], [ -73.96316, 40.777772 ], [ -73.96323, 40.777677 ], [ -73.963729, 40.776994 ], [ -73.964687, 40.775677 ], [ -73.965148, 40.775045 ], [ -73.966074, 40.773773 ], [ -73.966537, 40.77314 ], [ -73.967039, 40.772461 ], [ -73.967994, 40.771147 ], [ -73.968441, 40.770517 ], [ -73.968904, 40.769901 ], [ -73.969365, 40.769271 ], [ -73.969825, 40.768646 ], [ -73.970281, 40.768025 ], [ -73.970728, 40.767394 ], [ -73.971189, 40.766767 ], [ -73.972553, 40.764898 ], [ -73.973015, 40.764279 ], [ -73.976234, 40.765675 ], [ -73.979076, 40.766876 ], [ -73.981431, 40.767874 ], [ -73.981633, 40.767732 ], [ -73.982147, 40.76773 ], [ -73.98238, 40.7674 ], [ -73.985218, 40.768595 ], [ -73.988063, 40.769791 ], [ -73.990913, 40.770988 ], [ -73.993782, 40.772199 ], [ -73.993325, 40.772831 ], [ -73.993952, 40.772876 ], [ -73.995969, 40.774012 ], [ -73.996783, 40.774416 ], [ -74.000450576936601, 40.776154599153799 ], [ -73.998651819795995, 40.778630035686199 ] ] ] } },
{ "type": "Feature", "properties": { "STATEFP20": "36", "PUMACE20": "04315", "AFFGEOID20": "795P200US3604315", "GEOID20": "3604315", "NAMELSAD20": "NYC-Brooklyn Community District 15--Sheepshead Bay & Gravesend (East) PUMA", "STUSPS20": "NY", "ST_NAME20": "New York", "LSAD20": "P0", "ALAND20": 11661196, "AWATER20": 1507336, "puma_geoid": "3604315", "display": "Sheepshead Bay & Gravesend (East) (Brooklyn CD 15)", "place": "Sheepshead Bay & Gravesend (East)", "NAME": "NYC-Brooklyn Community District 15--Sheepshead Bay & Gravesend (East) PUMA; New York", "total_housing_units": 64149, "occupied_units": 59528, "vacant_units": 4621, "vacancy_rate": 0.072035417543531405, "median_gross_rent": 1693, "median_gross_rent_display": "$1,693", "median_home_value": 825600, "median_home_value_display": "$825,600", "home_value_topcoded": false, "borough": "Brooklyn", "district": "CD 15", "city": "NYC" }, "geometry": { "type": "Polygon", "coordinates": [ [ [ -73.979955, 40.594074 ], [ -73.980358, 40.596192 ], [ -73.978927, 40.596348 ], [ -73.977507, 40.596506 ], [ -73.975588, 40.596719 ], [ -73.974083, 40.596883 ], [ -73.971484, 40.597172 ], [ -73.971911, 40.599423 ], [ -73.972911, 40.599315 ], [ -73.972565, 40.601794 ], [ -73.972178, 40.604195 ], [ -73.97259, 40.606671 ], [ -73.972959, 40.60863 ], [ -73.972994, 40.608814 ], [ -73.971913, 40.608936 ], [ -73.96997, 40.60915 ], [ -73.967668, 40.609404 ], [ -73.965224, 40.609674 ], [ -73.964296, 40.609777 ], [ -73.964781, 40.612331 ], [ -73.963853, 40.612433 ], [ -73.96286, 40.61255 ], [ -73.96238, 40.609986 ], [ -73.961373, 40.610099 ], [ -73.960444, 40.610202 ], [ -73.95952, 40.610302 ], [ -73.958593, 40.610403 ], [ -73.958074, 40.610458 ], [ -73.957669, 40.610504 ], [ -73.956705, 40.610612 ], [ -73.955741, 40.610715 ], [ -73.954796, 40.61082 ], [ -73.953599, 40.61095 ], [ -73.952577, 40.611037 ], [ -73.950706, 40.61125 ], [ -73.949963, 40.612316 ], [ -73.950025, 40.612655 ], [ -73.950146, 40.613294 ], [ -73.950265, 40.613924 ], [ -73.949306, 40.614031 ], [ -73.947458, 40.614199 ], [ -73.946574, 40.614789 ], [ -73.945737, 40.615363 ], [ -73.944827, 40.616046 ], [ -73.944435, 40.614079 ], [ -73.944174, 40.612722 ], [ -73.944055, 40.611993 ], [ -73.943699, 40.610214 ], [ -73.943641, 40.609859 ], [ -73.943547, 40.609346 ], [ -73.942312, 40.608269 ], [ -73.941547, 40.608768 ], [ -73.939598, 40.610024 ], [ -73.939347, 40.610187 ], [ -73.939029, 40.6099 ], [ -73.937856, 40.608843 ], [ -73.937537, 40.608557 ], [ -73.939726, 40.607133 ], [ -73.934263, 40.60223 ], [ -73.933551, 40.602687 ], [ -73.931734, 40.601062 ], [ -73.928131, 40.597778 ], [ -73.929569, 40.59682 ], [ -73.926533, 40.594104 ], [ -73.925472, 40.593149 ], [ -73.923638, 40.591497 ], [ -73.92096, 40.589095 ], [ -73.917709, 40.586269 ], [ -73.917663, 40.585605 ], [ -73.919944, 40.584646 ], [ -73.925948, 40.585007 ], [ -73.927207, 40.584802 ], [ -73.931369, 40.586071 ], [ -73.931256, 40.585432 ], [ -73.930106263746893, 40.583595369023499 ], [ -73.930162, 40.583596 ], [ -73.9306285375378, 40.583386601692702 ], [ -73.931078, 40.584388 ], [ -73.932042, 40.584234 ], [ -73.931842, 40.583076 ], [ -73.931728103981797, 40.5828930779494 ], [ -73.931866163520198, 40.582831112016798 ], [ -73.933123, 40.582267 ], [ -73.9330370027116, 40.5820036303558 ], [ -73.9313, 40.576684 ], [ -73.931968, 40.57577 ], [ -73.942717038577896, 40.575642455045802 ], [ -73.9446260734221, 40.575619802995597 ], [ -73.946295, 40.5756 ], [ -73.952493509198007, 40.574909053274801 ], [ -73.952874, 40.576882 ], [ -73.953342, 40.579267 ], [ -73.953838, 40.581745 ], [ -73.954032, 40.582517 ], [ -73.954143, 40.583105 ], [ -73.955174, 40.582916 ], [ -73.956041, 40.582736 ], [ -73.956536, 40.582659 ], [ -73.956851, 40.582859 ], [ -73.959006, 40.582866 ], [ -73.960027, 40.583209 ], [ -73.960235, 40.584522 ], [ -73.960261, 40.585039 ], [ -73.96035, 40.587307 ], [ -73.960517, 40.589453 ], [ -73.96068, 40.591598 ], [ -73.961208, 40.591539 ], [ -73.962441, 40.591403 ], [ -73.965129, 40.591108 ], [ -73.966519, 40.590953 ], [ -73.967445, 40.590851 ], [ -73.968371, 40.59075 ], [ -73.970224, 40.59054 ], [ -73.971151, 40.590443 ], [ -73.972976, 40.590241 ], [ -73.974217, 40.590111 ], [ -73.975571, 40.589948 ], [ -73.977695, 40.592179 ], [ -73.978764, 40.592825 ], [ -73.980711, 40.593997 ], [ -73.979955, 40.594074 ] ] ] } },
{ "type": "Feature", "properties": { "STATEFP20": "36", "PUMACE20": "04310", "AFFGEOID20": "795P200US3604310", "GEOID20": "3604310", "NAMELSAD20": "NYC-Brooklyn Community District 10--Bay Ridge & Dyker Heights PUMA", "STUSPS20": "NY", "ST_NAME20": "New York", "LSAD20": "P0", "ALAND20": 10163579, "AWATER20": 6744144, "puma_geoid": "3604310", "display": "Bay Ridge & Dyker Heights (Brooklyn CD 10)", "place": "Bay Ridge & Dyker Heights", "NAME": "NYC-Brooklyn Community District 10--Bay Ridge & Dyker Heights PUMA; New York", "total_housing_units": 53929, "occupied_units": 49269, "vacant_units": 4660, "vacancy_rate": 0.086409909325223896, "median_gross_rent": 1820, "median_gross_rent_display": "$1,820", "median_home_value": 1029900, "median_home_value_display": "$1,029,900", "home_value_topcoded": false, "borough": "Brooklyn", "district": "CD 10", "city": "NYC" }, "geometry": { "type": "Polygon", "coordinates": [ [ [ -74.041712, 40.626379 ], [ -74.041659146058905, 40.626541048838199 ], [ -74.041192351961698, 40.6279722276592 ], [ -74.041060967478202, 40.628375049141503 ], [ -74.040882534219705, 40.628922120970699 ], [ -74.039762324828899, 40.6323566544512 ], [ -74.039287358691496, 40.633812888539502 ], [ -74.0392638312549, 40.633885023061403 ], [ -74.039177273948297, 40.634150405560497 ], [ -74.038726, 40.635534 ], [ -74.038616829357693, 40.635706656303199 ], [ -74.038440124742294, 40.635986119399 ], [ -74.038099285856404, 40.6365251652525 ], [ -74.037650510668101, 40.637234915267499 ], [ -74.0371672706558, 40.637999172327604 ], [ -74.036959085816804, 40.638328422242601 ], [ -74.036887156135705, 40.638442180965399 ], [ -74.036450661009397, 40.639132509732399 ], [ -74.035919761930302, 40.639972140886798 ], [ -74.034658998393695, 40.641966072285904 ], [ -74.033421, 40.643924 ], [ -74.032967861399896, 40.643986544795602 ], [ -74.032076, 40.643407 ], [ -74.028923, 40.641451 ], [ -74.029079, 40.641274 ], [ -74.026606, 40.640236 ], [ -74.026257, 40.640132 ], [ -74.026861, 40.639536 ], [ -74.024754, 40.638121 ], [ -74.023958, 40.638916 ], [ -74.023545, 40.639314 ], [ -74.023105, 40.639996 ], [ -74.021165, 40.641417 ], [ -74.021774, 40.64041 ], [ -74.021087, 40.638262 ], [ -74.019554, 40.637091 ], [ -74.018897, 40.636856 ], [ -74.016752, 40.63544 ], [ -74.016306, 40.635896 ], [ -74.011908, 40.633234 ], [ -74.011326, 40.633795 ], [ -74.010742, 40.634357 ], [ -74.008537, 40.633028 ], [ -74.007023, 40.63211 ], [ -74.004137, 40.630364 ], [ -74.001931, 40.629033 ], [ -74.002515, 40.628475 ], [ -74.000314, 40.627145 ], [ -73.998117, 40.625816 ], [ -73.997241, 40.625289 ], [ -73.997484, 40.62452 ], [ -73.997713, 40.62368 ], [ -73.999321, 40.624656 ], [ -73.999946, 40.624051 ], [ -74.00053, 40.62349 ], [ -74.001202, 40.622843 ], [ -74.001694, 40.622372 ], [ -74.002276, 40.621815 ], [ -74.002857, 40.621253 ], [ -74.003436, 40.620696 ], [ -74.004019, 40.620136 ], [ -74.005227, 40.618973 ], [ -74.005854, 40.618371 ], [ -74.006434, 40.617814 ], [ -74.007599, 40.616695 ], [ -74.008177, 40.616133 ], [ -74.009341, 40.615015 ], [ -74.009924, 40.614457 ], [ -74.010504, 40.613897 ], [ -74.011712, 40.612735 ], [ -74.013482, 40.611038 ], [ -74.015224, 40.609357 ], [ -74.017019, 40.607655 ], [ -74.015499, 40.606842 ], [ -74.018231, 40.604108 ], [ -74.019135223753693, 40.602852368297299 ], [ -74.019339081547798, 40.602966912156802 ], [ -74.020133, 40.603413 ], [ -74.0213872735103, 40.603612328151797 ], [ -74.0308232281361, 40.605111882579997 ], [ -74.031384, 40.605201 ], [ -74.031932572629501, 40.605801209589899 ], [ -74.0353019178837, 40.609487710199602 ], [ -74.036015674018302, 40.610268651963302 ], [ -74.036056430051204, 40.610313244348099 ], [ -74.038739420390101, 40.613248783681101 ], [ -74.040191, 40.614837 ], [ -74.040302387458496, 40.6156822557829 ], [ -74.040307318105803, 40.615719671648002 ], [ -74.040447012330901, 40.616779731310402 ], [ -74.040485239043903, 40.6170698119953 ], [ -74.040564845637405, 40.6176739009518 ], [ -74.040716655048101, 40.6188258958353 ], [ -74.040745823063304, 40.619047235238298 ], [ -74.040964216859706, 40.620704500982697 ], [ -74.040966940908106, 40.620725172230003 ], [ -74.041071369462699, 40.621517620867003 ], [ -74.041191255136297, 40.622427364749399 ], [ -74.041194260762396, 40.622450172728499 ], [ -74.0414904685517, 40.624697924407499 ], [ -74.041609638451803, 40.625602236693297 ], [ -74.0416492894459, 40.625903125433403 ], [ -74.041663965359902, 40.626014492560003 ], [ -74.041681544556099, 40.626147891036901 ], [ -74.041712, 40.626379 ] ] ] } },
{ "type": "Feature", "properties": { "STATEFP20": "36", "PUMACE20": "04402", "AFFGEOID20": "795P200US3604402", "GEOID20": "3604402", "NAMELSAD20": "NYC-Queens Community District 2--Long Island City, Sunnyside, & Woodside PUMA", "STUSPS20": "NY", "ST_NAME20": "New York", "LSAD20": "P0", "ALAND20": 12203182, "AWATER20": 260418, "puma_geoid": "3604402", "display": "Long Island City, Sunnyside, & Woodside (Queens CD 2)", "place": "Long Island City, Sunnyside, & Woodside", "NAME": "NYC-Queens Community District 2--Long Island City, Sunnyside, & Woodside PUMA; New York", "total_housing_units": 62117, "occupied_units": 53662, "vacant_units": 8455, "vacancy_rate": 0.13611410724922321, "median_gross_rent": 2107, "median_gross_rent_display": "$2,107", "median_home_value": 740600, "median_home_value_display": "$740,600", "home_value_topcoded": false, "borough": "Queens", "district": "CD 2", "city": "NYC" }, "geometry": { "type": "Polygon", "coordinates": [ [ [ -73.96262, 40.739033 ], [ -73.962435, 40.739672 ], [ -73.961911, 40.740997 ], [ -73.961381, 40.742802 ], [ -73.960563, 40.744024 ], [ -73.960513, 40.744108 ], [ -73.960211, 40.744511 ], [ -73.959725, 40.745261 ], [ -73.958216, 40.747212 ], [ -73.957732, 40.747775 ], [ -73.956842, 40.748828 ], [ -73.956174, 40.749665 ], [ -73.954317, 40.751258 ], [ -73.951367, 40.754524 ], [ -73.95084, 40.755219 ], [ -73.949144, 40.754485 ], [ -73.944085, 40.752281 ], [ -73.944018, 40.75235 ], [ -73.940513, 40.750856 ], [ -73.939557, 40.75047 ], [ -73.937875, 40.749804 ], [ -73.936835, 40.748395 ], [ -73.935387, 40.749412 ], [ -73.931637, 40.751367 ], [ -73.924689, 40.751727 ], [ -73.921506, 40.751314 ], [ -73.920215, 40.749804 ], [ -73.915256, 40.750846 ], [ -73.913143, 40.750967 ], [ -73.909847, 40.751637 ], [ -73.910451, 40.752961 ], [ -73.910231, 40.752977 ], [ -73.906909, 40.753285 ], [ -73.905864, 40.753404 ], [ -73.904917, 40.753505 ], [ -73.903923, 40.753611 ], [ -73.902472, 40.753763 ], [ -73.898738, 40.754154 ], [ -73.897857, 40.752808 ], [ -73.897683, 40.7524 ], [ -73.897397, 40.750804 ], [ -73.897309, 40.750459 ], [ -73.896359, 40.74877 ], [ -73.895659, 40.748473 ], [ -73.894447, 40.746535 ], [ -73.893445, 40.744958 ], [ -73.892179, 40.742873 ], [ -73.891746, 40.742138 ], [ -73.891337, 40.74142 ], [ -73.890887, 40.740687 ], [ -73.894685, 40.740233 ], [ -73.892208, 40.739756 ], [ -73.890254, 40.739391 ], [ -73.889669, 40.739302 ], [ -73.887694, 40.738905 ], [ -73.887253, 40.738836 ], [ -73.887535, 40.736763 ], [ -73.888802, 40.736531 ], [ -73.889383, 40.736422 ], [ -73.891369, 40.736061 ], [ -73.891379, 40.735918 ], [ -73.889016, 40.735231 ], [ -73.888566, 40.734592 ], [ -73.891139, 40.734513 ], [ -73.891385, 40.734505 ], [ -73.89175, 40.734485 ], [ -73.892326, 40.73447 ], [ -73.893235, 40.734561 ], [ -73.895101, 40.735021 ], [ -73.896029, 40.735018 ], [ -73.897832, 40.73516 ], [ -73.899022, 40.735149 ], [ -73.90001, 40.73485 ], [ -73.900996, 40.734009 ], [ -73.90108, 40.733908 ], [ -73.902597, 40.732104 ], [ -73.905181, 40.728957 ], [ -73.905684, 40.72855 ], [ -73.90707, 40.727466 ], [ -73.910125, 40.729323 ], [ -73.911731, 40.729964 ], [ -73.911772, 40.729849 ], [ -73.912053, 40.728469 ], [ -73.915072, 40.727971 ], [ -73.917967, 40.728501 ], [ -73.918013, 40.728238 ], [ -73.918364, 40.725931 ], [ -73.922211, 40.726492 ], [ -73.928307, 40.72834 ], [ -73.929058, 40.727688 ], [ -73.931825, 40.728482 ], [ -73.937525, 40.729815 ], [ -73.93966, 40.731487 ], [ -73.940368, 40.733269 ], [ -73.942163, 40.735678 ], [ -73.947064, 40.737516 ], [ -73.952669, 40.739258 ], [ -73.955087, 40.7394 ], [ -73.95706, 40.739167 ], [ -73.962478, 40.736802 ], [ -73.96262, 40.739033 ] ] ] } },
{ "type": "Feature", "properties": { "STATEFP20": "36", "PUMACE20": "04409", "AFFGEOID20": "795P200US3604409", "GEOID20": "3604409", "NAMELSAD20": "NYC-Queens Community District 9--Kew Gardens, Richmond Hill, & Woodhaven PUMA", "STUSPS20": "NY", "ST_NAME20": "New York", "LSAD20": "P0", "ALAND20": 12285773, "AWATER20": 0, "puma_geoid": "3604409", "display": "Kew Gardens, Richmond Hill, & Woodhaven (Queens CD 9)", "place": "Kew Gardens, Richmond Hill, & Woodhaven", "NAME": "NYC-Queens Community District 9--Kew Gardens, Richmond Hill, & Woodhaven PUMA; New York", "total_housing_units": 49212, "occupied_units": 46334, "vacant_units": 2878, "vacancy_rate": 0.058481671137121001, "median_gross_rent": 1889, "median_gross_rent_display": "$1,889", "median_home_value": 693900, "median_home_value_display": "$693,900", "home_value_topcoded": false, "borough": "Queens", "district": "CD 9", "city": "NYC" }, "geometry": { "type": "Polygon", "coordinates": [ [ [ -73.869314, 40.699355 ], [ -73.869156, 40.702893 ], [ -73.869033, 40.702904 ], [ -73.867247, 40.703052 ], [ -73.86564, 40.703183 ], [ -73.864728, 40.703259 ], [ -73.863794, 40.703334 ], [ -73.863254, 40.703392 ], [ -73.859975, 40.703109 ], [ -73.858288, 40.702911 ], [ -73.85815, 40.702898 ], [ -73.858579, 40.701238 ], [ -73.855292, 40.701844 ], [ -73.855293, 40.702596 ], [ -73.852151, 40.702251 ], [ -73.853692, 40.704315 ], [ -73.854641, 40.70529 ], [ -73.854746, 40.706767 ], [ -73.852766, 40.707442 ], [ -73.851099, 40.707901 ], [ -73.850533, 40.708067 ], [ -73.84568, 40.70848 ], [ -73.843016, 40.709176 ], [ -73.840692, 40.710153 ], [ -73.837037, 40.711312 ], [ -73.836115, 40.711825 ], [ -73.835977, 40.711706 ], [ -73.835014, 40.712221 ], [ -73.834234, 40.712658 ], [ -73.833634, 40.712989 ], [ -73.830982, 40.71431 ], [ -73.826976, 40.715391 ], [ -73.826253, 40.71573 ], [ -73.825705, 40.716063 ], [ -73.824283, 40.713826 ], [ -73.823955, 40.712853 ], [ -73.823426, 40.712284 ], [ -73.820662, 40.709869 ], [ -73.819459, 40.708396 ], [ -73.818313, 40.706164 ], [ -73.816477, 40.70245 ], [ -73.814429, 40.698335 ], [ -73.814201, 40.697911 ], [ -73.813719, 40.697153 ], [ -73.811897, 40.693962 ], [ -73.810749, 40.691917 ], [ -73.810988, 40.691855 ], [ -73.812718, 40.691408 ], [ -73.814384, 40.690972 ], [ -73.815228, 40.690733 ], [ -73.816075, 40.690492 ], [ -73.816926, 40.69025 ], [ -73.819061, 40.689642 ], [ -73.819939, 40.689394 ], [ -73.820853, 40.689134 ], [ -73.822932, 40.688543 ], [ -73.825011, 40.687952 ], [ -73.825988, 40.689946 ], [ -73.826855, 40.68971 ], [ -73.828511, 40.689239 ], [ -73.82753, 40.687239 ], [ -73.829182, 40.686771 ], [ -73.830039, 40.686529 ], [ -73.831723, 40.686051 ], [ -73.832577, 40.685806 ], [ -73.834265, 40.685327 ], [ -73.835111, 40.685088 ], [ -73.835951, 40.684844 ], [ -73.838078, 40.684239 ], [ -73.836975, 40.681988 ], [ -73.837797, 40.681671 ], [ -73.839529, 40.681263 ], [ -73.839922, 40.681187 ], [ -73.841196, 40.683351 ], [ -73.84237, 40.683018 ], [ -73.843231, 40.682775 ], [ -73.845186, 40.682254 ], [ -73.847868, 40.681487 ], [ -73.848634, 40.681684 ], [ -73.849764, 40.681987 ], [ -73.851979, 40.682564 ], [ -73.850991, 40.680568 ], [ -73.852677, 40.680079 ], [ -73.853924, 40.679686 ], [ -73.854393, 40.67966 ], [ -73.856801, 40.67951 ], [ -73.856972, 40.6795 ], [ -73.857211, 40.679486 ], [ -73.857793, 40.679456 ], [ -73.858198, 40.679431 ], [ -73.858786, 40.68063 ], [ -73.85966, 40.680383 ], [ -73.860531, 40.680135 ], [ -73.863349, 40.679352 ], [ -73.863787, 40.681114 ], [ -73.864101, 40.682373 ], [ -73.866027, 40.681918 ], [ -73.866295, 40.683189 ], [ -73.866598, 40.68527 ], [ -73.867018, 40.68683 ], [ -73.867277, 40.687745 ], [ -73.867461, 40.688415 ], [ -73.867768, 40.689803 ], [ -73.868059, 40.691184 ], [ -73.868672, 40.693855 ], [ -73.868717, 40.694622 ], [ -73.868917, 40.69515 ], [ -73.870708, 40.697697 ], [ -73.869314, 40.699355 ] ] ] } },
{ "type": "Feature", "properties": { "STATEFP20": "36", "PUMACE20": "04212", "AFFGEOID20": "795P200US3604212", "GEOID20": "3604212", "NAMELSAD20": "NYC-Bronx Community District 12--Wakefield, Williamsbridge, & Eastchester PUMA", "STUSPS20": "NY", "ST_NAME20": "New York", "LSAD20": "P0", "ALAND20": 13826259, "AWATER20": 34972, "puma_geoid": "3604212", "display": "Wakefield, Williamsbridge, & Eastchester (Bronx CD 12)", "place": "Wakefield, Williamsbridge, & Eastchester", "NAME": "NYC-Bronx Community District 12--Wakefield, Williamsbridge, & Eastchester PUMA; New York", "total_housing_units": 60630, "occupied_units": 57412, "vacant_units": 3218, "vacancy_rate": 0.053076034966188297, "median_gross_rent": 1546, "median_gross_rent_display": "$1,546", "median_home_value": 580600, "median_home_value_display": "$580,600", "home_value_topcoded": false, "borough": "Bronx", "district": "CD 12", "city": "NYC" }, "geometry": { "type": "Polygon", "coordinates": [ [ [ -73.880008, 40.895244 ], [ -73.87712, 40.895469 ], [ -73.876438, 40.896871 ], [ -73.875895, 40.897559 ], [ -73.87482, 40.898445 ], [ -73.873018, 40.899355 ], [ -73.871364, 40.900039 ], [ -73.868997, 40.901559 ], [ -73.868042, 40.902642 ], [ -73.867876, 40.902983 ], [ -73.865635, 40.902086 ], [ -73.865268, 40.901962 ], [ -73.864669, 40.901793 ], [ -73.86286, 40.901525 ], [ -73.862643, 40.901474 ], [ -73.860775, 40.900787 ], [ -73.859393, 40.900381 ], [ -73.859097, 40.902471 ], [ -73.858221, 40.902335 ], [ -73.857199, 40.902878 ], [ -73.857449, 40.904601 ], [ -73.856481, 40.905932 ], [ -73.856345, 40.906176 ], [ -73.855534, 40.906144 ], [ -73.854704, 40.906578 ], [ -73.854104, 40.906679 ], [ -73.853802, 40.907179 ], [ -73.853804, 40.907681 ], [ -73.853983, 40.908005 ], [ -73.854204, 40.908067 ], [ -73.854881, 40.908217 ], [ -73.852678, 40.909899 ], [ -73.851123, 40.910009 ], [ -73.852078, 40.908887 ], [ -73.853528, 40.907465 ], [ -73.85279, 40.907073 ], [ -73.851506, 40.906645 ], [ -73.850225, 40.907368 ], [ -73.848683, 40.906743 ], [ -73.847071, 40.906173 ], [ -73.84532, 40.905582 ], [ -73.844847, 40.90531 ], [ -73.844793, 40.905048 ], [ -73.844728, 40.904732 ], [ -73.84442, 40.904172 ], [ -73.843399, 40.904171 ], [ -73.842374, 40.904166 ], [ -73.841386, 40.904174 ], [ -73.840999, 40.902812 ], [ -73.840787, 40.901693 ], [ -73.840036, 40.900567 ], [ -73.839155, 40.899226 ], [ -73.839649, 40.897891 ], [ -73.839655, 40.897249 ], [ -73.838985, 40.895602 ], [ -73.838407, 40.894061 ], [ -73.837337, 40.893814 ], [ -73.835174, 40.89317 ], [ -73.833595, 40.892706 ], [ -73.832716, 40.892443 ], [ -73.830972, 40.891935 ], [ -73.827943, 40.890928 ], [ -73.827224, 40.890785 ], [ -73.824047, 40.889866 ], [ -73.822363, 40.88964 ], [ -73.823244, 40.891199 ], [ -73.819719, 40.890206 ], [ -73.819558, 40.890163 ], [ -73.815165, 40.888999 ], [ -73.814177, 40.888795 ], [ -73.804997, 40.886433 ], [ -73.804402, 40.886281 ], [ -73.794107, 40.883631 ], [ -73.794493, 40.883068 ], [ -73.799251, 40.88463 ], [ -73.805298, 40.885998 ], [ -73.80692, 40.885769 ], [ -73.81245, 40.886645 ], [ -73.815256, 40.88666 ], [ -73.815413, 40.886655 ], [ -73.81936, 40.885726 ], [ -73.819814, 40.885574 ], [ -73.820322, 40.885438 ], [ -73.82076, 40.885304 ], [ -73.821807, 40.886126 ], [ -73.826612, 40.884649 ], [ -73.826063, 40.884153 ], [ -73.829049, 40.882622 ], [ -73.829861, 40.882175 ], [ -73.831444, 40.881107 ], [ -73.832451, 40.880216 ], [ -73.834, 40.878388 ], [ -73.834502, 40.877227 ], [ -73.834881, 40.875505 ], [ -73.834881, 40.874429 ], [ -73.834013, 40.871172 ], [ -73.83273, 40.868457 ], [ -73.830574, 40.864374 ], [ -73.829594, 40.862173 ], [ -73.831602, 40.862628 ], [ -73.835907, 40.865077 ], [ -73.836431, 40.865356 ], [ -73.836971, 40.865643 ], [ -73.840644, 40.867554 ], [ -73.841224, 40.867858 ], [ -73.842406, 40.868475 ], [ -73.843586, 40.869088 ], [ -73.845173, 40.869915 ], [ -73.845782, 40.870227 ], [ -73.84609, 40.87039 ], [ -73.846408, 40.870555 ], [ -73.848597, 40.87167 ], [ -73.851662, 40.872685 ], [ -73.853637, 40.873301 ], [ -73.855518, 40.873904 ], [ -73.856513, 40.874218 ], [ -73.856614, 40.87125 ], [ -73.858488, 40.871284 ], [ -73.859427, 40.871301 ], [ -73.860367, 40.871319 ], [ -73.861379, 40.871336 ], [ -73.863332, 40.871375 ], [ -73.864266, 40.871389 ], [ -73.864326, 40.869656 ], [ -73.866205, 40.869694 ], [ -73.867222, 40.869695 ], [ -73.868229, 40.869684 ], [ -73.870537, 40.869674 ], [ -73.870562, 40.871511 ], [ -73.870377, 40.873285 ], [ -73.870313, 40.875341 ], [ -73.870029, 40.87649 ], [ -73.869435, 40.878129 ], [ -73.870148, 40.878314 ], [ -73.870944, 40.878511 ], [ -73.870241, 40.88023 ], [ -73.87092, 40.880258 ], [ -73.871918, 40.880237 ], [ -73.874067, 40.880039 ], [ -73.874792, 40.880075 ], [ -73.875337, 40.881672 ], [ -73.876258, 40.881832 ], [ -73.878126, 40.882154 ], [ -73.877729, 40.883454 ], [ -73.877607, 40.884523 ], [ -73.877918, 40.887212 ], [ -73.880403, 40.892997 ], [ -73.880008, 40.895244 ] ] ] } },
{ "type": "Feature", "properties": { "STATEFP20": "36", "PUMACE20": "04104", "AFFGEOID20": "795P200US3604104", "GEOID20": "3604104", "NAMELSAD20": "NYC-Manhattan Community District 4--Chelsea & Hell's Kitchen PUMA", "STUSPS20": "NY", "ST_NAME20": "New York", "LSAD20": "P0", "ALAND20": 4499280, "AWATER20": 2222195, "puma_geoid": "3604104", "display": "Chelsea & Hell's Kitchen (Manhattan CD 4)", "place": "Chelsea & Hell's Kitchen", "NAME": "NYC-Manhattan Community District 4--Chelsea & Hell's Kitchen PUMA; New York", "total_housing_units": 80817, "occupied_units": 69165, "vacant_units": 11652, "vacancy_rate": 0.14417758639890119, "median_gross_rent": 2525, "median_gross_rent_display": "$2,525", "median_home_value": 914800, "median_home_value_display": "$914,800", "home_value_topcoded": false, "borough": "Manhattan", "district": "CD 4", "city": "NYC" }, "geometry": { "type": "Polygon", "coordinates": [ [ [ -74.016013533946307, 40.749396078405297 ], [ -74.015013346956493, 40.753506084433297 ], [ -74.0142468634549, 40.756655747290303 ], [ -74.014029, 40.757551 ], [ -74.012951982501505, 40.759025987222799 ], [ -74.010234957836204, 40.762746982165702 ], [ -74.008603460180197, 40.764981336017897 ], [ -74.006583180165606, 40.767748131554697 ], [ -74.004653254495906, 40.770391185829801 ], [ -74.0040860255572, 40.771168012054197 ], [ -74.002953334774105, 40.772719244447998 ], [ -74.001618, 40.774548 ], [ -74.000451089802198, 40.776153893351797 ], [ -74.000450576936601, 40.776154599153799 ], [ -73.996783, 40.774416 ], [ -73.995969, 40.774012 ], [ -73.993952, 40.772876 ], [ -73.993325, 40.772831 ], [ -73.993782, 40.772199 ], [ -73.990913, 40.770988 ], [ -73.988063, 40.769791 ], [ -73.985218, 40.768595 ], [ -73.98238, 40.7674 ], [ -73.982877, 40.766715 ], [ -73.983367, 40.766045 ], [ -73.983822, 40.765418 ], [ -73.984283, 40.764792 ], [ -73.984734, 40.76417 ], [ -73.985192, 40.763543 ], [ -73.985647, 40.762915 ], [ -73.986104, 40.76229 ], [ -73.986561, 40.76166 ], [ -73.987015, 40.761038 ], [ -73.987927, 40.759791 ], [ -73.988391, 40.759164 ], [ -73.988842, 40.758533 ], [ -73.989297, 40.757907 ], [ -73.989791, 40.757234 ], [ -73.990276, 40.756567 ], [ -73.990726, 40.755951 ], [ -73.991177, 40.75533 ], [ -73.991633, 40.754707 ], [ -73.992079, 40.754091 ], [ -73.992528, 40.753474 ], [ -73.992979, 40.752854 ], [ -73.993464, 40.75219 ], [ -73.993948, 40.751522 ], [ -73.994844, 40.750293 ], [ -73.995299, 40.749671 ], [ -73.995749, 40.749052 ], [ -73.997099, 40.747205 ], [ -73.994262, 40.746004 ], [ -73.991419, 40.744802 ], [ -73.992063, 40.743919 ], [ -73.992318, 40.743568 ], [ -73.993292, 40.742233 ], [ -73.993739, 40.741617 ], [ -73.994028, 40.741219 ], [ -73.994165, 40.741031 ], [ -73.995018, 40.73986 ], [ -73.995446, 40.739272 ], [ -73.995874, 40.738686 ], [ -73.996337, 40.738044 ], [ -73.99684, 40.737361 ], [ -73.999684, 40.738552 ], [ -74.002523, 40.739753 ], [ -74.002744, 40.739845 ], [ -74.005063, 40.740818 ], [ -74.005158, 40.740858 ], [ -74.005366, 40.740945 ], [ -74.008204, 40.742148 ], [ -74.008699, 40.742362 ], [ -74.009331, 40.742572 ], [ -74.017282893472498, 40.744179978458703 ], [ -74.016013533946307, 40.749396078405297 ] ] ] } },
{ "type": "Feature", "properties": { "STATEFP20": "36", "PUMACE20": "04221", "AFFGEOID20": "795P200US3604221", "GEOID20": "3604221", "NAMELSAD20": "NYC-Bronx Community Districts 1 & 2--Melrose, Mott Haven, Longwood, & Hunts Point PUMA", "STUSPS20": "NY", "ST_NAME20": "New York", "LSAD20": "P0", "ALAND20": 12733556, "AWATER20": 4191574, "puma_geoid": "3604221", "display": "Melrose, Mott Haven, Longwood, & Hunts Point (Bronx CD 1 & 2)", "place": "Melrose, Mott Haven, Longwood, & Hunts Point", "NAME": "NYC-Bronx Community Districts 1 & 2--Melrose, Mott Haven, Longwood, & Hunts Point PUMA; New York", "total_housing_units": 58510, "occupied_units": 57042, "vacant_units": 1468, "vacancy_rate": 0.025089728251580901, "median_gross_rent": 1144, "median_gross_rent_display": "$1,144", "median_home_value": 491200, "median_home_value_display": "$491,200", "home_value_topcoded": false, "borough": "Bronx", "district": "CD 1 & 2", "city": "NYC" }, "geometry": { "type": "Polygon", "coordinates": [ [ [ -73.932605, 40.811517 ], [ -73.932401, 40.814151 ], [ -73.93116, 40.813652 ], [ -73.930276, 40.813256 ], [ -73.928857, 40.81488 ], [ -73.928218, 40.816535 ], [ -73.927313, 40.81856 ], [ -73.925185, 40.818013 ], [ -73.924025, 40.819285 ], [ -73.922652, 40.820494 ], [ -73.921948, 40.821032 ], [ -73.920665, 40.821837 ], [ -73.92034, 40.822095 ], [ -73.91937, 40.822718 ], [ -73.918337, 40.823385 ], [ -73.916773, 40.824387 ], [ -73.915877, 40.824104 ], [ -73.916216, 40.823468 ], [ -73.914506, 40.822942 ], [ -73.912876, 40.822441 ], [ -73.911745, 40.822107 ], [ -73.9107, 40.822324 ], [ -73.909497, 40.822438 ], [ -73.909413, 40.822418 ], [ -73.908418, 40.822181 ], [ -73.907427, 40.821945 ], [ -73.906457, 40.821715 ], [ -73.905659, 40.821557 ], [ -73.904897, 40.821371 ], [ -73.903793, 40.821091 ], [ -73.902668, 40.820803 ], [ -73.901292, 40.820475 ], [ -73.900845, 40.821542 ], [ -73.901988, 40.82244 ], [ -73.901877, 40.822705 ], [ -73.901176, 40.824389 ], [ -73.900541, 40.825944 ], [ -73.901651, 40.826217 ], [ -73.900935, 40.827928 ], [ -73.899797, 40.827685 ], [ -73.898205, 40.827889 ], [ -73.897002, 40.82805 ], [ -73.895603, 40.828316 ], [ -73.895292, 40.828143 ], [ -73.895063, 40.828013 ], [ -73.894836, 40.82624 ], [ -73.893868, 40.826515 ], [ -73.892933, 40.826787 ], [ -73.891913, 40.826794 ], [ -73.890905, 40.826788 ], [ -73.88885, 40.826768 ], [ -73.887895, 40.826743 ], [ -73.8864, 40.827503 ], [ -73.886092, 40.827695 ], [ -73.886613, 40.825329 ], [ -73.886895, 40.823717 ], [ -73.88761, 40.823284 ], [ -73.88797, 40.82226 ], [ -73.887201, 40.8226 ], [ -73.885058, 40.822916 ], [ -73.884411, 40.82297 ], [ -73.884328, 40.822614 ], [ -73.883788, 40.821933 ], [ -73.882639, 40.819648 ], [ -73.880981, 40.818238 ], [ -73.87797, 40.816152 ], [ -73.876899, 40.815799 ], [ -73.871303, 40.813954 ], [ -73.866484, 40.805901 ], [ -73.862965, 40.79767 ], [ -73.863147, 40.797497 ], [ -73.867118, 40.793742 ], [ -73.870207, 40.790909 ], [ -73.870973, 40.789057 ], [ -73.870809, 40.787897 ], [ -73.871631, 40.786798 ], [ -73.873088, 40.785855 ], [ -73.876973, 40.785778 ], [ -73.878307, 40.785357 ], [ -73.885303, 40.786685 ], [ -73.888307, 40.787006 ], [ -73.89057, 40.790108 ], [ -73.892182, 40.790394 ], [ -73.899869, 40.792449 ], [ -73.912456, 40.796096 ], [ -73.913624, 40.796786 ], [ -73.918901, 40.798903 ], [ -73.923022, 40.802425 ], [ -73.925081, 40.802521 ], [ -73.92725, 40.802558 ], [ -73.928225, 40.80385 ], [ -73.931801, 40.807876 ], [ -73.932477, 40.808864 ], [ -73.932605, 40.811517 ] ] ] } },
{ "type": "Feature", "properties": { "STATEFP20": "36", "PUMACE20": "04411", "AFFGEOID20": "795P200US3604411", "GEOID20": "3604411", "NAMELSAD20": "NYC-Queens Community District 11--Auburndale, Bayside, & Douglaston PUMA", "STUSPS20": "NY", "ST_NAME20": "New York", "LSAD20": "P0", "ALAND20": 24068163, "AWATER20": 1700632, "puma_geoid": "3604411", "display": "Auburndale, Bayside, & Douglaston (Queens CD 11)", "place": "Auburndale, Bayside, & Douglaston", "NAME": "NYC-Queens Community District 11--Auburndale, Bayside, & Douglaston PUMA; New York", "total_housing_units": 47721, "occupied_units": 45247, "vacant_units": 2474, "vacancy_rate": 0.051843004128161597, "median_gross_rent": 2293, "median_gross_rent_display": "$2,293", "median_home_value": 885500, "median_home_value_display": "$885,500", "home_value_topcoded": false, "borough": "Queens", "district": "CD 11", "city": "NYC" }, "geometry": { "type": "Polygon", "coordinates": [ [ [ -73.796049, 40.75005 ], [ -73.794719, 40.750648 ], [ -73.794577, 40.753563 ], [ -73.794747, 40.755628 ], [ -73.794932, 40.757798 ], [ -73.794025, 40.757736 ], [ -73.79303, 40.757756 ], [ -73.790315, 40.757823 ], [ -73.790535, 40.759373 ], [ -73.79076, 40.760986 ], [ -73.79344, 40.760764 ], [ -73.793443, 40.761185 ], [ -73.793437, 40.761597 ], [ -73.793345, 40.762295 ], [ -73.793225, 40.763142 ], [ -73.793025, 40.764621 ], [ -73.793959, 40.764695 ], [ -73.793422, 40.7686 ], [ -73.793179, 40.770403 ], [ -73.793237, 40.770468 ], [ -73.795134, 40.772649 ], [ -73.795657, 40.773031 ], [ -73.793383, 40.773482 ], [ -73.792713, 40.773788 ], [ -73.791635, 40.774239 ], [ -73.791483, 40.774278 ], [ -73.789842, 40.774687 ], [ -73.785694, 40.775813 ], [ -73.784593, 40.776141 ], [ -73.784076, 40.776289 ], [ -73.782798, 40.776666 ], [ -73.780362, 40.777387 ], [ -73.779477, 40.777664 ], [ -73.779397, 40.777686 ], [ -73.775839, 40.778613 ], [ -73.775537, 40.777026 ], [ -73.771132, 40.778341 ], [ -73.768642, 40.779087 ], [ -73.767606399503507, 40.778388797854298 ], [ -73.767565219730699, 40.778311659539 ], [ -73.7663556254073, 40.776045836737801 ], [ -73.76554, 40.774518 ], [ -73.765026472993497, 40.774011034355503 ], [ -73.763697118566199, 40.772698665160803 ], [ -73.763650292802396, 40.772652437692301 ], [ -73.762091566766998, 40.7711136275828 ], [ -73.760467801053906, 40.769510608810997 ], [ -73.75787, 40.766946 ], [ -73.756221, 40.766364 ], [ -73.755438002372898, 40.7668952125114 ], [ -73.754918, 40.767248 ], [ -73.754970881038204, 40.767937800288401 ], [ -73.755176123732298, 40.770615063715702 ], [ -73.755181190177197, 40.770681152341503 ], [ -73.755256, 40.771657 ], [ -73.753388, 40.77307 ], [ -73.755107, 40.776588 ], [ -73.753781740008407, 40.7795420290282 ], [ -73.752998, 40.781289 ], [ -73.750295, 40.782478 ], [ -73.7468, 40.780378 ], [ -73.741535, 40.777111 ], [ -73.74008, 40.776209 ], [ -73.739376, 40.776014 ], [ -73.737732, 40.774786 ], [ -73.733962, 40.772449 ], [ -73.729524, 40.769734 ], [ -73.727993, 40.76878 ], [ -73.721616, 40.764841 ], [ -73.721059, 40.764499 ], [ -73.713656, 40.759936 ], [ -73.713325, 40.75973 ], [ -73.716986, 40.759428 ], [ -73.718769, 40.758804 ], [ -73.720145, 40.757911 ], [ -73.721489, 40.756427 ], [ -73.722115, 40.755208 ], [ -73.722934, 40.754128 ], [ -73.723766, 40.753416 ], [ -73.725764, 40.752189 ], [ -73.727962, 40.750026 ], [ -73.728649, 40.748068 ], [ -73.728291, 40.747459 ], [ -73.729044, 40.747232 ], [ -73.730958, 40.744859 ], [ -73.732325, 40.743645 ], [ -73.732703, 40.743854 ], [ -73.733763, 40.742869 ], [ -73.738351, 40.74034 ], [ -73.73983, 40.739054 ], [ -73.740291, 40.738517 ], [ -73.741676, 40.736827 ], [ -73.743065, 40.735465 ], [ -73.746738, 40.732583 ], [ -73.747338, 40.732036 ], [ -73.750658, 40.729195 ], [ -73.752637, 40.727988 ], [ -73.754548, 40.727076 ], [ -73.756783, 40.726306 ], [ -73.75845, 40.727537 ], [ -73.759882, 40.728235 ], [ -73.762263, 40.729605 ], [ -73.763413, 40.730466 ], [ -73.765551, 40.732544 ], [ -73.7637, 40.732864 ], [ -73.765041, 40.734477 ], [ -73.762733, 40.735262 ], [ -73.762486, 40.736731 ], [ -73.762683, 40.737256 ], [ -73.763609, 40.739175 ], [ -73.764315, 40.740673 ], [ -73.765151, 40.742437 ], [ -73.765568, 40.743258 ], [ -73.766979, 40.744223 ], [ -73.767756, 40.74583 ], [ -73.768277, 40.745695 ], [ -73.771638, 40.744197 ], [ -73.772445, 40.74392 ], [ -73.775759, 40.743367 ], [ -73.780409, 40.742631 ], [ -73.783132, 40.7419 ], [ -73.786713, 40.740911 ], [ -73.792916, 40.739217 ], [ -73.796302, 40.738333 ], [ -73.796408, 40.738593 ], [ -73.797177, 40.739987 ], [ -73.797224, 40.740098 ], [ -73.797268, 40.740564 ], [ -73.796951, 40.741933 ], [ -73.795431, 40.743264 ], [ -73.794535, 40.744508 ], [ -73.794453, 40.745203 ], [ -73.794676, 40.747212 ], [ -73.794723, 40.747599 ], [ -73.797295, 40.749435 ], [ -73.796049, 40.75005 ] ] ] } },
{ "type": "Feature", "properties": { "STATEFP20": "36", "PUMACE20": "04208", "AFFGEOID20": "795P200US3604208", "GEOID20": "3604208", "NAMELSAD20": "NYC-Bronx Community District 8--Riverdale, Kingsbridge, & Marble Hill PUMA", "STUSPS20": "NY", "ST_NAME20": "New York", "LSAD20": "P0", "ALAND20": 13315811, "AWATER20": 3468571, "puma_geoid": "3604208", "display": "Riverdale, Kingsbridge, & Marble Hill (Bronx CD 8)", "place": "Riverdale, Kingsbridge, & Marble Hill", "NAME": "NYC-Bronx Community District 8--Riverdale, Kingsbridge, & Marble Hill PUMA; New York", "total_housing_units": 42013, "occupied_units": 40832, "vacant_units": 1181, "vacancy_rate": 0.028110346797419802, "median_gross_rent": 1652, "median_gross_rent_display": "$1,652", "median_home_value": 367700, "median_home_value_display": "$367,700", "home_value_topcoded": false, "borough": "Bronx", "district": "CD 8", "city": "NYC" }, "geometry": { "type": "Polygon", "coordinates": [ [ [ -73.932563479738306, 40.884204169246999 ], [ -73.929821, 40.888682 ], [ -73.929421422075905, 40.889690133459702 ], [ -73.927120027462806, 40.895496542607802 ], [ -73.919935267617007, 40.913623662162003 ], [ -73.919432345260603, 40.914892533199698 ], [ -73.918317529126995, 40.917705209721703 ], [ -73.910516, 40.915282 ], [ -73.905947, 40.913948 ], [ -73.902454, 40.912979 ], [ -73.900697, 40.912381 ], [ -73.899505, 40.911978 ], [ -73.897253, 40.911655 ], [ -73.896634, 40.911324 ], [ -73.891928, 40.909809 ], [ -73.887984, 40.908593 ], [ -73.886237, 40.908052 ], [ -73.886124, 40.908016 ], [ -73.884106, 40.907501 ], [ -73.882993, 40.907423 ], [ -73.880929, 40.90683 ], [ -73.879239, 40.906365 ], [ -73.878189, 40.905983 ], [ -73.878012, 40.905965 ], [ -73.877855, 40.905922 ], [ -73.874087, 40.904807 ], [ -73.872913, 40.904467 ], [ -73.867876, 40.902983 ], [ -73.868042, 40.902642 ], [ -73.868997, 40.901559 ], [ -73.871364, 40.900039 ], [ -73.873018, 40.899355 ], [ -73.87482, 40.898445 ], [ -73.875895, 40.897559 ], [ -73.876438, 40.896871 ], [ -73.87712, 40.895469 ], [ -73.880008, 40.895244 ], [ -73.880403, 40.892997 ], [ -73.877918, 40.887212 ], [ -73.879974, 40.884395 ], [ -73.881244, 40.88271 ], [ -73.882087, 40.883133 ], [ -73.88319, 40.883285 ], [ -73.885165, 40.883632 ], [ -73.887047, 40.884358 ], [ -73.88703, 40.883889 ], [ -73.886967, 40.882814 ], [ -73.887011, 40.882472 ], [ -73.885936, 40.880481 ], [ -73.885774, 40.8796 ], [ -73.885656, 40.87889 ], [ -73.887736, 40.877034 ], [ -73.88807, 40.876271 ], [ -73.888557, 40.875197 ], [ -73.889372, 40.873382 ], [ -73.889804, 40.872401 ], [ -73.890987, 40.871764 ], [ -73.893071, 40.871396 ], [ -73.893914, 40.870969 ], [ -73.89485, 40.870451 ], [ -73.896037, 40.86923 ], [ -73.896561, 40.868565 ], [ -73.898918, 40.869658 ], [ -73.899644, 40.868468 ], [ -73.89953, 40.867881 ], [ -73.899976, 40.867986 ], [ -73.90114, 40.86828 ], [ -73.902358, 40.868696 ], [ -73.903668, 40.869495 ], [ -73.904397, 40.870348 ], [ -73.904459, 40.872423 ], [ -73.904662, 40.872645 ], [ -73.905714, 40.873138 ], [ -73.906162, 40.873243 ], [ -73.907, 40.873455 ], [ -73.907198, 40.876389 ], [ -73.908554, 40.877712 ], [ -73.909505, 40.878878 ], [ -73.91031, 40.879047 ], [ -73.911405, 40.879278 ], [ -73.9152, 40.875581 ], [ -73.918932, 40.876388 ], [ -73.919808, 40.876577 ], [ -73.92163, 40.878321 ], [ -73.922602, 40.878779 ], [ -73.924974, 40.879144 ], [ -73.933786895522204, 40.882206616177001 ], [ -73.932563479738306, 40.884204169246999 ] ] ] } },
{ "type": "Feature", "properties": { "STATEFP20": "36", "PUMACE20": "04405", "AFFGEOID20": "795P200US3604405", "GEOID20": "3604405", "NAMELSAD20": "NYC-Queens Community District 5--Ridgewood, Maspeth, & Middle Village PUMA", "STUSPS20": "NY", "ST_NAME20": "New York", "LSAD20": "P0", "ALAND20": 20262122, "AWATER20": 205140, "puma_geoid": "3604405", "display": "Ridgewood, Maspeth, & Middle Village (Queens CD 5)", "place": "Ridgewood, Maspeth, & Middle Village", "NAME": "NYC-Queens Community District 5--Ridgewood, Maspeth, & Middle Village PUMA; New York", "total_housing_units": 70871, "occupied_units": 65422, "vacant_units": 5449, "vacancy_rate": 0.076886173470107594, "median_gross_rent": 1955, "median_gross_rent_display": "$1,955", "median_home_value": 858000, "median_home_value_display": "$858,000", "home_value_topcoded": false, "borough": "Queens", "district": "CD 5", "city": "NYC" }, "geometry": { "type": "Polygon", "coordinates": [ [ [ -73.928307, 40.72834 ], [ -73.922211, 40.726492 ], [ -73.918364, 40.725931 ], [ -73.918013, 40.728238 ], [ -73.917967, 40.728501 ], [ -73.915072, 40.727971 ], [ -73.912053, 40.728469 ], [ -73.911772, 40.729849 ], [ -73.911731, 40.729964 ], [ -73.910125, 40.729323 ], [ -73.90707, 40.727466 ], [ -73.905684, 40.72855 ], [ -73.905181, 40.728957 ], [ -73.902597, 40.732104 ], [ -73.90108, 40.733908 ], [ -73.900996, 40.734009 ], [ -73.90001, 40.73485 ], [ -73.899022, 40.735149 ], [ -73.897832, 40.73516 ], [ -73.896029, 40.735018 ], [ -73.895101, 40.735021 ], [ -73.893235, 40.734561 ], [ -73.892326, 40.73447 ], [ -73.89175, 40.734485 ], [ -73.891385, 40.734505 ], [ -73.891139, 40.734513 ], [ -73.888566, 40.734592 ], [ -73.888253, 40.731897 ], [ -73.888178, 40.731195 ], [ -73.88811, 40.730572 ], [ -73.88806, 40.730087 ], [ -73.88756, 40.730197 ], [ -73.887201, 40.728612 ], [ -73.887205, 40.727869 ], [ -73.885612, 40.728342 ], [ -73.883931, 40.728538 ], [ -73.88214, 40.72868 ], [ -73.88039, 40.728905 ], [ -73.877965, 40.72977 ], [ -73.875237, 40.730724 ], [ -73.871429, 40.729248 ], [ -73.871133, 40.728372 ], [ -73.871018, 40.727979 ], [ -73.870694, 40.727207 ], [ -73.870632, 40.727059 ], [ -73.870211, 40.726187 ], [ -73.869699, 40.725146 ], [ -73.869293, 40.724436 ], [ -73.868768, 40.723821 ], [ -73.867285, 40.722257 ], [ -73.865476, 40.720281 ], [ -73.864123, 40.718845 ], [ -73.863018, 40.717708 ], [ -73.861834, 40.716593 ], [ -73.861224, 40.716037 ], [ -73.860038, 40.714932 ], [ -73.859632, 40.713598 ], [ -73.859654, 40.71338 ], [ -73.859759, 40.711845 ], [ -73.858187, 40.7116 ], [ -73.857298, 40.711465 ], [ -73.857143, 40.710991 ], [ -73.856677, 40.707692 ], [ -73.85594, 40.706395 ], [ -73.854746, 40.706767 ], [ -73.854641, 40.70529 ], [ -73.853692, 40.704315 ], [ -73.852151, 40.702251 ], [ -73.855293, 40.702596 ], [ -73.855292, 40.701844 ], [ -73.858579, 40.701238 ], [ -73.85815, 40.702898 ], [ -73.858288, 40.702911 ], [ -73.859975, 40.703109 ], [ -73.863254, 40.703392 ], [ -73.863794, 40.703334 ], [ -73.864728, 40.703259 ], [ -73.86564, 40.703183 ], [ -73.867247, 40.703052 ], [ -73.869033, 40.702904 ], [ -73.869156, 40.702893 ], [ -73.869314, 40.699355 ], [ -73.870708, 40.697697 ], [ -73.868917, 40.69515 ], [ -73.874021, 40.694191 ], [ -73.879616, 40.691106 ], [ -73.883777, 40.687863 ], [ -73.884517, 40.686691 ], [ -73.889607, 40.684214 ], [ -73.89014, 40.685005 ], [ -73.89166, 40.684044 ], [ -73.892523, 40.683424 ], [ -73.8942, 40.685309 ], [ -73.894942, 40.684548 ], [ -73.896331, 40.68283 ], [ -73.896518, 40.682397 ], [ -73.901162, 40.687878 ], [ -73.901805, 40.690766 ], [ -73.901241, 40.691438 ], [ -73.90159, 40.691632 ], [ -73.902788, 40.692418 ], [ -73.903541, 40.692849 ], [ -73.904288, 40.693278 ], [ -73.905043, 40.693704 ], [ -73.9058, 40.694128 ], [ -73.904914, 40.695074 ], [ -73.90426, 40.6957 ], [ -73.904664, 40.695932 ], [ -73.906117, 40.69675 ], [ -73.908022, 40.697825 ], [ -73.908774, 40.698255 ], [ -73.911036, 40.699532 ], [ -73.911808, 40.699938 ], [ -73.910679, 40.701046 ], [ -73.911422, 40.701487 ], [ -73.912904, 40.702362 ], [ -73.911807, 40.703435 ], [ -73.913292, 40.704313 ], [ -73.914031, 40.704749 ], [ -73.914771, 40.705189 ], [ -73.915513, 40.705626 ], [ -73.916253, 40.706066 ], [ -73.917737, 40.706943 ], [ -73.919222, 40.707815 ], [ -73.91996, 40.708257 ], [ -73.921892, 40.709396 ], [ -73.920745, 40.71053 ], [ -73.922233, 40.712854 ], [ -73.92404, 40.714008 ], [ -73.924327, 40.715568 ], [ -73.922711, 40.716478 ], [ -73.923127, 40.717024 ], [ -73.924278, 40.718536 ], [ -73.92418, 40.72002 ], [ -73.927171, 40.725233 ], [ -73.927801, 40.726494 ], [ -73.929058, 40.727688 ], [ -73.928307, 40.72834 ] ] ] } },
{ "type": "Feature", "properties": { "STATEFP20": "36", "PUMACE20": "04317", "AFFGEOID20": "795P200US3604317", "GEOID20": "3604317", "NAMELSAD20": "NYC-Brooklyn Community District 17--East Flatbush PUMA", "STUSPS20": "NY", "ST_NAME20": "New York", "LSAD20": "P0", "ALAND20": 8525979, "AWATER20": 0, "puma_geoid": "3604317", "display": "East Flatbush (Brooklyn CD 17)", "place": "East Flatbush", "NAME": "NYC-Brooklyn Community District 17--East Flatbush PUMA; New York", "total_housing_units": 64694, "occupied_units": 58482, "vacant_units": 6212, "vacancy_rate": 0.096021269360373404, "median_gross_rent": 1655, "median_gross_rent_display": "$1,655", "median_home_value": 699200, "median_home_value_display": "$699,200", "home_value_topcoded": false, "borough": "Brooklyn", "district": "CD 17", "city": "NYC" }, "geometry": { "type": "Polygon", "coordinates": [ [ [ -73.958707, 40.650387 ], [ -73.955825, 40.65053 ], [ -73.955907, 40.651369 ], [ -73.95601, 40.652314 ], [ -73.956164, 40.653777 ], [ -73.9563, 40.655049 ], [ -73.956388, 40.655875 ], [ -73.953048, 40.656081 ], [ -73.95016, 40.65626 ], [ -73.950066, 40.655423 ], [ -73.947159, 40.655594 ], [ -73.942401, 40.655885 ], [ -73.940532, 40.656002 ], [ -73.939559, 40.656063 ], [ -73.938593, 40.656123 ], [ -73.935718, 40.656303 ], [ -73.934784, 40.656361 ], [ -73.93381, 40.656423 ], [ -73.932847, 40.656478 ], [ -73.931907, 40.656537 ], [ -73.930903, 40.65661 ], [ -73.931083, 40.658296 ], [ -73.93209, 40.658235 ], [ -73.933996, 40.658119 ], [ -73.934231, 40.660415 ], [ -73.932336, 40.660532 ], [ -73.931325, 40.660594 ], [ -73.931406, 40.661331 ], [ -73.931556, 40.662756 ], [ -73.931579, 40.66323 ], [ -73.931607, 40.663557 ], [ -73.930685, 40.66362 ], [ -73.929874, 40.66399 ], [ -73.929403, 40.664199 ], [ -73.928544, 40.664574 ], [ -73.928228, 40.66471 ], [ -73.92638, 40.665515 ], [ -73.924549, 40.663862 ], [ -73.922728, 40.662231 ], [ -73.920909, 40.660599 ], [ -73.920082, 40.659858 ], [ -73.919744, 40.660771 ], [ -73.919584, 40.661994 ], [ -73.918602, 40.661118 ], [ -73.918299, 40.661162 ], [ -73.918185, 40.660726 ], [ -73.917419, 40.660051 ], [ -73.917074, 40.659745 ], [ -73.915567, 40.658393 ], [ -73.91378, 40.656783 ], [ -73.912339, 40.655531 ], [ -73.911996, 40.655561 ], [ -73.910123, 40.655852 ], [ -73.909726, 40.654313 ], [ -73.909682, 40.654143 ], [ -73.909335, 40.652809 ], [ -73.908558, 40.652096 ], [ -73.909449, 40.651522 ], [ -73.911101, 40.650448 ], [ -73.911823, 40.649984 ], [ -73.913253, 40.649061 ], [ -73.914732, 40.648101 ], [ -73.916937, 40.646683 ], [ -73.919951, 40.644707 ], [ -73.919729, 40.642725 ], [ -73.921609, 40.641687 ], [ -73.923327, 40.6399 ], [ -73.923565, 40.642499 ], [ -73.925382, 40.642384 ], [ -73.925743, 40.640014 ], [ -73.926082, 40.638163 ], [ -73.926146, 40.637568 ], [ -73.926788, 40.636108 ], [ -73.927448, 40.635259 ], [ -73.931531, 40.635006 ], [ -73.932235, 40.634963 ], [ -73.9325, 40.634947 ], [ -73.933427, 40.634884 ], [ -73.934395, 40.634827 ], [ -73.93536, 40.634767 ], [ -73.937267, 40.634651 ], [ -73.937013, 40.632304 ], [ -73.937593, 40.632268 ], [ -73.940788, 40.632076 ], [ -73.941757, 40.632017 ], [ -73.944629, 40.631838 ], [ -73.945617, 40.631778 ], [ -73.945868, 40.634117 ], [ -73.946805, 40.634059 ], [ -73.947774, 40.633999 ], [ -73.948015, 40.636267 ], [ -73.948265, 40.638607 ], [ -73.949233, 40.638548 ], [ -73.949685, 40.63852 ], [ -73.950167, 40.638491 ], [ -73.951158, 40.638428 ], [ -73.952133, 40.638423 ], [ -73.9536, 40.638422 ], [ -73.953743, 40.638566 ], [ -73.954043, 40.638878 ], [ -73.954281, 40.640589 ], [ -73.954525, 40.642887 ], [ -73.954665, 40.644197 ], [ -73.95473, 40.644772 ], [ -73.955652, 40.646631 ], [ -73.958107, 40.646518 ], [ -73.958141, 40.647504 ], [ -73.95815, 40.647768 ], [ -73.958707, 40.650387 ] ] ] } },
{ "type": "Feature", "properties": { "STATEFP20": "36", "PUMACE20": "04263", "AFFGEOID20": "795P200US3604263", "GEOID20": "3604263", "NAMELSAD20": "NYC-Bronx Community Districts 3 & 6--Morrisania, Tremont, Belmont, & West Farms PUMA", "STUSPS20": "NY", "ST_NAME20": "New York", "LSAD20": "P0", "ALAND20": 11443805, "AWATER20": 39710, "puma_geoid": "3604263", "display": "Morrisania, Tremont, Belmont, & West Farms (Bronx CD 3 & 6)", "place": "Morrisania, Tremont, Belmont, & West Farms", "NAME": "NYC-Bronx Community Districts 3 & 6--Morrisania, Tremont, Belmont, & West Farms PUMA; New York", "total_housing_units": 67793, "occupied_units": 64902, "vacant_units": 2891, "vacancy_rate": 0.042644520820733701, "median_gross_rent": 1239, "median_gross_rent_display": "$1,239", "median_home_value": 528400, "median_home_value_display": "$528,400", "home_value_topcoded": false, "borough": "Bronx", "district": "CD 3 & 6", "city": "NYC" }, "geometry": { "type": "Polygon", "coordinates": [ [ [ -73.916088, 40.824838 ], [ -73.916309, 40.824903 ], [ -73.916614, 40.824992 ], [ -73.915451, 40.825748 ], [ -73.913512, 40.824805 ], [ -73.913167, 40.825457 ], [ -73.91131, 40.824849 ], [ -73.911794, 40.826428 ], [ -73.911694, 40.827759 ], [ -73.910307, 40.828773 ], [ -73.90896, 40.830226 ], [ -73.909713, 40.83047 ], [ -73.91049, 40.830737 ], [ -73.909621, 40.832281 ], [ -73.908691, 40.833938 ], [ -73.907402, 40.836232 ], [ -73.906906, 40.837023 ], [ -73.905979, 40.838505 ], [ -73.905383, 40.839769 ], [ -73.905607, 40.839844 ], [ -73.905312, 40.840455 ], [ -73.905032, 40.842263 ], [ -73.905, 40.842535 ], [ -73.904937, 40.843375 ], [ -73.904851, 40.844726 ], [ -73.902633, 40.84467 ], [ -73.901304, 40.844477 ], [ -73.899671, 40.847438 ], [ -73.898086, 40.850213 ], [ -73.897087, 40.851969 ], [ -73.896624, 40.852787 ], [ -73.895609, 40.854571 ], [ -73.89644, 40.854908 ], [ -73.896007, 40.855596 ], [ -73.8958, 40.855909 ], [ -73.895581, 40.856246 ], [ -73.895263, 40.856743 ], [ -73.893885, 40.85882 ], [ -73.893808, 40.858942 ], [ -73.893215, 40.859874 ], [ -73.891447, 40.861634 ], [ -73.891815, 40.861817 ], [ -73.890654, 40.862955 ], [ -73.890161, 40.863477 ], [ -73.888896, 40.864754 ], [ -73.888122, 40.864255 ], [ -73.886833, 40.86539 ], [ -73.885937, 40.865924 ], [ -73.88514, 40.866383 ], [ -73.884429, 40.866801 ], [ -73.883625, 40.867258 ], [ -73.883079, 40.866593 ], [ -73.87986, 40.868274 ], [ -73.876292, 40.870526 ], [ -73.874367, 40.872701 ], [ -73.872553, 40.875175 ], [ -73.871605, 40.876922 ], [ -73.870944, 40.878511 ], [ -73.870148, 40.878314 ], [ -73.869435, 40.878129 ], [ -73.870029, 40.87649 ], [ -73.870313, 40.875341 ], [ -73.870377, 40.873285 ], [ -73.870562, 40.871511 ], [ -73.870537, 40.869674 ], [ -73.870492, 40.867951 ], [ -73.870455, 40.866633 ], [ -73.870419, 40.865363 ], [ -73.870462, 40.863272 ], [ -73.870579, 40.861405 ], [ -73.870884, 40.858895 ], [ -73.870977, 40.858197 ], [ -73.871033, 40.857808 ], [ -73.869549, 40.857726 ], [ -73.868383, 40.857812 ], [ -73.868859, 40.857225 ], [ -73.869889, 40.855971 ], [ -73.869815, 40.855484 ], [ -73.869377, 40.854266 ], [ -73.868609, 40.852088 ], [ -73.868235, 40.850913 ], [ -73.869209, 40.849239 ], [ -73.868374, 40.84897 ], [ -73.868355, 40.84708 ], [ -73.868787, 40.846656 ], [ -73.868283, 40.844967 ], [ -73.868019, 40.844841 ], [ -73.868127, 40.844787 ], [ -73.868892, 40.84441 ], [ -73.869595, 40.843981 ], [ -73.870301, 40.843549 ], [ -73.870995, 40.843112 ], [ -73.872253, 40.841601 ], [ -73.872469, 40.841316 ], [ -73.872808, 40.840869 ], [ -73.873268, 40.84022 ], [ -73.873561, 40.839794 ], [ -73.872843, 40.839758 ], [ -73.873229, 40.838156 ], [ -73.873659, 40.836905 ], [ -73.873824, 40.836399 ], [ -73.873843, 40.836327 ], [ -73.873943, 40.83598 ], [ -73.875207, 40.836109 ], [ -73.875887, 40.836164 ], [ -73.876937, 40.836137 ], [ -73.877968, 40.835615 ], [ -73.879252, 40.834424 ], [ -73.879983, 40.83468 ], [ -73.882354, 40.831505 ], [ -73.883887, 40.829809 ], [ -73.883832, 40.828271 ], [ -73.884531, 40.825647 ], [ -73.884411, 40.82297 ], [ -73.885058, 40.822916 ], [ -73.887201, 40.8226 ], [ -73.88797, 40.82226 ], [ -73.88761, 40.823284 ], [ -73.886895, 40.823717 ], [ -73.886613, 40.825329 ], [ -73.886092, 40.827695 ], [ -73.8864, 40.827503 ], [ -73.887895, 40.826743 ], [ -73.88885, 40.826768 ], [ -73.890905, 40.826788 ], [ -73.891913, 40.826794 ], [ -73.892933, 40.826787 ], [ -73.893868, 40.826515 ], [ -73.894836, 40.82624 ], [ -73.895063, 40.828013 ], [ -73.895292, 40.828143 ], [ -73.895603, 40.828316 ], [ -73.897002, 40.82805 ], [ -73.898205, 40.827889 ], [ -73.899797, 40.827685 ], [ -73.900935, 40.827928 ], [ -73.901651, 40.826217 ], [ -73.900541, 40.825944 ], [ -73.901176, 40.824389 ], [ -73.901877, 40.822705 ], [ -73.901988, 40.82244 ], [ -73.900845, 40.821542 ], [ -73.901292, 40.820475 ], [ -73.902668, 40.820803 ], [ -73.903793, 40.821091 ], [ -73.904897, 40.821371 ], [ -73.905659, 40.821557 ], [ -73.906457, 40.821715 ], [ -73.907427, 40.821945 ], [ -73.908418, 40.822181 ], [ -73.909413, 40.822418 ], [ -73.909497, 40.822438 ], [ -73.9107, 40.822324 ], [ -73.911745, 40.822107 ], [ -73.912876, 40.822441 ], [ -73.914506, 40.822942 ], [ -73.916216, 40.823468 ], [ -73.915877, 40.824104 ], [ -73.916773, 40.824387 ], [ -73.916088, 40.824838 ] ] ] } },
{ "type": "Feature", "properties": { "STATEFP20": "36", "PUMACE20": "04121", "AFFGEOID20": "795P200US3604121", "GEOID20": "3604121", "NAMELSAD20": "NYC-Manhattan Community Districts 1 & 2--Financial District & Greenwich Village PUMA", "STUSPS20": "NY", "ST_NAME20": "New York", "LSAD20": "P0", "ALAND20": 7626803, "AWATER20": 7765893, "puma_geoid": "3604121", "display": "Financial District & Greenwich Village (Manhattan CD 1 & 2)", "place": "Financial District & Greenwich Village", "NAME": "NYC-Manhattan Community Districts 1 & 2--Financial District & Greenwich Village PUMA; New York", "total_housing_units": 98225, "occupied_units": 79871, "vacant_units": 18354, "vacancy_rate": 0.18685670654110459, "median_gross_rent": 3476, "median_gross_rent_display": "$3,476", "median_home_value": 1589300, "median_home_value_display": "$1,589,300", "home_value_topcoded": false, "borough": "Manhattan", "district": "CD 1 & 2", "city": "NYC" }, "geometry": { "type": "MultiPolygon", "coordinates": [ [ [ [ -74.005417579018598, 40.690156842125198 ], [ -74.004883519493603, 40.690936139483703 ], [ -74.004403167645506, 40.691637066831198 ], [ -74.003451819438794, 40.693025270036401 ], [ -74.002402073742701, 40.694557054434398 ], [ -74.001770637855799, 40.695478442960599 ], [ -74.001021102565801, 40.696572161627003 ], [ -74.000789344233297, 40.696910342387497 ], [ -74.000289440292406, 40.6976398000646 ], [ -73.999232809394996, 40.699181631318702 ], [ -73.998644207221304, 40.700040517075003 ], [ -73.998459260798995, 40.700310390097798 ], [ -73.9975, 40.699653 ], [ -73.998032, 40.698762 ], [ -73.998847, 40.697141 ], [ -73.99942, 40.696361 ], [ -73.999461, 40.69628 ], [ -73.999604, 40.696069 ], [ -74.000277, 40.694959 ], [ -74.000701, 40.694388 ], [ -74.000959, 40.694069 ], [ -74.001744, 40.692407 ], [ -74.001969, 40.691843 ], [ -74.000699, 40.690612 ], [ -74.001963, 40.690136 ], [ -74.002993, 40.690427 ], [ -74.003409, 40.689613 ], [ -74.004593, 40.688215 ], [ -74.006414496510402, 40.688702144415601 ], [ -74.005417579018598, 40.690156842125198 ] ] ], [ [ [ -74.023065773904804, 40.720413970726497 ], [ -74.023017906195506, 40.720610733903897 ], [ -74.022288298978296, 40.723609829458397 ], [ -74.021889095515704, 40.725250779960902 ], [ -74.021831639725704, 40.725486955536198 ], [ -74.021351206279405, 40.727461806907002 ], [ -74.021311717749697, 40.727624126948903 ], [ -74.021018449824197, 40.7288296228798 ], [ -74.020968, 40.729037 ], [ -74.0206385265314, 40.730390884779403 ], [ -74.020062222695799, 40.732759054193998 ], [ -74.019427078489898, 40.735369012672898 ], [ -74.019184431915903, 40.736366105108502 ], [ -74.018137691177003, 40.740667411554902 ], [ -74.017398226923802, 40.743706045899003 ], [ -74.017282893472498, 40.744179978458703 ], [ -74.009331, 40.742572 ], [ -74.008699, 40.742362 ], [ -74.008204, 40.742148 ], [ -74.005366, 40.740945 ], [ -74.005158, 40.740858 ], [ -74.005063, 40.740818 ], [ -74.002744, 40.739845 ], [ -74.002523, 40.739753 ], [ -73.999684, 40.738552 ], [ -73.99684, 40.737361 ], [ -73.993617, 40.736005 ], [ -73.991715, 40.735215 ], [ -73.990754, 40.734839 ], [ -73.989903, 40.734435 ], [ -73.989868, 40.733528 ], [ -73.990212, 40.731996 ], [ -73.99039, 40.731289 ], [ -73.990505, 40.730565 ], [ -73.990722, 40.729897 ], [ -73.990757, 40.729741 ], [ -73.991285, 40.727762 ], [ -73.991548, 40.727089 ], [ -73.991638, 40.726833 ], [ -73.991794, 40.726391 ], [ -73.992209, 40.725231 ], [ -73.992326, 40.724909 ], [ -73.992604, 40.724136 ], [ -73.993259, 40.722353 ], [ -73.993523, 40.721632 ], [ -73.993795, 40.720937 ], [ -73.994035, 40.720323 ], [ -73.994378, 40.719519 ], [ -73.994808, 40.718457 ], [ -73.996059, 40.716232 ], [ -73.996984, 40.716541 ], [ -73.997763, 40.716814 ], [ -73.998589, 40.717099 ], [ -73.999313, 40.71755 ], [ -74.000138, 40.7162 ], [ -74.000789, 40.715291 ], [ -74.000455, 40.714365 ], [ -74.000746, 40.71451 ], [ -74.001569, 40.713685 ], [ -74.000891, 40.713015 ], [ -74.000873, 40.711697 ], [ -74.00051, 40.710984 ], [ -74.000776, 40.71064 ], [ -74.001419, 40.709815 ], [ -73.999495, 40.708279 ], [ -73.999177, 40.708022 ], [ -73.994498, 40.704318 ], [ -73.995069, 40.703102 ], [ -73.995138, 40.70298 ], [ -73.997747178028703, 40.701349458208902 ], [ -73.996357, 40.703378 ], [ -73.996371533420202, 40.703420668143302 ], [ -73.997121, 40.705621 ], [ -74.0001, 40.706351 ], [ -74.001094251866704, 40.705889447926197 ], [ -74.001515222997, 40.705694024508198 ], [ -74.001986797765795, 40.705475109844997 ], [ -74.002198036341397, 40.705377048573098 ], [ -74.002585234171093, 40.705197303412703 ], [ -74.002750777661504, 40.705120454735003 ], [ -74.003322549159904, 40.704855026698503 ], [ -74.004245138642602, 40.704426741770597 ], [ -74.004284283293202, 40.704408570022302 ], [ -74.007732598464997, 40.702807791515497 ], [ -74.012691, 40.700506 ], [ -74.013665105652706, 40.700830791655299 ], [ -74.016308, 40.701712 ], [ -74.0176663601423, 40.703974531754099 ], [ -74.0177705118913, 40.704148010518701 ], [ -74.017830126105096, 40.704247306020299 ], [ -74.017985834287799, 40.704506658968498 ], [ -74.018867884075306, 40.705975831679702 ], [ -74.019215, 40.706554 ], [ -74.019114433830893, 40.707033 ], [ -74.018722648744102, 40.708899085365601 ], [ -74.018385945730401, 40.710502812990001 ], [ -74.018001921932495, 40.712331931079802 ], [ -74.017987221647999, 40.712401949022599 ], [ -74.017728761438605, 40.713633003574301 ], [ -74.017436104084595, 40.715026940260501 ], [ -74.017138256311299, 40.7164455990862 ], [ -74.017105, 40.716604 ], [ -74.017536379045197, 40.716836907838598 ], [ -74.023193, 40.719891 ], [ -74.023065773904804, 40.720413970726497 ] ] ], [ [ [ -74.026288, 40.686317 ], [ -74.025916817874403, 40.6867033290685 ], [ -74.019838722150496, 40.693029455510597 ], [ -74.0195, 40.693382 ], [ -74.01546, 40.693382 ], [ -74.012132, 40.690679 ], [ -74.013429, 40.687953 ], [ -74.016173, 40.687075 ], [ -74.016948245065507, 40.686760273645 ], [ -74.017029316295904, 40.6867273611455 ], [ -74.019858, 40.685579 ], [ -74.024638, 40.683943 ], [ -74.026302, 40.684844 ], [ -74.026288, 40.686317 ] ] ], [ [ [ -74.039944, 40.70082 ], [ -74.037615, 40.69921 ], [ -74.038997, 40.697619 ], [ -74.042196, 40.699966 ], [ -74.039944, 40.70082 ] ] ], [ [ [ -74.047083, 40.691062 ], [ -74.04583, 40.691291 ], [ -74.043577, 40.690305 ], [ -74.043247, 40.689338 ], [ -74.044451, 40.688445 ], [ -74.045733, 40.688605 ], [ -74.04741, 40.690232 ], [ -74.047083, 40.691062 ] ] ] ] } },
{ "type": "Feature", "properties": { "STATEFP20": "36", "PUMACE20": "04407", "AFFGEOID20": "795P200US3604407", "GEOID20": "3604407", "NAMELSAD20": "NYC-Queens Community District 7--Flushing, Murray Hill, & Whitestone PUMA", "STUSPS20": "NY", "ST_NAME20": "New York", "LSAD20": "P0", "ALAND20": 30498417, "AWATER20": 11935113, "puma_geoid": "3604407", "display": "Flushing, Murray Hill, & Whitestone (Queens CD 7)", "place": "Flushing, Murray Hill, & Whitestone", "NAME": "NYC-Queens Community District 7--Flushing, Murray Hill, & Whitestone PUMA; New York", "total_housing_units": 99478, "occupied_units": 93405, "vacant_units": 6073, "vacancy_rate": 0.061048674078690697, "median_gross_rent": 1824, "median_gross_rent_display": "$1,824", "median_home_value": 812800, "median_home_value_display": "$812,800", "home_value_topcoded": false, "borough": "Queens", "district": "CD 7", "city": "NYC" }, "geometry": { "type": "Polygon", "coordinates": [ [ [ -73.870809, 40.787897 ], [ -73.870973, 40.789057 ], [ -73.870207, 40.790909 ], [ -73.867118, 40.793742 ], [ -73.863147, 40.797497 ], [ -73.862965, 40.79767 ], [ -73.854632, 40.799724 ], [ -73.853072, 40.800113 ], [ -73.846654, 40.801024 ], [ -73.844076, 40.801023 ], [ -73.835409, 40.802199 ], [ -73.831706, 40.802894 ], [ -73.830676, 40.803108 ], [ -73.827583, 40.803936 ], [ -73.823438, 40.80481 ], [ -73.817418, 40.80579 ], [ -73.811299, 40.805397 ], [ -73.799745, 40.802199 ], [ -73.794111943144699, 40.800539354068 ], [ -73.794809333333305, 40.794885716895003 ], [ -73.795206, 40.79167 ], [ -73.793879, 40.789013 ], [ -73.791795560169305, 40.789242736159402 ], [ -73.790828976112195, 40.789349319179301 ], [ -73.786934607244902, 40.789778742354301 ], [ -73.78413, 40.790088 ], [ -73.782186523344706, 40.791122732168802 ], [ -73.780798, 40.791862 ], [ -73.78071, 40.795628 ], [ -73.778271, 40.796725 ], [ -73.775558, 40.795613 ], [ -73.770642, 40.788379 ], [ -73.772698866319999, 40.787173961579001 ], [ -73.774117799743493, 40.786342663368004 ], [ -73.774147786037005, 40.786325095558503 ], [ -73.774334, 40.786216 ], [ -73.770669639201998, 40.782047514384097 ], [ -73.767843, 40.778832 ], [ -73.767606399503507, 40.778388797854298 ], [ -73.768642, 40.779087 ], [ -73.771132, 40.778341 ], [ -73.775537, 40.777026 ], [ -73.775839, 40.778613 ], [ -73.779397, 40.777686 ], [ -73.779477, 40.777664 ], [ -73.780362, 40.777387 ], [ -73.782798, 40.776666 ], [ -73.784076, 40.776289 ], [ -73.784593, 40.776141 ], [ -73.785694, 40.775813 ], [ -73.789842, 40.774687 ], [ -73.791483, 40.774278 ], [ -73.791635, 40.774239 ], [ -73.792713, 40.773788 ], [ -73.793383, 40.773482 ], [ -73.795657, 40.773031 ], [ -73.795134, 40.772649 ], [ -73.793237, 40.770468 ], [ -73.793179, 40.770403 ], [ -73.793422, 40.7686 ], [ -73.793959, 40.764695 ], [ -73.793025, 40.764621 ], [ -73.793225, 40.763142 ], [ -73.793345, 40.762295 ], [ -73.793437, 40.761597 ], [ -73.793443, 40.761185 ], [ -73.79344, 40.760764 ], [ -73.79076, 40.760986 ], [ -73.790535, 40.759373 ], [ -73.790315, 40.757823 ], [ -73.79303, 40.757756 ], [ -73.794025, 40.757736 ], [ -73.794932, 40.757798 ], [ -73.794747, 40.755628 ], [ -73.794577, 40.753563 ], [ -73.794719, 40.750648 ], [ -73.796049, 40.75005 ], [ -73.797295, 40.749435 ], [ -73.794723, 40.747599 ], [ -73.794676, 40.747212 ], [ -73.794453, 40.745203 ], [ -73.794535, 40.744508 ], [ -73.795431, 40.743264 ], [ -73.796951, 40.741933 ], [ -73.797268, 40.740564 ], [ -73.797224, 40.740098 ], [ -73.797177, 40.739987 ], [ -73.796408, 40.738593 ], [ -73.796302, 40.738333 ], [ -73.797408, 40.738261 ], [ -73.802024, 40.738357 ], [ -73.804667, 40.738445 ], [ -73.806323, 40.738491 ], [ -73.809414, 40.738603 ], [ -73.813222, 40.73876 ], [ -73.815057, 40.738987 ], [ -73.814968, 40.73855 ], [ -73.816077, 40.738858 ], [ -73.820064, 40.738828 ], [ -73.824868, 40.739863 ], [ -73.824812, 40.739631 ], [ -73.828053, 40.738556 ], [ -73.830536, 40.73752 ], [ -73.83122, 40.740953 ], [ -73.831131, 40.742338 ], [ -73.835861, 40.743228 ], [ -73.835896, 40.743381 ], [ -73.835925, 40.743501 ], [ -73.835676, 40.744851 ], [ -73.835503, 40.745328 ], [ -73.835399, 40.74552 ], [ -73.834629, 40.746896 ], [ -73.833099, 40.747994 ], [ -73.832181, 40.751506 ], [ -73.832295, 40.751942 ], [ -73.835602, 40.751395 ], [ -73.837674, 40.754114 ], [ -73.837917, 40.754541 ], [ -73.838211, 40.755253 ], [ -73.838619, 40.757045 ], [ -73.843244, 40.755337 ], [ -73.845975, 40.760717 ], [ -73.846017, 40.760805 ], [ -73.846709, 40.761345 ], [ -73.848515, 40.763822 ], [ -73.849215, 40.764209 ], [ -73.850281, 40.76606 ], [ -73.853702, 40.76948 ], [ -73.852642, 40.77208 ], [ -73.852897, 40.775457 ], [ -73.860505, 40.778984 ], [ -73.86542, 40.78497 ], [ -73.871631, 40.786798 ], [ -73.870809, 40.787897 ] ] ] } },
{ "type": "Feature", "properties": { "STATEFP20": "36", "PUMACE20": "04306", "AFFGEOID20": "795P200US3604306", "GEOID20": "3604306", "NAMELSAD20": "NYC-Brooklyn Community District 6--Park Slope & Carroll Gardens PUMA", "STUSPS20": "NY", "ST_NAME20": "New York", "LSAD20": "P0", "ALAND20": 10314609, "AWATER20": 5740650, "puma_geoid": "3604306", "display": "Park Slope & Carroll Gardens (Brooklyn CD 6)", "place": "Park Slope & Carroll Gardens", "NAME": "NYC-Brooklyn Community District 6--Park Slope & Carroll Gardens PUMA; New York", "total_housing_units": 56280, "occupied_units": 51747, "vacant_units": 4533, "vacancy_rate": 0.080543710021321893, "median_gross_rent": 2703, "median_gross_rent_display": "$2,703", "median_home_value": 1693000, "median_home_value_display": "$1,693,000", "home_value_topcoded": false, "borough": "Brooklyn", "district": "CD 6", "city": "NYC" }, "geometry": { "type": "Polygon", "coordinates": [ [ [ -74.018866667537495, 40.671579219476499 ], [ -74.018863492050997, 40.6722374978321 ], [ -74.018859751114206, 40.673012994024603 ], [ -74.018842762271802, 40.676534781043998 ], [ -74.018828, 40.679595 ], [ -74.018692265425102, 40.679677569194901 ], [ -74.015020168491404, 40.6819113558889 ], [ -74.014451679331501, 40.6822571756055 ], [ -74.012563384657895, 40.683405851033299 ], [ -74.0118616784127, 40.683832708521599 ], [ -74.0083751072696, 40.685953637344397 ], [ -74.008243, 40.686034 ], [ -74.008135663675603, 40.686190624702299 ], [ -74.008027137972505, 40.686348984940601 ], [ -74.007397278310506, 40.687268073446198 ], [ -74.006414496510402, 40.688702144415601 ], [ -74.004593, 40.688215 ], [ -74.003409, 40.689613 ], [ -74.002993, 40.690427 ], [ -74.001963, 40.690136 ], [ -74.000699, 40.690612 ], [ -74.001969, 40.691843 ], [ -74.001744, 40.692407 ], [ -74.000315, 40.691875 ], [ -73.997793, 40.691188 ], [ -73.996233, 40.690758 ], [ -73.994361, 40.690239 ], [ -73.992364, 40.68969 ], [ -73.993005, 40.688364 ], [ -73.993269, 40.687825 ], [ -73.993338, 40.687679 ], [ -73.993604, 40.687127 ], [ -73.99393, 40.686453 ], [ -73.991332, 40.685448 ], [ -73.989129, 40.68459 ], [ -73.988712, 40.685224 ], [ -73.988289, 40.685869 ], [ -73.986119, 40.685024 ], [ -73.983953, 40.684182 ], [ -73.981993, 40.683418 ], [ -73.979605, 40.682489 ], [ -73.978743, 40.68376 ], [ -73.978337, 40.684395 ], [ -73.978026, 40.684864 ], [ -73.977457, 40.684052 ], [ -73.975929, 40.683505 ], [ -73.97378, 40.683061 ], [ -73.973952, 40.682281 ], [ -73.974504, 40.680733 ], [ -73.974692, 40.680266 ], [ -73.974905, 40.679955 ], [ -73.974958, 40.679877 ], [ -73.975321, 40.679333 ], [ -73.97618, 40.678065 ], [ -73.973687, 40.677078 ], [ -73.971904, 40.676413 ], [ -73.969498, 40.675906 ], [ -73.969693, 40.67536 ], [ -73.968999, 40.674713 ], [ -73.968731, 40.673928 ], [ -73.968924, 40.672938 ], [ -73.967486, 40.672878 ], [ -73.966297, 40.672677 ], [ -73.962622, 40.671629 ], [ -73.962194, 40.669641 ], [ -73.961806, 40.667681 ], [ -73.961258, 40.664802 ], [ -73.960956, 40.663285 ], [ -73.962429, 40.663125 ], [ -73.962884, 40.662622 ], [ -73.962814, 40.660504 ], [ -73.9619, 40.654871 ], [ -73.964145, 40.653995 ], [ -73.966213, 40.653189 ], [ -73.965751, 40.6525 ], [ -73.965242, 40.651742 ], [ -73.964654, 40.650887 ], [ -73.965262, 40.650642 ], [ -73.967028, 40.649948 ], [ -73.968793, 40.649249 ], [ -73.969672, 40.648898 ], [ -73.971397, 40.648258 ], [ -73.971916, 40.650056 ], [ -73.972082, 40.650635 ], [ -73.97262, 40.650835 ], [ -73.972683, 40.652639 ], [ -73.973051, 40.653913 ], [ -73.973555, 40.655644 ], [ -73.973792, 40.656392 ], [ -73.974482, 40.658339 ], [ -73.975157, 40.658723 ], [ -73.977511, 40.659863 ], [ -73.980061, 40.660791 ], [ -73.980171, 40.661155 ], [ -73.982231, 40.662142 ], [ -73.984591, 40.663284 ], [ -73.986951, 40.664425 ], [ -73.989312, 40.665567 ], [ -73.991734, 40.666736 ], [ -73.992238, 40.666133 ], [ -73.99277, 40.665507 ], [ -73.994845, 40.666805 ], [ -73.996033, 40.66806 ], [ -73.996528, 40.668894 ], [ -73.997014, 40.669312 ], [ -73.997624, 40.670274 ], [ -73.998457, 40.671568 ], [ -73.998619, 40.67183 ], [ -73.999021, 40.671429 ], [ -73.999457, 40.67014 ], [ -74.000175, 40.668601 ], [ -74.001454, 40.667633 ], [ -74.002189985184799, 40.6673397393008 ], [ -74.002315, 40.66754 ], [ -74.002692363075496, 40.6675943022463 ], [ -74.006042133228405, 40.668076331505702 ], [ -74.006999896162597, 40.668214152829798 ], [ -74.009855, 40.668625 ], [ -74.009963712668906, 40.668416052807302 ], [ -74.011663, 40.66515 ], [ -74.016021, 40.664674 ], [ -74.016429501787201, 40.664911648981899 ], [ -74.016544276238093, 40.664978419880399 ], [ -74.017819, 40.66572 ], [ -74.018774792880393, 40.670806931984302 ], [ -74.018868, 40.671303 ], [ -74.018866667537495, 40.671579219476499 ] ] ] } },
{ "type": "Feature", "properties": { "STATEFP20": "36", "PUMACE20": "04408", "AFFGEOID20": "795P200US3604408", "GEOID20": "3604408", "NAMELSAD20": "NYC-Queens Community District 8--Fresh Meadows, Hillcrest, & Briarwood PUMA", "STUSPS20": "NY", "ST_NAME20": "New York", "LSAD20": "P0", "ALAND20": 18802264, "AWATER20": 0, "puma_geoid": "3604408", "display": "Fresh Meadows, Hillcrest, & Briarwood (Queens CD 8)", "place": "Fresh Meadows, Hillcrest, & Briarwood", "NAME": "NYC-Queens Community District 8--Fresh Meadows, Hillcrest, & Briarwood PUMA; New York", "total_housing_units": 59176, "occupied_units": 55988, "vacant_units": 3188, "vacancy_rate": 0.053873191834527497, "median_gross_rent": 1845, "median_gross_rent_display": "$1,845", "median_home_value": 772600, "median_home_value_display": "$772,600", "home_value_topcoded": false, "borough": "Queens", "district": "CD 8", "city": "NYC" }, "geometry": { "type": "Polygon", "coordinates": [ [ [ -73.837089, 40.741748 ], [ -73.835861, 40.743228 ], [ -73.831131, 40.742338 ], [ -73.83122, 40.740953 ], [ -73.830536, 40.73752 ], [ -73.828053, 40.738556 ], [ -73.824812, 40.739631 ], [ -73.824868, 40.739863 ], [ -73.820064, 40.738828 ], [ -73.816077, 40.738858 ], [ -73.814968, 40.73855 ], [ -73.815057, 40.738987 ], [ -73.813222, 40.73876 ], [ -73.809414, 40.738603 ], [ -73.806323, 40.738491 ], [ -73.804667, 40.738445 ], [ -73.802024, 40.738357 ], [ -73.797408, 40.738261 ], [ -73.796302, 40.738333 ], [ -73.792916, 40.739217 ], [ -73.786713, 40.740911 ], [ -73.783132, 40.7419 ], [ -73.780409, 40.742631 ], [ -73.775759, 40.743367 ], [ -73.772445, 40.74392 ], [ -73.771638, 40.744197 ], [ -73.768277, 40.745695 ], [ -73.767756, 40.74583 ], [ -73.766979, 40.744223 ], [ -73.765568, 40.743258 ], [ -73.765151, 40.742437 ], [ -73.764315, 40.740673 ], [ -73.763609, 40.739175 ], [ -73.762683, 40.737256 ], [ -73.762486, 40.736731 ], [ -73.762733, 40.735262 ], [ -73.765041, 40.734477 ], [ -73.7637, 40.732864 ], [ -73.765551, 40.732544 ], [ -73.763413, 40.730466 ], [ -73.762263, 40.729605 ], [ -73.759882, 40.728235 ], [ -73.75845, 40.727537 ], [ -73.756783, 40.726306 ], [ -73.75688, 40.726279 ], [ -73.75671, 40.726179 ], [ -73.756028, 40.725596 ], [ -73.755244, 40.724783 ], [ -73.754969, 40.72416 ], [ -73.755771, 40.72364 ], [ -73.756547, 40.723088 ], [ -73.759441, 40.721063 ], [ -73.761138, 40.720329 ], [ -73.761967, 40.72 ], [ -73.764469, 40.71889 ], [ -73.765242, 40.718446 ], [ -73.765398, 40.718356 ], [ -73.766641, 40.717647 ], [ -73.767332, 40.71729 ], [ -73.771921, 40.715685 ], [ -73.773571, 40.71512 ], [ -73.774442, 40.714905 ], [ -73.775299, 40.714696 ], [ -73.775715, 40.714598 ], [ -73.776186, 40.714486 ], [ -73.777123, 40.714262 ], [ -73.777306, 40.714209 ], [ -73.778001, 40.714051 ], [ -73.77887, 40.713849 ], [ -73.779651, 40.713654 ], [ -73.780589, 40.713428 ], [ -73.781783, 40.71314 ], [ -73.782366, 40.713003 ], [ -73.783561, 40.712711 ], [ -73.785353, 40.712284 ], [ -73.786575, 40.711972 ], [ -73.787847, 40.711811 ], [ -73.789012, 40.712073 ], [ -73.790215, 40.711717 ], [ -73.791014, 40.711433 ], [ -73.792029, 40.711069 ], [ -73.793038, 40.710711 ], [ -73.794731, 40.710012 ], [ -73.795617, 40.709753 ], [ -73.797314, 40.70927 ], [ -73.797768, 40.709143 ], [ -73.798701, 40.710663 ], [ -73.801069, 40.709818 ], [ -73.801933, 40.708912 ], [ -73.803024, 40.70814 ], [ -73.80367, 40.708743 ], [ -73.804841, 40.709338 ], [ -73.805012, 40.709473 ], [ -73.805482, 40.710089 ], [ -73.807179, 40.709603 ], [ -73.808046, 40.709357 ], [ -73.807622, 40.708731 ], [ -73.806949, 40.707367 ], [ -73.809348, 40.706685 ], [ -73.812012, 40.705945 ], [ -73.811904, 40.705124 ], [ -73.811802, 40.704366 ], [ -73.811773, 40.704181 ], [ -73.811632, 40.703052 ], [ -73.811529, 40.702273 ], [ -73.811905, 40.702337 ], [ -73.813018, 40.702495 ], [ -73.814294, 40.702531 ], [ -73.816477, 40.70245 ], [ -73.818313, 40.706164 ], [ -73.819459, 40.708396 ], [ -73.820662, 40.709869 ], [ -73.823426, 40.712284 ], [ -73.823955, 40.712853 ], [ -73.824283, 40.713826 ], [ -73.825705, 40.716063 ], [ -73.823588, 40.71637 ], [ -73.821892, 40.716759 ], [ -73.820323, 40.71666 ], [ -73.819305, 40.717136 ], [ -73.821705, 40.71736 ], [ -73.823726, 40.717481 ], [ -73.824881, 40.717365 ], [ -73.825859, 40.720463 ], [ -73.826726, 40.723082 ], [ -73.827129, 40.724304 ], [ -73.827555, 40.724961 ], [ -73.830255, 40.726143 ], [ -73.831468, 40.727664 ], [ -73.8317, 40.728034 ], [ -73.833071, 40.729919 ], [ -73.833863, 40.730553 ], [ -73.836081, 40.734334 ], [ -73.836044, 40.739173 ], [ -73.836628, 40.739252 ], [ -73.837089, 40.741748 ] ] ] } },
{ "type": "Feature", "properties": { "STATEFP20": "36", "PUMACE20": "04501", "AFFGEOID20": "795P200US3604501", "GEOID20": "3604501", "NAMELSAD20": "NYC-Staten Island Community District 1--North Shore PUMA", "STUSPS20": "NY", "ST_NAME20": "New York", "LSAD20": "P0", "ALAND20": 35414911, "AWATER20": 9184684, "puma_geoid": "3604501", "display": "North Shore (Staten Island CD 1)", "place": "North Shore", "NAME": "NYC-Staten Island Community District 1--North Shore PUMA; New York", "total_housing_units": 70469, "occupied_units": 63099, "vacant_units": 7370, "vacancy_rate": 0.1045849948204174, "median_gross_rent": 1629, "median_gross_rent_display": "$1,629", "median_home_value": 590700, "median_home_value_display": "$590,700", "home_value_topcoded": false, "borough": "Staten Island", "district": "CD 1", "city": "NYC" }, "geometry": { "type": "MultiPolygon", "coordinates": [ [ [ [ -74.161536, 40.644157 ], [ -74.160925, 40.644952 ], [ -74.158829, 40.644591 ], [ -74.158049408250207, 40.643814846903098 ], [ -74.157242, 40.643011 ], [ -74.158905, 40.641369 ], [ -74.161255, 40.64179 ], [ -74.161536, 40.644157 ] ] ], [ [ [ -74.196190765716295, 40.635265081474301 ], [ -74.188659301433404, 40.641814791726603 ], [ -74.187715, 40.642636 ], [ -74.181503, 40.644649 ], [ -74.177988, 40.642553 ], [ -74.174258, 40.64463 ], [ -74.171103454938404, 40.642747811359698 ], [ -74.170765022103794, 40.642545882262397 ], [ -74.170187, 40.642201 ], [ -74.169884024116399, 40.642128346332598 ], [ -74.167647659596597, 40.641592065748398 ], [ -74.165809776652495, 40.641151341112298 ], [ -74.165383, 40.641049 ], [ -74.164630523145306, 40.640599037891 ], [ -74.161433, 40.638687 ], [ -74.160159480985598, 40.638414116002501 ], [ -74.154497807598602, 40.6372009577778 ], [ -74.1544, 40.63718 ], [ -74.149412, 40.637558 ], [ -74.148821, 40.638904 ], [ -74.144664884925803, 40.639267206061398 ], [ -74.143467076819604, 40.639371883423998 ], [ -74.143244936726106, 40.639391296415901 ], [ -74.142413, 40.639464 ], [ -74.141072, 40.640383 ], [ -74.140177655157103, 40.640612429407 ], [ -74.138923308636805, 40.640934211302003 ], [ -74.137659079349703, 40.641258528457598 ], [ -74.136514476594499, 40.641552157401101 ], [ -74.134414, 40.642091 ], [ -74.131278963019696, 40.641677844951403 ], [ -74.129846, 40.641489 ], [ -74.127466, 40.639878 ], [ -74.126975404959893, 40.639962979709203 ], [ -74.125668005518193, 40.640189444339399 ], [ -74.121591349748698, 40.640895592982098 ], [ -74.121589, 40.640896 ], [ -74.121588600056697, 40.640896478944498 ], [ -74.120892072038899, 40.6417305927435 ], [ -74.120374, 40.642351 ], [ -74.117533354930302, 40.643094604634598 ], [ -74.112458125236898, 40.6444231635462 ], [ -74.107899237593202, 40.645616557968097 ], [ -74.106805, 40.645903 ], [ -74.104758136183307, 40.645755739268402 ], [ -74.100022, 40.645415 ], [ -74.098933174602195, 40.645531966748301 ], [ -74.093813, 40.646082 ], [ -74.093149999126595, 40.646309906550201 ], [ -74.089594020949093, 40.6475322740487 ], [ -74.087673896840499, 40.648192316711103 ], [ -74.086485, 40.648601 ], [ -74.0806293067197, 40.648262702524399 ], [ -74.079042, 40.648171 ], [ -74.074315190992905, 40.644831297769599 ], [ -74.071548567543601, 40.6428765544131 ], [ -74.071494, 40.642838 ], [ -74.0719260897597, 40.641789498121398 ], [ -74.072251083781197, 40.641000872993601 ], [ -74.072307090546403, 40.640864967901599 ], [ -74.073105193931994, 40.6389283034001 ], [ -74.073537085921203, 40.637880281428302 ], [ -74.073578, 40.637781 ], [ -74.073531341307202, 40.636614867150399 ], [ -74.073299, 40.630808 ], [ -74.072557363663194, 40.627314 ], [ -74.072509256325503, 40.6270873565229 ], [ -74.0720396012713, 40.624874715801703 ], [ -74.071862, 40.624038 ], [ -74.0661431354049, 40.618777820688599 ], [ -74.065591587734502, 40.6182705102607 ], [ -74.064082, 40.616882 ], [ -74.063773248254194, 40.616478565487199 ], [ -74.063713403814603, 40.616400368966303 ], [ -74.062876344435594, 40.615306614364201 ], [ -74.060634061507102, 40.612376706004603 ], [ -74.060345, 40.611999 ], [ -74.060298356146106, 40.611945243281298 ], [ -74.060062022829797, 40.611672870771002 ], [ -74.059155709652202, 40.6106283511103 ], [ -74.056887905417, 40.608014722434199 ], [ -74.058011, 40.607369 ], [ -74.06043, 40.606354 ], [ -74.065163, 40.604201 ], [ -74.064761, 40.603663 ], [ -74.063769, 40.602127 ], [ -74.066265, 40.602838 ], [ -74.068928, 40.603826 ], [ -74.073085, 40.605374 ], [ -74.07659, 40.606005 ], [ -74.077867, 40.606066 ], [ -74.081644, 40.606178 ], [ -74.082909, 40.606307 ], [ -74.085559, 40.606906 ], [ -74.088888, 40.60823 ], [ -74.090568, 40.609002 ], [ -74.094473, 40.610329 ], [ -74.097658, 40.610503 ], [ -74.105349, 40.610215 ], [ -74.110535, 40.610254 ], [ -74.115014, 40.61108 ], [ -74.116764, 40.61087 ], [ -74.121339, 40.609684 ], [ -74.121384, 40.609899 ], [ -74.125845, 40.608862 ], [ -74.127323, 40.608661 ], [ -74.12879, 40.608487 ], [ -74.132123, 40.608275 ], [ -74.1364, 40.608023 ], [ -74.139831, 40.607825 ], [ -74.140901, 40.607787 ], [ -74.143992, 40.607741 ], [ -74.147209, 40.608259 ], [ -74.148381, 40.608649 ], [ -74.149969, 40.60954 ], [ -74.153689, 40.612322 ], [ -74.157312, 40.615155 ], [ -74.160501, 40.617416 ], [ -74.168725, 40.621209 ], [ -74.174108, 40.62226 ], [ -74.17767, 40.625066 ], [ -74.178845, 40.626106 ], [ -74.18642, 40.630294 ], [ -74.186531, 40.63021 ], [ -74.192314, 40.633249 ], [ -74.196190765716295, 40.635265081474301 ] ] ] ] } },
{ "type": "Feature", "properties": { "STATEFP20": "36", "PUMACE20": "04414", "AFFGEOID20": "795P200US3604414", "GEOID20": "3604414", "NAMELSAD20": "NYC-Queens Community District 14--The Rockaways PUMA", "STUSPS20": "NY", "ST_NAME20": "New York", "LSAD20": "P0", "ALAND20": 47466245, "AWATER20": 168025482, "puma_geoid": "3604414", "display": "The Rockaways (Queens CD 14)", "place": "The Rockaways", "NAME": "NYC-Queens Community District 14--The Rockaways PUMA; New York", "total_housing_units": 49665, "occupied_units": 45482, "vacant_units": 4183, "vacancy_rate": 0.084224302828953906, "median_gross_rent": 1462, "median_gross_rent_display": "$1,462", "median_home_value": 661100, "median_home_value_display": "$661,100", "home_value_topcoded": false, "borough": "Queens", "district": "CD 14", "city": "NYC" }, "geometry": { "type": "Polygon", "coordinates": [ [ [ -73.940542, 40.54404 ], [ -73.9401255435575, 40.550680647849497 ], [ -73.939917, 40.554006 ], [ -73.935379, 40.557387 ], [ -73.932114301927498, 40.557508460996601 ], [ -73.931616, 40.557527 ], [ -73.926310456871207, 40.5607560113015 ], [ -73.925461, 40.561273 ], [ -73.922307202211499, 40.562071763949703 ], [ -73.920113519186501, 40.562627359151001 ], [ -73.915868703849597, 40.563702445663097 ], [ -73.915630760057297, 40.563762709806802 ], [ -73.912931781598601, 40.564446281436403 ], [ -73.911243, 40.564874 ], [ -73.910396925951602, 40.564502128594803 ], [ -73.905844, 40.562501 ], [ -73.899751, 40.563441 ], [ -73.895178196050907, 40.566321985882297 ], [ -73.892091, 40.568267 ], [ -73.883063984567997, 40.568235208149503 ], [ -73.882437, 40.568233 ], [ -73.882293191430705, 40.568520304024901 ], [ -73.879222, 40.574656 ], [ -73.871418, 40.578535 ], [ -73.869232, 40.579342 ], [ -73.86751, 40.580229 ], [ -73.866005, 40.581001 ], [ -73.859492, 40.583938 ], [ -73.854937, 40.585974 ], [ -73.849852, 40.588669 ], [ -73.84668, 40.593209 ], [ -73.844437, 40.595855 ], [ -73.842017, 40.598313 ], [ -73.835876, 40.605637 ], [ -73.834463, 40.607193 ], [ -73.834283, 40.609186 ], [ -73.834008, 40.614425 ], [ -73.833422, 40.626782 ], [ -73.833041, 40.628261 ], [ -73.836238, 40.631111 ], [ -73.837652, 40.63284 ], [ -73.848338, 40.643521 ], [ -73.839999, 40.644143 ], [ -73.835664, 40.644058 ], [ -73.825337, 40.644248 ], [ -73.82641, 40.648261 ], [ -73.828392, 40.65603 ], [ -73.82987, 40.659967 ], [ -73.831781, 40.663674 ], [ -73.832705, 40.665406 ], [ -73.831742, 40.665182 ], [ -73.826832, 40.663709 ], [ -73.823008, 40.663836 ], [ -73.813337, 40.662806 ], [ -73.812067, 40.663031 ], [ -73.811206, 40.663327 ], [ -73.808177, 40.664525 ], [ -73.802162, 40.66525 ], [ -73.79509, 40.66489 ], [ -73.791188, 40.664333 ], [ -73.785053, 40.663443 ], [ -73.780791, 40.662332 ], [ -73.777241, 40.660789 ], [ -73.77383, 40.659651 ], [ -73.767353, 40.65616 ], [ -73.764388, 40.654558 ], [ -73.751616, 40.647235 ], [ -73.752019, 40.646665 ], [ -73.74943, 40.644925 ], [ -73.746264, 40.640487 ], [ -73.747, 40.637354 ], [ -73.748001, 40.634631 ], [ -73.767425, 40.626606 ], [ -73.768761, 40.624352 ], [ -73.768553, 40.623155 ], [ -73.767571, 40.621477 ], [ -73.767459, 40.620511 ], [ -73.766719, 40.615004 ], [ -73.765244, 40.614942 ], [ -73.763476, 40.613706 ], [ -73.763454, 40.61369 ], [ -73.760021, 40.611349 ], [ -73.75891, 40.611206 ], [ -73.757235, 40.610993 ], [ -73.754732, 40.610405 ], [ -73.753458, 40.61052 ], [ -73.750088, 40.611641 ], [ -73.74912, 40.611794 ], [ -73.747194, 40.611998 ], [ -73.746942, 40.611775 ], [ -73.745492, 40.611805 ], [ -73.744451, 40.610169 ], [ -73.743204, 40.607705 ], [ -73.743213, 40.607205 ], [ -73.741148, 40.60546 ], [ -73.740571, 40.60488 ], [ -73.738358, 40.60266 ], [ -73.738405, 40.598187 ], [ -73.738463, 40.595866 ], [ -73.737977, 40.594543 ], [ -73.737421, 40.593458 ], [ -73.737185, 40.592965 ], [ -73.743237, 40.592839 ], [ -73.74338, 40.592847 ], [ -73.744469, 40.592904 ], [ -73.747749, 40.591503 ], [ -73.7510310196989, 40.589008782958103 ], [ -73.750311, 40.59064 ], [ -73.751618589717395, 40.591390035514998 ], [ -73.752349, 40.591809 ], [ -73.752574140394103, 40.591819985424301 ], [ -73.752798133430204, 40.5918309148649 ], [ -73.754154245245402, 40.5918970845267 ], [ -73.755655355561402, 40.5919703291964 ], [ -73.757498405650793, 40.59206025836 ], [ -73.757903, 40.59208 ], [ -73.763825255631104, 40.5916204816629 ], [ -73.769708574249293, 40.591163984517898 ], [ -73.774928, 40.590759 ], [ -73.785302347374895, 40.588762557547803 ], [ -73.7857591786223, 40.588674644808499 ], [ -73.788440118385296, 40.588158723973997 ], [ -73.788487069208202, 40.588149688743897 ], [ -73.789157688831907, 40.588020634506798 ], [ -73.790890761849198, 40.587687121426903 ], [ -73.795594402719402, 40.586781951397903 ], [ -73.800375697588294, 40.5858618376107 ], [ -73.801434586431796, 40.585658064731 ], [ -73.803755452536706, 40.585211436576898 ], [ -73.806507918548405, 40.584681751210198 ], [ -73.806834, 40.584619 ], [ -73.809626018576196, 40.583892350337599 ], [ -73.809995832804802, 40.583796102631197 ], [ -73.815518355065294, 40.582358813148197 ], [ -73.821144102097193, 40.580894658426601 ], [ -73.829547177335996, 40.578707677352398 ], [ -73.834200212564298, 40.577496680224201 ], [ -73.834491, 40.577421 ], [ -73.835635652952504, 40.577025538302898 ], [ -73.839025358315197, 40.575854442179299 ], [ -73.8414991714682, 40.574999774093399 ], [ -73.843927030344901, 40.574160982571797 ], [ -73.847217203511505, 40.5730242734396 ], [ -73.848958018076203, 40.572422846185503 ], [ -73.853010209462198, 40.571022870342098 ], [ -73.853105822307199, 40.570989837432101 ], [ -73.857179571298303, 40.569582413735503 ], [ -73.863071276520699, 40.567546911410403 ], [ -73.865427742814802, 40.566732785034397 ], [ -73.874713211946002, 40.563524784414497 ], [ -73.878410023296993, 40.562247587437298 ], [ -73.878843, 40.562098 ], [ -73.879439558052198, 40.561936054062997 ], [ -73.89623, 40.557378 ], [ -73.901016066057394, 40.556853256813099 ], [ -73.905141, 40.556401 ], [ -73.937988, 40.543737 ], [ -73.9405193213898, 40.544037309467903 ], [ -73.940542, 40.54404 ] ] ] } }
]
}
